  0
SECTION
  2
HEADER
  9
$ACADVER
  1
AC1032
  9
$ACADMAINTVER
 90
      378
  9
$DWGCODEPAGE
  3
ANSI_1250
  9
$SUBJECT
  1
MicroStation
  9
$AUTHOR
  1
stepa
  9
$LASTSAVEDBY
  1
stepa
  9
$REQUIREDVERSIONS
160
                 0
  9
$INSBASE
 10
0.0
 20
0.0
 30
0.0
  9
$EXTMIN
 10
-565502.361
 20
-1187938.32
 30
0.0
  9
$EXTMAX
 10
-565440.533
 20
-1187874.591
 30
0.0
  9
$LIMMIN
 10
-565649.031763
 20
-1188084.040263
  9
$LIMMAX
 10
-565293.862237
 20
-1187728.870737
  9
$ORTHOMODE
 70
     0
  9
$REGENMODE
 70
     1
  9
$FILLMODE
 70
     1
  9
$QTEXTMODE
 70
     0
  9
$MIRRTEXT
 70
     0
  9
$LTSCALE
 40
1.0
  9
$ATTMODE
 70
     1
  9
$TEXTSIZE
 40
0.7
  9
$TRACEWID
 40
0.05
  9
$TEXTSTYLE
  7
Standard
  9
$CLAYER
  8
Vrstva 6
  9
$CELTYPE
  6
Continuous
  9
$CECOLOR
 62
    14
  9
$CELTSCALE
 40
1.0
  9
$DISPSILH
 70
     0
  9
$DIMSCALE
 40
1.0
  9
$DIMASZ
 40
0.6
  9
$DIMEXO
 40
0.3
  9
$DIMDLI
 40
0.0
  9
$DIMRND
 40
0.0
  9
$DIMDLE
 40
0.0
  9
$DIMEXE
 40
0.3
  9
$DIMTP
 40
0.0
  9
$DIMTM
 40
0.0
  9
$DIMTXT
 40
0.6
  9
$DIMCEN
 40
0.0
  9
$DIMTSZ
 40
0.0
  9
$DIMTOL
 70
     0
  9
$DIMLIM
 70
     0
  9
$DIMTIH
 70
     0
  9
$DIMTOH
 70
     0
  9
$DIMSE1
 70
     1
  9
$DIMSE2
 70
     1
  9
$DIMTAD
 70
     0
  9
$DIMZIN
 70
     3
  9
$DIMBLK
  1
TerminatorOpen_0.5
  9
$DIMASO
 70
     1
  9
$DIMSHO
 70
     1
  9
$DIMPOST
  1

  9
$DIMAPOST
  1

  9
$DIMALT
 70
     0
  9
$DIMALTD
 70
     2
  9
$DIMALTF
 40
0.03937
  9
$DIMLFAC
 40
1.0
  9
$DIMTOFL
 70
     0
  9
$DIMTVP
 40
0.0
  9
$DIMTIX
 70
     0
  9
$DIMSOXD
 70
     0
  9
$DIMSAH
 70
     0
  9
$DIMBLK1
  1

  9
$DIMBLK2
  1

  9
$DIMSTYLE
  2
Standard
  9
$DIMCLRD
 70
     4
  9
$DIMCLRE
 70
     4
  9
$DIMCLRT
 70
     0
  9
$DIMTFAC
 40
1.0
  9
$DIMGAP
 40
0.3
  9
$DIMJUST
 70
     0
  9
$DIMSD1
 70
     0
  9
$DIMSD2
 70
     0
  9
$DIMTOLJ
 70
     1
  9
$DIMTZIN
 70
     3
  9
$DIMALTZ
 70
    15
  9
$DIMALTTZ
 70
    15
  9
$DIMUPT
 70
     1
  9
$DIMDEC
 70
     2
  9
$DIMTDEC
 70
     0
  9
$DIMALTU
 70
     2
  9
$DIMALTTD
 70
     0
  9
$DIMTXSTY
  7
Style-cs_Working
  9
$DIMAUNIT
 70
     0
  9
$DIMADEC
 70
     4
  9
$DIMALTRND
 40
0.0
  9
$DIMAZIN
 70
     3
  9
$DIMDSEP
 70
     0
  9
$DIMATFIT
 70
     1
  9
$DIMFRAC
 70
     0
  9
$DIMLDRBLK
  1
TerminatorOpen_0.5
  9
$DIMLUNIT
 70
     2
  9
$DIMLWD
 70
     0
  9
$DIMLWE
 70
     0
  9
$DIMTMOVE
 70
     0
  9
$DIMFXL
 40
1.0
  9
$DIMFXLON
 70
     0
  9
$DIMJOGANG
 40
0.785398
  9
$DIMTFILL
 70
     0
  9
$DIMTFILLCLR
 70
     0
  9
$DIMARCSYM
 70
     0
  9
$DIMLTYPE
  6
Continuous
  9
$DIMLTEX1
  6
Continuous
  9
$DIMLTEX2
  6
Continuous
  9
$DIMTXTDIRECTION
 70
     0
  9
$LUNITS
 70
     2
  9
$LUPREC
 70
     3
  9
$SKETCHINC
 40
0.1
  9
$FILLETRAD
 40
0.0
  9
$AUNITS
 70
     0
  9
$AUPREC
 70
     2
  9
$MENU
  1
.
  9
$ELEVATION
 40
0.0
  9
$PELEVATION
 40
0.0
  9
$THICKNESS
 40
0.0
  9
$LIMCHECK
 70
     0
  9
$CHAMFERA
 40
0.0
  9
$CHAMFERB
 40
0.0
  9
$CHAMFERC
 40
0.0
  9
$CHAMFERD
 40
0.0
  9
$SKPOLY
 70
     0
  9
$TDCREATE
 40
2454144.819687500
  9
$TDUCREATE
 40
2454144.778024017
  9
$TDUPDATE
 40
2455656.894178241
  9
$TDUUPDATE
 40
2455656.810845671
  9
$TDINDWG
 40
0.0624015625
  9
$TDUSRTIMER
 40
0.0624013773
  9
$USRTIMER
 70
     1
  9
$ANGBASE
 50
0.0
  9
$ANGDIR
 70
     0
  9
$PDMODE
 70
     0
  9
$PDSIZE
 40
0.0
  9
$PLINEWID
 40
0.0
  9
$SPLFRAME
 70
     0
  9
$SPLINETYPE
 70
     6
  9
$SPLINESEGS
 70
     8
  9
$HANDSEED
  5
33CF
  9
$SURFTAB1
 70
     6
  9
$SURFTAB2
 70
     6
  9
$SURFTYPE
 70
     6
  9
$SURFU
 70
     6
  9
$SURFV
 70
     6
  9
$UCSBASE
  2

  9
$UCSNAME
  2

  9
$UCSORG
 10
0.0
 20
0.0
 30
0.0
  9
$UCSXDIR
 10
1.0
 20
0.0
 30
0.0
  9
$UCSYDIR
 10
0.0
 20
1.0
 30
0.0
  9
$UCSORTHOREF
  2

  9
$UCSORTHOVIEW
 70
     0
  9
$UCSORGTOP
 10
0.0
 20
0.0
 30
0.0
  9
$UCSORGBOTTOM
 10
0.0
 20
0.0
 30
0.0
  9
$UCSORGLEFT
 10
0.0
 20
0.0
 30
0.0
  9
$UCSORGRIGHT
 10
0.0
 20
0.0
 30
0.0
  9
$UCSORGFRONT
 10
0.0
 20
0.0
 30
0.0
  9
$UCSORGBACK
 10
0.0
 20
0.0
 30
0.0
  9
$PUCSBASE
  2

  9
$PUCSNAME
  2

  9
$PUCSORG
 10
0.0
 20
0.0
 30
0.0
  9
$PUCSXDIR
 10
1.0
 20
0.0
 30
0.0
  9
$PUCSYDIR
 10
0.0
 20
1.0
 30
0.0
  9
$PUCSORTHOREF
  2

  9
$PUCSORTHOVIEW
 70
     0
  9
$PUCSORGTOP
 10
0.0
 20
0.0
 30
0.0
  9
$PUCSORGBOTTOM
 10
0.0
 20
0.0
 30
0.0
  9
$PUCSORGLEFT
 10
0.0
 20
0.0
 30
0.0
  9
$PUCSORGRIGHT
 10
0.0
 20
0.0
 30
0.0
  9
$PUCSORGFRONT
 10
0.0
 20
0.0
 30
0.0
  9
$PUCSORGBACK
 10
0.0
 20
0.0
 30
0.0
  9
$USERI1
 70
     0
  9
$USERI2
 70
     0
  9
$USERI3
 70
     0
  9
$USERI4
 70
     0
  9
$USERI5
 70
     0
  9
$USERR1
 40
0.0
  9
$USERR2
 40
0.0
  9
$USERR3
 40
0.0
  9
$USERR4
 40
0.0
  9
$USERR5
 40
0.0
  9
$WORLDVIEW
 70
     1
  9
$SHADEDGE
 70
     3
  9
$SHADEDIF
 70
    70
  9
$TILEMODE
 70
     1
  9
$MAXACTVP
 70
    64
  9
$PINSBASE
 10
0.0
 20
0.0
 30
0.0
  9
$PLIMCHECK
 70
     0
  9
$PEXTMIN
 10
1.05
 20
0.8
 30
0.0
  9
$PEXTMAX
 10
9.45
 20
7.2
 30
0.0
  9
$PLIMMIN
 10
-0.25
 20
-0.25
  9
$PLIMMAX
 10
10.75
 20
8.25
  9
$UNITMODE
 70
     0
  9
$VISRETAIN
 70
     1
  9
$PLINEGEN
 70
     0
  9
$PSLTSCALE
 70
     0
  9
$TREEDEPTH
 70
  3020
  9
$CMLSTYLE
  2
Standard
  9
$CMLJUST
 70
     0
  9
$CMLSCALE
 40
1.0
  9
$PROXYGRAPHICS
 70
     1
  9
$MEASUREMENT
 70
     0
  9
$CELWEIGHT
370
    30
  9
$ENDCAPS
280
     0
  9
$JOINSTYLE
280
     0
  9
$LWDISPLAY
290
     1
  9
$INSUNITS
 70
     6
  9
$HYPERLINKBASE
  1

  9
$STYLESHEET
  1

  9
$XEDIT
290
     1
  9
$CEPSNTYPE
380
     0
  9
$PSTYLEMODE
290
     1
  9
$FINGERPRINTGUID
  2
{D8B563F7-E081-6842-AE90-C092349C4E2E}
  9
$VERSIONGUID
  2
{38E7CD85-556C-4D6E-9C4C-B935CE7E055D}
  9
$EXTNAMES
290
     1
  9
$PSVPSCALE
 40
0.0
  9
$OLESTARTUP
290
     0
  9
$SORTENTS
280
   127
  9
$INDEXCTL
280
     0
  9
$HIDETEXT
280
     1
  9
$XCLIPFRAME
280
     0
  9
$HALOGAP
280
     0
  9
$OBSCOLOR
 70
   257
  9
$OBSLTYPE
280
     0
  9
$INTERSECTIONDISPLAY
280
     0
  9
$INTERSECTIONCOLOR
 70
   257
  9
$DIMASSOC
280
     1
  9
$PROJECTNAME
  1

  9
$CAMERADISPLAY
290
     0
  9
$LENSLENGTH
 40
50.0
  9
$CAMERAHEIGHT
 40
0.0
  9
$STEPSPERSEC
 40
2.0
  9
$STEPSIZE
 40
6.0
  9
$3DDWFPREC
 40
2.0
  9
$PSOLWIDTH
 40
0.25
  9
$PSOLHEIGHT
 40
4.0
  9
$LOFTANG1
 40
1.570796
  9
$LOFTANG2
 40
1.570796
  9
$LOFTMAG1
 40
0.0
  9
$LOFTMAG2
 40
0.0
  9
$LOFTPARAM
 70
     7
  9
$LOFTNORMALS
280
     1
  9
$LATITUDE
 40
37.795
  9
$LONGITUDE
 40
-122.394
  9
$NORTHDIRECTION
 40
0.0
  9
$TIMEZONE
 70
 -8000
  9
$LIGHTGLYPHDISPLAY
280
     1
  9
$TILEMODELIGHTSYNCH
280
     1
  9
$CMATERIAL
347
2AA6
  9
$SOLIDHIST
280
     1
  9
$SHOWHIST
280
     1
  9
$DWFFRAME
280
     2
  9
$DGNFRAME
280
     0
  9
$REALWORLDSCALE
290
     1
  9
$INTERFERECOLOR
 62
     1
  9
$INTERFEREOBJVS
345
2AC8
  9
$INTERFEREVPVS
346
2AC9
  9
$CSHADOW
280
     0
  9
$SHADOWPLANELOCATION
 40
0.0
  0
ENDSEC
  0
SECTION
  2
CLASSES
  0
CLASS
  1
ACDBDICTIONARYWDFLT
  2
AcDbDictionaryWithDefault
  3
ObjectDBX Classes
 90
        0
 91
        1
280
     0
281
     0
  0
CLASS
  1
DICTIONARYVAR
  2
AcDbDictionaryVar
  3
ObjectDBX Classes
 90
        0
 91
       11
280
     0
281
     0
  0
CLASS
  1
TABLESTYLE
  2
AcDbTableStyle
  3
ObjectDBX Classes
 90
     4095
 91
        1
280
     0
281
     0
  0
CLASS
  1
MATERIAL
  2
AcDbMaterial
  3
ObjectDBX Classes
 90
     1153
 91
        3
280
     0
281
     0
  0
CLASS
  1
VISUALSTYLE
  2
AcDbVisualStyle
  3
ObjectDBX Classes
 90
     4095
 91
       24
280
     0
281
     0
  0
CLASS
  1
SCALE
  2
AcDbScale
  3
ObjectDBX Classes
 90
     1153
 91
       33
280
     0
281
     0
  0
CLASS
  1
MLEADERSTYLE
  2
AcDbMLeaderStyle
  3
ACDB_MLEADERSTYLE_CLASS
 90
     4095
 91
        1
280
     0
281
     0
  0
CLASS
  1
EXACXREFPANELOBJECT
  2
ExAcXREFPanelObject
  3
EXAC_ESW
 90
     1025
 91
        0
280
     1
281
     0
  0
CLASS
  1
NPOCOLLECTION
  2
AcDbImpNonPersistentObjectsCollection
  3
ObjectDBX Classes
 90
     1153
 91
        0
280
     0
281
     0
  0
CLASS
  1
CELLSTYLEMAP
  2
AcDbCellStyleMap
  3
ObjectDBX Classes
 90
     1152
 91
        2
280
     0
281
     0
  0
CLASS
  1
ACDBSECTIONVIEWSTYLE
  2
AcDbSectionViewStyle
  3
ObjectDBX Classes
 90
     1025
 91
        1
280
     0
281
     0
  0
CLASS
  1
ACDBDETAILVIEWSTYLE
  2
AcDbDetailViewStyle
  3
ObjectDBX Classes
 90
     1025
 91
        1
280
     0
281
     0
  0
ENDSEC
  0
SECTION
  2
TABLES
  0
TABLE
  2
VPORT
  5
2A9A
330
0
100
AcDbSymbolTable
 70
     1
  0
VPORT
  5
4B
330
2A9A
100
AcDbSymbolTableRecord
100
AcDbViewportTableRecord
  2
*ACTIVE
 70
     0
 10
0.0
 20
0.0
 11
1.0
 21
1.0
 12
-1314846.510466
 22
-45360.746954
 13
0.0
 23
0.0
 14
0.01
 24
0.01
 15
1.0
 25
1.0
 16
0.0
 26
0.0
 36
1.0
 17
0.0
 27
0.0
 37
0.0
 40
36.85471
 41
2.138533
 42
50.0
 43
0.0
 44
0.0
 50
0.0
 51
297.431426
 71
     0
 72
 20000
 73
     1
 74
     0
 75
     0
 76
     0
 77
     0
 78
     1
281
     0
 65
     1
110
0.0
120
0.0
130
0.0
111
-1.0
121
0.0000000000000001
131
0.0
112
-0.0000000000000001
122
-1.0
132
0.0
 79
     0
146
0.0
348
2A9C
 60
     3
 61
    10
292
     0
282
     1
141
0.0
142
0.0
 63
     7
421
 16777215
  0
ENDTAB
  0
TABLE
  2
LTYPE
  5
2A95
330
0
100
AcDbSymbolTable
 70
     1
  0
LTYPE
  5
2A96
330
2A95
100
AcDbSymbolTableRecord
100
AcDbLinetypeTableRecord
  2
ByBlock
 70
     0
  3

 72
    65
 73
     0
 40
0.0
  0
LTYPE
  5
2A97
330
2A95
100
AcDbSymbolTableRecord
100
AcDbLinetypeTableRecord
  2
ByLayer
 70
     0
  3

 72
    65
 73
     0
 40
0.0
  0
LTYPE
  5
2A82
330
2A95
100
AcDbSymbolTableRecord
100
AcDbLinetypeTableRecord
  2
Continuous
 70
     0
  3
Solid line
 72
    65
 73
     0
 40
0.0
  0
ENDTAB
  0
TABLE
  2
LAYER
  5
2A8F
102
{ACAD_XDICTIONARY
360
2A90
102
}
330
0
100
AcDbSymbolTable
 70
    67
  0
LAYER
  5
2A73
102
{ACAD_XDICTIONARY
360
2A74
102
}
330
2A8F
100
AcDbSymbolTableRecord
100
AcDbLayerTableRecord
  2
0
 70
     0
 62
     7
  6
Continuous
370
    -3
390
2A76
347
2A79
348
0
1001
AcCmTransparency
1071
 33554687
  0
LAYER
  5
6
330
2A8F
100
AcDbSymbolTableRecord
100
AcDbLayerTableRecord
  2
Vrstva 1
 70
     0
 62
     7
  6
Continuous
370
     0
390
2A76
347
2A79
348
0
1001
AcCmTransparency
1071
 33554687
  0
LAYER
  5
7
330
2A8F
100
AcDbSymbolTableRecord
100
AcDbLayerTableRecord
  2
Vrstva 2
 70
     0
 62
     7
  6
Continuous
370
     0
390
2A76
347
2A79
348
0
1001
AcCmTransparency
1071
 33554687
  0
LAYER
  5
8
330
2A8F
100
AcDbSymbolTableRecord
100
AcDbLayerTableRecord
  2
Vrstva 3
 70
     0
 62
     7
  6
Continuous
370
     0
390
2A76
347
2A79
348
0
1001
AcCmTransparency
1071
 33554687
  0
LAYER
  5
9
330
2A8F
100
AcDbSymbolTableRecord
100
AcDbLayerTableRecord
  2
Vrstva 4
 70
     0
 62
     7
  6
Continuous
370
     0
390
2A76
347
2A79
348
0
1001
AcCmTransparency
1071
 33554687
  0
LAYER
  5
A
330
2A8F
100
AcDbSymbolTableRecord
100
AcDbLayerTableRecord
  2
Vrstva 5
 70
     0
 62
     7
  6
Continuous
370
     0
390
2A76
347
2A79
348
0
1001
AcCmTransparency
1071
 33554687
  0
LAYER
  5
B
330
2A8F
100
AcDbSymbolTableRecord
100
AcDbLayerTableRecord
  2
Vrstva 6
 70
     0
 62
     7
  6
Continuous
370
     0
390
2A76
347
2A79
348
0
1001
AcCmTransparency
1071
 33554687
  0
LAYER
  5
C
330
2A8F
100
AcDbSymbolTableRecord
100
AcDbLayerTableRecord
  2
Vrstva 7
 70
     0
 62
     7
  6
Continuous
370
     0
390
2A76
347
2A79
348
0
1001
AcCmTransparency
1071
 33554687
  0
LAYER
  5
D
330
2A8F
100
AcDbSymbolTableRecord
100
AcDbLayerTableRecord
  2
Vrstva 8
 70
     0
 62
     7
  6
Continuous
370
     0
390
2A76
347
2A79
348
0
1001
AcCmTransparency
1071
 33554687
  0
LAYER
  5
E
330
2A8F
100
AcDbSymbolTableRecord
100
AcDbLayerTableRecord
  2
Vrstva 9
 70
     0
 62
     7
  6
Continuous
370
     0
390
2A76
347
2A79
348
0
1001
AcCmTransparency
1071
 33554687
  0
LAYER
  5
F
330
2A8F
100
AcDbSymbolTableRecord
100
AcDbLayerTableRecord
  2
Vrstva 10
 70
     0
 62
     7
  6
Continuous
370
     0
390
2A76
347
2A79
348
0
1001
AcCmTransparency
1071
 33554687
  0
LAYER
  5
10
330
2A8F
100
AcDbSymbolTableRecord
100
AcDbLayerTableRecord
  2
Vrstva 11
 70
     0
 62
     7
  6
Continuous
370
     0
390
2A76
347
2A79
348
0
1001
AcCmTransparency
1071
 33554687
  0
LAYER
  5
11
330
2A8F
100
AcDbSymbolTableRecord
100
AcDbLayerTableRecord
  2
Vrstva 12
 70
     0
 62
     7
  6
Continuous
370
     0
390
2A76
347
2A79
348
0
1001
AcCmTransparency
1071
 33554687
  0
LAYER
  5
12
330
2A8F
100
AcDbSymbolTableRecord
100
AcDbLayerTableRecord
  2
Vrstva 13
 70
     0
 62
     7
  6
Continuous
370
     0
390
2A76
347
2A79
348
0
1001
AcCmTransparency
1071
 33554687
  0
LAYER
  5
13
330
2A8F
100
AcDbSymbolTableRecord
100
AcDbLayerTableRecord
  2
Vrstva 14
 70
     0
 62
     7
  6
Continuous
370
     0
390
2A76
347
2A79
348
0
1001
AcCmTransparency
1071
 33554687
  0
LAYER
  5
14
330
2A8F
100
AcDbSymbolTableRecord
100
AcDbLayerTableRecord
  2
Vrstva 15
 70
     0
 62
     7
  6
Continuous
370
     0
390
2A76
347
2A79
348
0
1001
AcCmTransparency
1071
 33554687
  0
LAYER
  5
15
330
2A8F
100
AcDbSymbolTableRecord
100
AcDbLayerTableRecord
  2
Vrstva 16
 70
     0
 62
     7
  6
Continuous
370
     0
390
2A76
347
2A79
348
0
1001
AcCmTransparency
1071
 33554687
  0
LAYER
  5
16
330
2A8F
100
AcDbSymbolTableRecord
100
AcDbLayerTableRecord
  2
Vrstva 17
 70
     0
 62
     7
  6
Continuous
370
     0
390
2A76
347
2A79
348
0
1001
AcCmTransparency
1071
 33554687
  0
LAYER
  5
17
330
2A8F
100
AcDbSymbolTableRecord
100
AcDbLayerTableRecord
  2
Vrstva 18
 70
     0
 62
     7
  6
Continuous
370
     0
390
2A76
347
2A79
348
0
1001
AcCmTransparency
1071
 33554687
  0
LAYER
  5
18
330
2A8F
100
AcDbSymbolTableRecord
100
AcDbLayerTableRecord
  2
Vrstva 19
 70
     0
 62
     7
  6
Continuous
370
     0
390
2A76
347
2A79
348
0
1001
AcCmTransparency
1071
 33554687
  0
LAYER
  5
19
330
2A8F
100
AcDbSymbolTableRecord
100
AcDbLayerTableRecord
  2
Vrstva 20
 70
     0
 62
     7
  6
Continuous
370
     0
390
2A76
347
2A79
348
0
1001
AcCmTransparency
1071
 33554687
  0
LAYER
  5
1A
330
2A8F
100
AcDbSymbolTableRecord
100
AcDbLayerTableRecord
  2
Vrstva 21
 70
     0
 62
     7
  6
Continuous
370
     0
390
2A76
347
2A79
348
0
1001
AcCmTransparency
1071
 33554687
  0
LAYER
  5
1B
330
2A8F
100
AcDbSymbolTableRecord
100
AcDbLayerTableRecord
  2
Vrstva 22
 70
     0
 62
     7
  6
Continuous
370
     0
390
2A76
347
2A79
348
0
1001
AcCmTransparency
1071
 33554687
  0
LAYER
  5
1C
330
2A8F
100
AcDbSymbolTableRecord
100
AcDbLayerTableRecord
  2
Vrstva 23
 70
     0
 62
     7
  6
Continuous
370
     0
390
2A76
347
2A79
348
0
1001
AcCmTransparency
1071
 33554687
  0
LAYER
  5
1D
330
2A8F
100
AcDbSymbolTableRecord
100
AcDbLayerTableRecord
  2
Vrstva 24
 70
     0
 62
     7
  6
Continuous
370
     0
390
2A76
347
2A79
348
0
1001
AcCmTransparency
1071
 33554687
  0
LAYER
  5
1E
330
2A8F
100
AcDbSymbolTableRecord
100
AcDbLayerTableRecord
  2
Vrstva 25
 70
     0
 62
     7
  6
Continuous
370
     0
390
2A76
347
2A79
348
0
1001
AcCmTransparency
1071
 33554687
  0
LAYER
  5
1F
330
2A8F
100
AcDbSymbolTableRecord
100
AcDbLayerTableRecord
  2
Vrstva 26
 70
     0
 62
     7
  6
Continuous
370
     0
390
2A76
347
2A79
348
0
1001
AcCmTransparency
1071
 33554687
  0
LAYER
  5
20
330
2A8F
100
AcDbSymbolTableRecord
100
AcDbLayerTableRecord
  2
Vrstva 27
 70
     0
 62
     7
  6
Continuous
370
     0
390
2A76
347
2A79
348
0
1001
AcCmTransparency
1071
 33554687
  0
LAYER
  5
21
330
2A8F
100
AcDbSymbolTableRecord
100
AcDbLayerTableRecord
  2
Vrstva 28
 70
     0
 62
     7
  6
Continuous
370
     0
390
2A76
347
2A79
348
0
1001
AcCmTransparency
1071
 33554687
  0
LAYER
  5
22
330
2A8F
100
AcDbSymbolTableRecord
100
AcDbLayerTableRecord
  2
Vrstva 29
 70
     0
 62
     7
  6
Continuous
370
     0
390
2A76
347
2A79
348
0
1001
AcCmTransparency
1071
 33554687
  0
LAYER
  5
23
330
2A8F
100
AcDbSymbolTableRecord
100
AcDbLayerTableRecord
  2
Vrstva 30
 70
     0
 62
     7
  6
Continuous
370
     0
390
2A76
347
2A79
348
0
1001
AcCmTransparency
1071
 33554687
  0
LAYER
  5
24
330
2A8F
100
AcDbSymbolTableRecord
100
AcDbLayerTableRecord
  2
Vrstva 31
 70
     0
 62
     7
  6
Continuous
370
     0
390
2A76
347
2A79
348
0
1001
AcCmTransparency
1071
 33554687
  0
LAYER
  5
25
330
2A8F
100
AcDbSymbolTableRecord
100
AcDbLayerTableRecord
  2
Vrstva 32
 70
     0
 62
     7
  6
Continuous
370
     0
390
2A76
347
2A79
348
0
1001
AcCmTransparency
1071
 33554687
  0
LAYER
  5
26
330
2A8F
100
AcDbSymbolTableRecord
100
AcDbLayerTableRecord
  2
Vrstva 33
 70
     0
 62
     7
  6
Continuous
370
     0
390
2A76
347
2A79
348
0
1001
AcCmTransparency
1071
 33554687
  0
LAYER
  5
27
330
2A8F
100
AcDbSymbolTableRecord
100
AcDbLayerTableRecord
  2
Vrstva 34
 70
     0
 62
     7
  6
Continuous
370
     0
390
2A76
347
2A79
348
0
1001
AcCmTransparency
1071
 33554687
  0
LAYER
  5
28
330
2A8F
100
AcDbSymbolTableRecord
100
AcDbLayerTableRecord
  2
Vrstva 35
 70
     0
 62
     7
  6
Continuous
370
     0
390
2A76
347
2A79
348
0
1001
AcCmTransparency
1071
 33554687
  0
LAYER
  5
29
330
2A8F
100
AcDbSymbolTableRecord
100
AcDbLayerTableRecord
  2
Vrstva 36
 70
     0
 62
     7
  6
Continuous
370
     0
390
2A76
347
2A79
348
0
1001
AcCmTransparency
1071
 33554687
  0
LAYER
  5
2A
330
2A8F
100
AcDbSymbolTableRecord
100
AcDbLayerTableRecord
  2
Vrstva 37
 70
     0
 62
     7
  6
Continuous
370
     0
390
2A76
347
2A79
348
0
1001
AcCmTransparency
1071
 33554687
  0
LAYER
  5
2B
330
2A8F
100
AcDbSymbolTableRecord
100
AcDbLayerTableRecord
  2
Vrstva 38
 70
     0
 62
     7
  6
Continuous
370
     0
390
2A76
347
2A79
348
0
1001
AcCmTransparency
1071
 33554687
  0
LAYER
  5
2C
330
2A8F
100
AcDbSymbolTableRecord
100
AcDbLayerTableRecord
  2
Vrstva 39
 70
     0
 62
     7
  6
Continuous
370
     0
390
2A76
347
2A79
348
0
1001
AcCmTransparency
1071
 33554687
  0
LAYER
  5
2D
330
2A8F
100
AcDbSymbolTableRecord
100
AcDbLayerTableRecord
  2
Vrstva 40
 70
     0
 62
     7
  6
Continuous
370
     0
390
2A76
347
2A79
348
0
1001
AcCmTransparency
1071
 33554687
  0
LAYER
  5
2E
330
2A8F
100
AcDbSymbolTableRecord
100
AcDbLayerTableRecord
  2
Vrstva 41
 70
     0
 62
     7
  6
Continuous
370
     0
390
2A76
347
2A79
348
0
1001
AcCmTransparency
1071
 33554687
  0
LAYER
  5
2F
330
2A8F
100
AcDbSymbolTableRecord
100
AcDbLayerTableRecord
  2
Vrstva 42
 70
     0
 62
     7
  6
Continuous
370
     0
390
2A76
347
2A79
348
0
1001
AcCmTransparency
1071
 33554687
  0
LAYER
  5
30
330
2A8F
100
AcDbSymbolTableRecord
100
AcDbLayerTableRecord
  2
Vrstva 43
 70
     0
 62
     7
  6
Continuous
370
     0
390
2A76
347
2A79
348
0
1001
AcCmTransparency
1071
 33554687
  0
LAYER
  5
31
330
2A8F
100
AcDbSymbolTableRecord
100
AcDbLayerTableRecord
  2
Vrstva 44
 70
     0
 62
     7
  6
Continuous
370
     0
390
2A76
347
2A79
348
0
1001
AcCmTransparency
1071
 33554687
  0
LAYER
  5
32
330
2A8F
100
AcDbSymbolTableRecord
100
AcDbLayerTableRecord
  2
Vrstva 45
 70
     0
 62
     7
  6
Continuous
370
     0
390
2A76
347
2A79
348
0
1001
AcCmTransparency
1071
 33554687
  0
LAYER
  5
33
330
2A8F
100
AcDbSymbolTableRecord
100
AcDbLayerTableRecord
  2
Vrstva 46
 70
     0
 62
     7
  6
Continuous
370
     0
390
2A76
347
2A79
348
0
1001
AcCmTransparency
1071
 33554687
  0
LAYER
  5
34
330
2A8F
100
AcDbSymbolTableRecord
100
AcDbLayerTableRecord
  2
Vrstva 47
 70
     0
 62
     7
  6
Continuous
370
     0
390
2A76
347
2A79
348
0
1001
AcCmTransparency
1071
 33554687
  0
LAYER
  5
35
330
2A8F
100
AcDbSymbolTableRecord
100
AcDbLayerTableRecord
  2
Vrstva 48
 70
     0
 62
     7
  6
Continuous
370
     0
390
2A76
347
2A79
348
0
1001
AcCmTransparency
1071
 33554687
  0
LAYER
  5
36
330
2A8F
100
AcDbSymbolTableRecord
100
AcDbLayerTableRecord
  2
Vrstva 49
 70
     0
 62
     7
  6
Continuous
370
     0
390
2A76
347
2A79
348
0
1001
AcCmTransparency
1071
 33554687
  0
LAYER
  5
37
330
2A8F
100
AcDbSymbolTableRecord
100
AcDbLayerTableRecord
  2
Vrstva 50
 70
     0
 62
     7
  6
Continuous
370
     0
390
2A76
347
2A79
348
0
1001
AcCmTransparency
1071
 33554687
  0
LAYER
  5
38
330
2A8F
100
AcDbSymbolTableRecord
100
AcDbLayerTableRecord
  2
Vrstva 51
 70
     0
 62
     7
  6
Continuous
370
     0
390
2A76
347
2A79
348
0
1001
AcCmTransparency
1071
 33554687
  0
LAYER
  5
39
330
2A8F
100
AcDbSymbolTableRecord
100
AcDbLayerTableRecord
  2
Vrstva 52
 70
     0
 62
     7
  6
Continuous
370
     0
390
2A76
347
2A79
348
0
1001
AcCmTransparency
1071
 33554687
  0
LAYER
  5
3A
330
2A8F
100
AcDbSymbolTableRecord
100
AcDbLayerTableRecord
  2
Vrstva 53
 70
     0
 62
     7
  6
Continuous
370
     0
390
2A76
347
2A79
348
0
1001
AcCmTransparency
1071
 33554687
  0
LAYER
  5
3B
330
2A8F
100
AcDbSymbolTableRecord
100
AcDbLayerTableRecord
  2
Vrstva 54
 70
     0
 62
     7
  6
Continuous
370
     0
390
2A76
347
2A79
348
0
1001
AcCmTransparency
1071
 33554687
  0
LAYER
  5
3C
330
2A8F
100
AcDbSymbolTableRecord
100
AcDbLayerTableRecord
  2
Vrstva 55
 70
     0
 62
     7
  6
Continuous
370
     0
390
2A76
347
2A79
348
0
1001
AcCmTransparency
1071
 33554687
  0
LAYER
  5
3D
330
2A8F
100
AcDbSymbolTableRecord
100
AcDbLayerTableRecord
  2
Vrstva 56
 70
     0
 62
     7
  6
Continuous
370
     0
390
2A76
347
2A79
348
0
1001
AcCmTransparency
1071
 33554687
  0
LAYER
  5
3E
330
2A8F
100
AcDbSymbolTableRecord
100
AcDbLayerTableRecord
  2
Vrstva 57
 70
     0
 62
     7
  6
Continuous
370
     0
390
2A76
347
2A79
348
0
1001
AcCmTransparency
1071
 33554687
  0
LAYER
  5
3F
330
2A8F
100
AcDbSymbolTableRecord
100
AcDbLayerTableRecord
  2
Vrstva 58
 70
     0
 62
     7
  6
Continuous
370
     0
390
2A76
347
2A79
348
0
1001
AcCmTransparency
1071
 33554687
  0
LAYER
  5
40
330
2A8F
100
AcDbSymbolTableRecord
100
AcDbLayerTableRecord
  2
Vrstva 59
 70
     0
 62
     7
  6
Continuous
370
     0
390
2A76
347
2A79
348
0
1001
AcCmTransparency
1071
 33554687
  0
LAYER
  5
41
330
2A8F
100
AcDbSymbolTableRecord
100
AcDbLayerTableRecord
  2
Vrstva 60
 70
     0
 62
     7
  6
Continuous
370
     0
390
2A76
347
2A79
348
0
1001
AcCmTransparency
1071
 33554687
  0
LAYER
  5
42
330
2A8F
100
AcDbSymbolTableRecord
100
AcDbLayerTableRecord
  2
Vrstva 61
 70
     0
 62
     7
  6
Continuous
370
     0
390
2A76
347
2A79
348
0
1001
AcCmTransparency
1071
 33554687
  0
LAYER
  5
43
330
2A8F
100
AcDbSymbolTableRecord
100
AcDbLayerTableRecord
  2
Vrstva 62
 70
     0
 62
     7
  6
Continuous
370
     0
390
2A76
347
2A79
348
0
1001
AcCmTransparency
1071
 33554687
  0
LAYER
  5
44
330
2A8F
100
AcDbSymbolTableRecord
100
AcDbLayerTableRecord
  2
Vrstva 63
 70
     0
 62
     7
  6
Continuous
370
     0
390
2A76
347
2A79
348
0
1001
AcCmTransparency
1071
 33554687
  0
LAYER
  5
E7
330
2A8F
100
AcDbSymbolTableRecord
100
AcDbLayerTableRecord
  2
podrobných bodů polohopisu
 70
     0
 62
     7
  6
Continuous
370
     0
390
2A76
347
2A79
348
0
1001
AcCmTransparency
1071
 33554687
  0
LAYER
  5
A1
330
2A8F
100
AcDbSymbolTableRecord
100
AcDbLayerTableRecord
  2
body polohopisu
 70
     0
 62
     7
  6
Continuous
370
     0
390
2A76
347
2A79
348
0
1001
AcCmTransparency
1071
 33554687
  0
LAYER
  5
12C
330
2A8F
100
AcDbSymbolTableRecord
100
AcDbLayerTableRecord
  2
výška podrobných bodů polohopisu
 70
     0
 62
     7
  6
Continuous
370
     0
390
2A76
347
2A79
348
0
1001
AcCmTransparency
1071
 33554687
  0
ENDTAB
  0
TABLE
  2
STYLE
  5
2A92
330
0
100
AcDbSymbolTable
 70
     2
  0
STYLE
  5
2A93
330
2A92
100
AcDbSymbolTableRecord
100
AcDbTextStyleTableRecord
  2
Standard
 70
     0
 40
0.0
 41
1.0
 50
0.0
 71
     0
 42
0.7
  3
txt
  4

  0
STYLE
  5
2AF2
330
2A92
100
AcDbSymbolTableRecord
100
AcDbTextStyleTableRecord
  2
Style-cs_Working
 70
     0
 40
0.0
 41
1.0
 50
0.0
 71
     0
 42
0.7
  3
cs_Working.shx
  4

  0
ENDTAB
  0
TABLE
  2
VIEW
  5
2A98
330
0
100
AcDbSymbolTable
 70
     0
  0
ENDTAB
  0
TABLE
  2
UCS
  5
2A99
330
0
100
AcDbSymbolTable
 70
     1
  0
UCS
  5
5D
330
2A99
100
AcDbSymbolTableRecord
100
AcDbUCSTableRecord
  2
JTSK
 70
     0
 10
0.0
 20
0.0
 30
0.0
 11
-1.0
 21
0.0000000000000001
 31
0.0
 12
-0.0000000000000001
 22
-1.0
 32
0.0
 79
     0
146
0.0
  0
ENDTAB
  0
TABLE
  2
APPID
  5
2A9E
330
0
100
AcDbSymbolTable
 70
     4
  0
APPID
  5
2A9F
330
2A9E
100
AcDbSymbolTableRecord
100
AcDbRegAppTableRecord
  2
ACAD
 70
     0
  0
APPID
  5
2A8E
330
2A9E
100
AcDbSymbolTableRecord
100
AcDbRegAppTableRecord
  2
ACAD_PSEXT
 70
     0
  0
APPID
  5
2AED
330
2A9E
100
AcDbSymbolTableRecord
100
AcDbRegAppTableRecord
  2
AcCmTransparency
 70
     0
  0
APPID
  5
2AF1
330
2A9E
100
AcDbSymbolTableRecord
100
AcDbRegAppTableRecord
  2
AcadAnnotative
 70
     0
  0
ENDTAB
  0
TABLE
  2
DIMSTYLE
  5
2AA0
330
0
100
AcDbSymbolTable
 70
     1
100
AcDbDimStyleTable
 71
     1
340
2AA1
  0
DIMSTYLE
105
2AA1
330
2AA0
100
AcDbSymbolTableRecord
100
AcDbDimStyleTableRecord
  2
Standard
 70
     0
340
2A93
  0
ENDTAB
  0
TABLE
  2
BLOCK_RECORD
  5
2A70
330
0
100
AcDbSymbolTable
 70
     3
  0
BLOCK_RECORD
  5
2A71
330
2A70
100
AcDbSymbolTableRecord
100
AcDbBlockTableRecord
  2
*Model_Space
340
2A84
 70
     0
280
     1
281
     0
  0
BLOCK_RECORD
  5
2A88
330
2A70
100
AcDbSymbolTableRecord
100
AcDbBlockTableRecord
  2
*Paper_Space
340
2A8B
 70
     0
280
     1
281
     0
  0
BLOCK_RECORD
  5
2AF3
330
2A70
100
AcDbSymbolTableRecord
100
AcDbBlockTableRecord
  2
TerminatorOpen_0.5
340
0
 70
     0
280
     1
281
     0
  0
BLOCK_RECORD
  5
2AFC
330
2A70
100
AcDbSymbolTableRecord
100
AcDbBlockTableRecord
  2
3.13
340
0
102
{BLKREFS
331
2A08
331
2A0E
331
2A14
102
}
 70
     0
280
     1
281
     0
  0
BLOCK_RECORD
  5
2AFF
330
2A70
100
AcDbSymbolTableRecord
100
AcDbBlockTableRecord
  2
6.01A
340
0
102
{BLKREFS
331
2A1A
331
2A20
331
2A26
331
2A2C
331
2A32
102
}
 70
     0
280
     1
281
     0
  0
ENDTAB
  0
ENDSEC
  0
SECTION
  2
BLOCKS
  0
BLOCK
  5
2A72
330
2A71
100
AcDbEntity
  8
0
100
AcDbBlockBegin
  2
*Model_Space
 70
     0
 10
0.0
 20
0.0
 30
0.0
  3
*Model_Space
  1

  0
ENDBLK
  5
2A83
330
2A71
100
AcDbEntity
  8
0
100
AcDbBlockEnd
  0
BLOCK
  5
2A89
330
2A88
100
AcDbEntity
 67
     1
  8
0
100
AcDbBlockBegin
  2
*Paper_Space
 70
     0
 10
0.0
 20
0.0
 30
0.0
  3
*Paper_Space
  1

  0
ENDBLK
  5
2A8A
330
2A88
100
AcDbEntity
 67
     1
  8
0
100
AcDbBlockEnd
  0
BLOCK
  5
2AF7
330
2AF3
100
AcDbEntity
  8
0
 62
    14
370
    30
100
AcDbBlockBegin
  2
TerminatorOpen_0.5
 70
     0
 10
0.0
 20
0.0
 30
0.0
  3
TerminatorOpen_0.5
  1

  0
LINE
  5
2AF4
330
2AF3
100
AcDbEntity
  8
0
  6
ByBlock
 62
     0
370
    -2
100
AcDbLine
 10
0.0
 20
0.0
 30
0.0
 11
-1.0
 21
0.0
 31
0.0
  0
LINE
  5
2AF5
330
2AF3
100
AcDbEntity
  8
0
  6
ByBlock
 62
     0
370
    -2
100
AcDbLine
 10
0.0
 20
0.0
 30
0.0
 11
-1.0
 21
0.25
 31
0.0
  0
LINE
  5
2AF6
330
2AF3
100
AcDbEntity
  8
0
  6
ByBlock
 62
     0
370
    -2
100
AcDbLine
 10
0.0
 20
0.0
 30
0.0
 11
-1.0
 21
-0.25
 31
0.0
  0
ENDBLK
  5
2AF8
330
2AF3
100
AcDbEntity
  8
0
 62
    14
370
    30
100
AcDbBlockEnd
  0
BLOCK
  5
2AFD
330
2AFC
100
AcDbEntity
  8
0
 62
    14
370
    30
100
AcDbBlockBegin
  2
3.13
 70
     0
 10
0.0
 20
0.0
 30
0.0
  3
3.13
  1

  0
ARC
  5
2A09
330
2AFC
100
AcDbEntity
  8
Vrstva 22
  6
Continuous
 62
     3
370
     0
100
AcDbCircle
 10
0.0
 20
0.5
 30
0.0
 40
0.5
210
0.0
220
0.0
230
-1.0
100
AcDbArc
 50
0.0
 51
180.0
  0
ARC
  5
2A0A
330
2AFC
100
AcDbEntity
  8
Vrstva 22
  6
Continuous
 62
     3
370
     0
100
AcDbCircle
 10
-0.5
 20
0.0
 30
0.0
 40
0.5
210
0.0
220
0.0
230
-1.0
100
AcDbArc
 50
90.0
 51
270.0
  0
ARC
  5
2A0B
330
2AFC
100
AcDbEntity
  8
Vrstva 22
  6
Continuous
 62
     3
370
     0
100
AcDbCircle
 10
0.0
 20
-0.5
 30
0.0
 40
0.5
210
0.0
220
0.0
230
-1.0
100
AcDbArc
 50
180.0
 51
0.0
  0
ARC
  5
2A0C
330
2AFC
100
AcDbEntity
  8
Vrstva 22
  6
Continuous
 62
     3
370
     0
100
AcDbCircle
 10
0.5
 20
0.0
 30
0.0
 40
0.5
210
0.0
220
0.0
230
-1.0
100
AcDbArc
 50
270.0
 51
90.0
  0
CIRCLE
  5
2A0D
330
2AFC
100
AcDbEntity
  8
Vrstva 22
  6
Continuous
 62
     3
370
     0
100
AcDbCircle
 10
0.0
 20
0.0
 30
0.0
 40
0.05
  0
ENDBLK
  5
2AFE
330
2AFC
100
AcDbEntity
  8
0
 62
    14
370
    30
100
AcDbBlockEnd
  0
BLOCK
  5
2B00
330
2AFF
100
AcDbEntity
  8
0
 62
    14
370
    30
100
AcDbBlockBegin
  2
6.01A
 70
     0
 10
0.0
 20
0.0
 30
0.0
  3
6.01A
  1

  0
CIRCLE
  5
2A1B
330
2AFF
100
AcDbEntity
  8
Vrstva 25
  6
Continuous
 62
    12
370
     0
100
AcDbCircle
 10
0.0
 20
0.0
 30
0.0
 40
0.25
  0
CIRCLE
  5
2A1C
330
2AFF
100
AcDbEntity
  8
Vrstva 25
  6
Continuous
 62
    12
370
     0
100
AcDbCircle
 10
0.0
 20
0.0
 30
0.0
 40
0.2
  0
CIRCLE
  5
2A1D
330
2AFF
100
AcDbEntity
  8
Vrstva 25
  6
Continuous
 62
    12
370
     0
100
AcDbCircle
 10
0.0
 20
0.0
 30
0.0
 40
0.15
  0
CIRCLE
  5
2A1E
330
2AFF
100
AcDbEntity
  8
Vrstva 25
  6
Continuous
 62
    12
370
     0
100
AcDbCircle
 10
0.0
 20
0.0
 30
0.0
 40
0.1
  0
CIRCLE
  5
2A1F
330
2AFF
100
AcDbEntity
  8
Vrstva 25
  6
Continuous
 62
    12
370
     0
100
AcDbCircle
 10
0.0
 20
0.0
 30
0.0
 40
0.05
  0
ENDBLK
  5
2B01
330
2AFF
100
AcDbEntity
  8
0
 62
    14
370
    30
100
AcDbBlockEnd
  0
ENDSEC
  0
SECTION
  2
ENTITIES
  0
POINT
  5
28C9
330
2A71
100
AcDbEntity
  8
Vrstva 58
  6
Continuous
 62
     7
370
    30
100
AcDbPoint
 10
-565501.41
 20
-1187927.4
 30
0.0
  0
TEXT
  5
28CA
330
2A71
100
AcDbEntity
  8
Vrstva 59
  6
Continuous
 62
    32
370
     0
100
AcDbText
 10
-565501.405382
 20
-1187927.108507
 30
0.0
 40
0.75
  1
1
 50
58.084
  7
Style-cs_Working
 11
-565502.042
 21
-1187926.712
 31
0.0
100
AcDbText
 73
     3
  0
POINT
  5
28CB
330
2A71
100
AcDbEntity
  8
Vrstva 58
  6
Continuous
 62
     7
370
    30
100
AcDbPoint
 10
-565492.18
 20
-1187931.27
 30
0.0
  0
TEXT
  5
28CC
330
2A71
100
AcDbEntity
  8
Vrstva 59
  6
Continuous
 62
    32
370
     0
100
AcDbText
 10
-565492.175382
 20
-1187930.978507
 30
0.0
 40
0.75
  1
2
 50
58.084
  7
Style-cs_Working
 11
-565492.812
 21
-1187930.582
 31
0.0
100
AcDbText
 73
     3
  0
POINT
  5
28CD
330
2A71
100
AcDbEntity
  8
Vrstva 58
  6
Continuous
 62
     7
370
    30
100
AcDbPoint
 10
-565480.29
 20
-1187928.16
 30
0.0
  0
TEXT
  5
28CE
330
2A71
100
AcDbEntity
  8
Vrstva 59
  6
Continuous
 62
    32
370
     0
100
AcDbText
 10
-565480.285382
 20
-1187927.868507
 30
0.0
 40
0.75
  1
3
 50
58.084
  7
Style-cs_Working
 11
-565480.922
 21
-1187927.472
 31
0.0
100
AcDbText
 73
     3
  0
POINT
  5
28CF
330
2A71
100
AcDbEntity
  8
Vrstva 58
  6
Continuous
 62
     7
370
    30
100
AcDbPoint
 10
-565474.47
 20
-1187934.21
 30
0.0
  0
TEXT
  5
28D0
330
2A71
100
AcDbEntity
  8
Vrstva 59
  6
Continuous
 62
    32
370
     0
100
AcDbText
 10
-565474.465382
 20
-1187933.918507
 30
0.0
 40
0.75
  1
4
 50
58.084
  7
Style-cs_Working
 11
-565475.102
 21
-1187933.522
 31
0.0
100
AcDbText
 73
     3
  0
POINT
  5
28D1
330
2A71
100
AcDbEntity
  8
Vrstva 58
  6
Continuous
 62
     7
370
    30
100
AcDbPoint
 10
-565458.78
 20
-1187877.93
 30
0.0
  0
TEXT
  5
28D2
330
2A71
100
AcDbEntity
  8
Vrstva 59
  6
Continuous
 62
    32
370
     0
100
AcDbText
 10
-565458.775382
 20
-1187877.638507
 30
0.0
 40
0.75
  1
14
 50
58.084
  7
Style-cs_Working
 11
-565459.412
 21
-1187877.242
 31
0.0
100
AcDbText
 73
     3
  0
POINT
  5
28D3
330
2A71
100
AcDbEntity
  8
Vrstva 58
  6
Continuous
 62
     7
370
    30
100
AcDbPoint
 10
-565488.4
 20
-1187938.32
 30
0.0
  0
TEXT
  5
28D4
330
2A71
100
AcDbEntity
  8
Vrstva 59
  6
Continuous
 62
    32
370
     0
100
AcDbText
 10
-565488.395382
 20
-1187938.028507
 30
0.0
 40
0.75
  1
15
 50
58.084
  7
Style-cs_Working
 11
-565489.032
 21
-1187937.632
 31
0.0
100
AcDbText
 73
     3
  0
POINT
  5
28D5
330
2A71
100
AcDbEntity
  8
Vrstva 58
  6
Continuous
 62
     7
370
    30
100
AcDbPoint
 10
-565482.09
 20
-1187927.75
 30
0.0
  0
TEXT
  5
28D6
330
2A71
100
AcDbEntity
  8
Vrstva 59
  6
Continuous
 62
    32
370
     0
100
AcDbText
 10
-565482.085382
 20
-1187927.458507
 30
0.0
 40
0.75
  1
16
 50
58.084
  7
Style-cs_Working
 11
-565482.722
 21
-1187927.062
 31
0.0
100
AcDbText
 73
     3
  0
POINT
  5
28D7
330
2A71
100
AcDbEntity
  8
Vrstva 58
  6
Continuous
 62
     7
370
    30
100
AcDbPoint
 10
-565478.37
 20
-1187934.95
 30
0.0
  0
TEXT
  5
28D8
330
2A71
100
AcDbEntity
  8
Vrstva 59
  6
Continuous
 62
    32
370
     0
100
AcDbText
 10
-565478.365382
 20
-1187934.658507
 30
0.0
 40
0.75
  1
17
 50
58.084
  7
Style-cs_Working
 11
-565479.002
 21
-1187934.262
 31
0.0
100
AcDbText
 73
     3
  0
POINT
  5
28D9
330
2A71
100
AcDbEntity
  8
Vrstva 58
  6
Continuous
 62
     7
370
    30
100
AcDbPoint
 10
-565474.39
 20
-1187931.9
 30
0.0
  0
TEXT
  5
28DA
330
2A71
100
AcDbEntity
  8
Vrstva 59
  6
Continuous
 62
    32
370
     0
100
AcDbText
 10
-565474.385382
 20
-1187931.608507
 30
0.0
 40
0.75
  1
18
 50
58.084
  7
Style-cs_Working
 11
-565475.022
 21
-1187931.212
 31
0.0
100
AcDbText
 73
     3
  0
POINT
  5
28DB
330
2A71
100
AcDbEntity
  8
Vrstva 58
  6
Continuous
 62
     7
370
    30
100
AcDbPoint
 10
-565473.27
 20
-1187932.67
 30
0.0
  0
TEXT
  5
28DC
330
2A71
100
AcDbEntity
  8
Vrstva 59
  6
Continuous
 62
    32
370
     0
100
AcDbText
 10
-565473.265382
 20
-1187932.378507
 30
0.0
 40
0.75
  1
19
 50
58.084
  7
Style-cs_Working
 11
-565473.902
 21
-1187931.982
 31
0.0
100
AcDbText
 73
     3
  0
POINT
  5
28DD
330
2A71
100
AcDbEntity
  8
Vrstva 58
  6
Continuous
 62
     7
370
    30
100
AcDbPoint
 10
-565467.96
 20
-1187924.43
 30
0.0
  0
TEXT
  5
28DE
330
2A71
100
AcDbEntity
  8
Vrstva 59
  6
Continuous
 62
    32
370
     0
100
AcDbText
 10
-565467.955382
 20
-1187924.138507
 30
0.0
 40
0.75
  1
20
 50
58.084
  7
Style-cs_Working
 11
-565468.592
 21
-1187923.742
 31
0.0
100
AcDbText
 73
     3
  0
POINT
  5
28DF
330
2A71
100
AcDbEntity
  8
Vrstva 58
  6
Continuous
 62
     7
370
    30
100
AcDbPoint
 10
-565465.61
 20
-1187920.98
 30
0.0
  0
TEXT
  5
28E0
330
2A71
100
AcDbEntity
  8
Vrstva 59
  6
Continuous
 62
    32
370
     0
100
AcDbText
 10
-565465.605382
 20
-1187920.688507
 30
0.0
 40
0.75
  1
21
 50
58.084
  7
Style-cs_Working
 11
-565466.242
 21
-1187920.292
 31
0.0
100
AcDbText
 73
     3
  0
POINT
  5
28E1
330
2A71
100
AcDbEntity
  8
Vrstva 58
  6
Continuous
 62
     7
370
    30
100
AcDbPoint
 10
-565464.96
 20
-1187921.41
 30
0.0
  0
TEXT
  5
28E2
330
2A71
100
AcDbEntity
  8
Vrstva 59
  6
Continuous
 62
    32
370
     0
100
AcDbText
 10
-565464.955382
 20
-1187921.118507
 30
0.0
 40
0.75
  1
22
 50
58.084
  7
Style-cs_Working
 11
-565465.592
 21
-1187920.722
 31
0.0
100
AcDbText
 73
     3
  0
POINT
  5
28E3
330
2A71
100
AcDbEntity
  8
Vrstva 58
  6
Continuous
 62
     7
370
    30
100
AcDbPoint
 10
-565463.75
 20
-1187918.19
 30
0.0
  0
TEXT
  5
28E4
330
2A71
100
AcDbEntity
  8
Vrstva 59
  6
Continuous
 62
    32
370
     0
100
AcDbText
 10
-565463.745382
 20
-1187917.898507
 30
0.0
 40
0.75
  1
23
 50
58.084
  7
Style-cs_Working
 11
-565464.382
 21
-1187917.502
 31
0.0
100
AcDbText
 73
     3
  0
POINT
  5
28E5
330
2A71
100
AcDbEntity
  8
Vrstva 58
  6
Continuous
 62
     7
370
    30
100
AcDbPoint
 10
-565462.91
 20
-1187916.82
 30
0.0
  0
TEXT
  5
28E6
330
2A71
100
AcDbEntity
  8
Vrstva 59
  6
Continuous
 62
    32
370
     0
100
AcDbText
 10
-565462.905382
 20
-1187916.528507
 30
0.0
 40
0.75
  1
24
 50
58.084
  7
Style-cs_Working
 11
-565463.542
 21
-1187916.132
 31
0.0
100
AcDbText
 73
     3
  0
POINT
  5
28E7
330
2A71
100
AcDbEntity
  8
Vrstva 58
  6
Continuous
 62
     7
370
    30
100
AcDbPoint
 10
-565461.86
 20
-1187915.04
 30
0.0
  0
TEXT
  5
28E8
330
2A71
100
AcDbEntity
  8
Vrstva 59
  6
Continuous
 62
    32
370
     0
100
AcDbText
 10
-565461.855382
 20
-1187914.748507
 30
0.0
 40
0.75
  1
25
 50
58.084
  7
Style-cs_Working
 11
-565462.492
 21
-1187914.352
 31
0.0
100
AcDbText
 73
     3
  0
POINT
  5
28E9
330
2A71
100
AcDbEntity
  8
Vrstva 58
  6
Continuous
 62
     7
370
    30
100
AcDbPoint
 10
-565459.11
 20
-1187910.93
 30
0.0
  0
TEXT
  5
28EA
330
2A71
100
AcDbEntity
  8
Vrstva 59
  6
Continuous
 62
    32
370
     0
100
AcDbText
 10
-565459.105382
 20
-1187910.638507
 30
0.0
 40
0.75
  1
26
 50
58.084
  7
Style-cs_Working
 11
-565459.742
 21
-1187910.242
 31
0.0
100
AcDbText
 73
     3
  0
POINT
  5
28EB
330
2A71
100
AcDbEntity
  8
Vrstva 58
  6
Continuous
 62
     7
370
    30
100
AcDbPoint
 10
-565459.84
 20
-1187910.67
 30
0.0
  0
TEXT
  5
28EC
330
2A71
100
AcDbEntity
  8
Vrstva 59
  6
Continuous
 62
    32
370
     0
100
AcDbText
 10
-565459.835382
 20
-1187910.378507
 30
0.0
 40
0.75
  1
27
 50
58.084
  7
Style-cs_Working
 11
-565460.472
 21
-1187909.982
 31
0.0
100
AcDbText
 73
     3
  0
POINT
  5
28ED
330
2A71
100
AcDbEntity
  8
Vrstva 58
  6
Continuous
 62
     7
370
    30
100
AcDbPoint
 10
-565460.69
 20
-1187909.44
 30
0.0
  0
TEXT
  5
28EE
330
2A71
100
AcDbEntity
  8
Vrstva 59
  6
Continuous
 62
    32
370
     0
100
AcDbText
 10
-565460.685382
 20
-1187909.148507
 30
0.0
 40
0.75
  1
29
 50
58.084
  7
Style-cs_Working
 11
-565461.322
 21
-1187908.752
 31
0.0
100
AcDbText
 73
     3
  0
POINT
  5
28EF
330
2A71
100
AcDbEntity
  8
Vrstva 58
  6
Continuous
 62
     7
370
    30
100
AcDbPoint
 10
-565466.48
 20
-1187906.22
 30
0.0
  0
TEXT
  5
28F0
330
2A71
100
AcDbEntity
  8
Vrstva 59
  6
Continuous
 62
    32
370
     0
100
AcDbText
 10
-565466.475382
 20
-1187905.928507
 30
0.0
 40
0.75
  1
30
 50
58.084
  7
Style-cs_Working
 11
-565467.112
 21
-1187905.532
 31
0.0
100
AcDbText
 73
     3
  0
POINT
  5
28F1
330
2A71
100
AcDbEntity
  8
Vrstva 58
  6
Continuous
 62
     7
370
    30
100
AcDbPoint
 10
-565468.05
 20
-1187905.45
 30
0.0
  0
TEXT
  5
28F2
330
2A71
100
AcDbEntity
  8
Vrstva 59
  6
Continuous
 62
    32
370
     0
100
AcDbText
 10
-565468.045382
 20
-1187905.158507
 30
0.0
 40
0.75
  1
31
 50
58.084
  7
Style-cs_Working
 11
-565468.682
 21
-1187904.762
 31
0.0
100
AcDbText
 73
     3
  0
POINT
  5
28F3
330
2A71
100
AcDbEntity
  8
Vrstva 58
  6
Continuous
 62
     7
370
    30
100
AcDbPoint
 10
-565471.39
 20
-1187913.98
 30
0.0
  0
TEXT
  5
28F4
330
2A71
100
AcDbEntity
  8
Vrstva 59
  6
Continuous
 62
    32
370
     0
100
AcDbText
 10
-565471.385382
 20
-1187913.688507
 30
0.0
 40
0.75
  1
32
 50
58.084
  7
Style-cs_Working
 11
-565472.022
 21
-1187913.292
 31
0.0
100
AcDbText
 73
     3
  0
POINT
  5
28F5
330
2A71
100
AcDbEntity
  8
Vrstva 58
  6
Continuous
 62
     7
370
    30
100
AcDbPoint
 10
-565471.84
 20
-1187914.75
 30
0.0
  0
TEXT
  5
28F6
330
2A71
100
AcDbEntity
  8
Vrstva 59
  6
Continuous
 62
    32
370
     0
100
AcDbText
 10
-565470.944382
 20
-1187915.013507
 30
0.0
 40
0.75
  1
33
 50
58.084
  7
Style-cs_Working
 11
-565471.581
 21
-1187914.617
 31
0.0
100
AcDbText
 73
     3
  0
POINT
  5
28F7
330
2A71
100
AcDbEntity
  8
Vrstva 58
  6
Continuous
 62
     7
370
    30
100
AcDbPoint
 10
-565472.94
 20
-1187916.43
 30
0.0
  0
TEXT
  5
28F8
330
2A71
100
AcDbEntity
  8
Vrstva 59
  6
Continuous
 62
    32
370
     0
100
AcDbText
 10
-565472.935382
 20
-1187916.138507
 30
0.0
 40
0.75
  1
34
 50
58.084
  7
Style-cs_Working
 11
-565473.572
 21
-1187915.742
 31
0.0
100
AcDbText
 73
     3
  0
POINT
  5
28F9
330
2A71
100
AcDbEntity
  8
Vrstva 58
  6
Continuous
 62
     7
370
    30
100
AcDbPoint
 10
-565474.91
 20
-1187919.69
 30
0.0
  0
TEXT
  5
28FA
330
2A71
100
AcDbEntity
  8
Vrstva 59
  6
Continuous
 62
    32
370
     0
100
AcDbText
 10
-565474.905382
 20
-1187919.398507
 30
0.0
 40
0.75
  1
35
 50
58.084
  7
Style-cs_Working
 11
-565475.542
 21
-1187919.002
 31
0.0
100
AcDbText
 73
     3
  0
POINT
  5
28FB
330
2A71
100
AcDbEntity
  8
Vrstva 58
  6
Continuous
 62
     7
370
    30
100
AcDbPoint
 10
-565476.56
 20
-1187919.16
 30
0.0
  0
TEXT
  5
28FC
330
2A71
100
AcDbEntity
  8
Vrstva 59
  6
Continuous
 62
    32
370
     0
100
AcDbText
 10
-565476.555382
 20
-1187918.868507
 30
0.0
 40
0.75
  1
36
 50
58.084
  7
Style-cs_Working
 11
-565477.192
 21
-1187918.472
 31
0.0
100
AcDbText
 73
     3
  0
POINT
  5
28FD
330
2A71
100
AcDbEntity
  8
Vrstva 58
  6
Continuous
 62
     7
370
    30
100
AcDbPoint
 10
-565476.22
 20
-1187905.86
 30
0.0
  0
TEXT
  5
28FE
330
2A71
100
AcDbEntity
  8
Vrstva 59
  6
Continuous
 62
    32
370
     0
100
AcDbText
 10
-565476.215382
 20
-1187905.568507
 30
0.0
 40
0.75
  1
37
 50
58.084
  7
Style-cs_Working
 11
-565476.852
 21
-1187905.172
 31
0.0
100
AcDbText
 73
     3
  0
POINT
  5
28FF
330
2A71
100
AcDbEntity
  8
Vrstva 58
  6
Continuous
 62
     7
370
    30
100
AcDbPoint
 10
-565474.06
 20
-1187902.39
 30
0.0
  0
TEXT
  5
2900
330
2A71
100
AcDbEntity
  8
Vrstva 59
  6
Continuous
 62
    32
370
     0
100
AcDbText
 10
-565474.055382
 20
-1187902.098507
 30
0.0
 40
0.75
  1
38
 50
58.084
  7
Style-cs_Working
 11
-565474.692
 21
-1187901.702
 31
0.0
100
AcDbText
 73
     3
  0
POINT
  5
2901
330
2A71
100
AcDbEntity
  8
Vrstva 58
  6
Continuous
 62
     7
370
    30
100
AcDbPoint
 10
-565472.37
 20
-1187902.87
 30
0.0
  0
TEXT
  5
2902
330
2A71
100
AcDbEntity
  8
Vrstva 59
  6
Continuous
 62
    32
370
     0
100
AcDbText
 10
-565472.365382
 20
-1187902.578507
 30
0.0
 40
0.75
  1
39
 50
58.084
  7
Style-cs_Working
 11
-565473.002
 21
-1187902.182
 31
0.0
100
AcDbText
 73
     3
  0
POINT
  5
2903
330
2A71
100
AcDbEntity
  8
Vrstva 58
  6
Continuous
 62
     7
370
    30
100
AcDbPoint
 10
-565485.18
 20
-1187920.05
 30
0.0
  0
TEXT
  5
2904
330
2A71
100
AcDbEntity
  8
Vrstva 59
  6
Continuous
 62
    32
370
     0
100
AcDbText
 10
-565485.175382
 20
-1187919.758507
 30
0.0
 40
0.75
  1
40
 50
58.084
  7
Style-cs_Working
 11
-565485.812
 21
-1187919.362
 31
0.0
100
AcDbText
 73
     3
  0
POINT
  5
2905
330
2A71
100
AcDbEntity
  8
Vrstva 58
  6
Continuous
 62
     7
370
    30
100
AcDbPoint
 10
-565487.11
 20
-1187923.21
 30
0.0
  0
TEXT
  5
2906
330
2A71
100
AcDbEntity
  8
Vrstva 59
  6
Continuous
 62
    32
370
     0
100
AcDbText
 10
-565487.105382
 20
-1187922.918507
 30
0.0
 40
0.75
  1
41
 50
58.084
  7
Style-cs_Working
 11
-565487.742
 21
-1187922.522
 31
0.0
100
AcDbText
 73
     3
  0
POINT
  5
2907
330
2A71
100
AcDbEntity
  8
Vrstva 58
  6
Continuous
 62
     7
370
    30
100
AcDbPoint
 10
-565488.38
 20
-1187925.14
 30
0.0
  0
TEXT
  5
2908
330
2A71
100
AcDbEntity
  8
Vrstva 59
  6
Continuous
 62
    32
370
     0
100
AcDbText
 10
-565488.375382
 20
-1187924.848507
 30
0.0
 40
0.75
  1
42
 50
58.084
  7
Style-cs_Working
 11
-565489.012
 21
-1187924.452
 31
0.0
100
AcDbText
 73
     3
  0
POINT
  5
2909
330
2A71
100
AcDbEntity
  8
Vrstva 58
  6
Continuous
 62
     7
370
    30
100
AcDbPoint
 10
-565488.9
 20
-1187926.19
 30
0.0
  0
TEXT
  5
290A
330
2A71
100
AcDbEntity
  8
Vrstva 59
  6
Continuous
 62
    32
370
     0
100
AcDbText
 10
-565488.004382
 20
-1187926.453507
 30
0.0
 40
0.75
  1
43
 50
58.084
  7
Style-cs_Working
 11
-565488.641
 21
-1187926.057
 31
0.0
100
AcDbText
 73
     3
  0
POINT
  5
290B
330
2A71
100
AcDbEntity
  8
Vrstva 58
  6
Continuous
 62
     7
370
    30
100
AcDbPoint
 10
-565485.77
 20
-1187917.71
 30
0.0
  0
TEXT
  5
290C
330
2A71
100
AcDbEntity
  8
Vrstva 59
  6
Continuous
 62
    32
370
     0
100
AcDbText
 10
-565485.765382
 20
-1187917.418507
 30
0.0
 40
0.75
  1
44
 50
58.084
  7
Style-cs_Working
 11
-565486.402
 21
-1187917.022
 31
0.0
100
AcDbText
 73
     3
  0
POINT
  5
290D
330
2A71
100
AcDbEntity
  8
Vrstva 58
  6
Continuous
 62
     7
370
    30
100
AcDbPoint
 10
-565472.89
 20
-1187885.1
 30
0.0
  0
TEXT
  5
290E
330
2A71
100
AcDbEntity
  8
Vrstva 59
  6
Continuous
 62
    32
370
     0
100
AcDbText
 10
-565472.885382
 20
-1187884.808507
 30
0.0
 40
0.75
  1
45
 50
58.084
  7
Style-cs_Working
 11
-565473.522
 21
-1187884.412
 31
0.0
100
AcDbText
 73
     3
  0
POINT
  5
290F
330
2A71
100
AcDbEntity
  8
Vrstva 58
  6
Continuous
 62
     7
370
    30
100
AcDbPoint
 10
-565474.1
 20
-1187884.35
 30
0.0
  0
TEXT
  5
2910
330
2A71
100
AcDbEntity
  8
Vrstva 59
  6
Continuous
 62
    32
370
     0
100
AcDbText
 10
-565474.095382
 20
-1187884.058507
 30
0.0
 40
0.75
  1
46
 50
58.084
  7
Style-cs_Working
 11
-565474.732
 21
-1187883.662
 31
0.0
100
AcDbText
 73
     3
  0
POINT
  5
2911
330
2A71
100
AcDbEntity
  8
Vrstva 58
  6
Continuous
 62
     7
370
    30
100
AcDbPoint
 10
-565470.62
 20
-1187878.8
 30
0.0
  0
TEXT
  5
2912
330
2A71
100
AcDbEntity
  8
Vrstva 59
  6
Continuous
 62
    32
370
     0
100
AcDbText
 10
-565470.615382
 20
-1187878.508507
 30
0.0
 40
0.75
  1
47
 50
58.084
  7
Style-cs_Working
 11
-565471.252
 21
-1187878.112
 31
0.0
100
AcDbText
 73
     3
  0
POINT
  5
2913
330
2A71
100
AcDbEntity
  8
Vrstva 58
  6
Continuous
 62
     7
370
    30
100
AcDbPoint
 10
-565461.08
 20
-1187876.57
 30
0.0
  0
TEXT
  5
2914
330
2A71
100
AcDbEntity
  8
Vrstva 59
  6
Continuous
 62
    32
370
     0
100
AcDbText
 10
-565461.075382
 20
-1187876.278507
 30
0.0
 40
0.75
  1
48
 50
58.084
  7
Style-cs_Working
 11
-565461.712
 21
-1187875.882
 31
0.0
100
AcDbText
 73
     3
  0
POINT
  5
2915
330
2A71
100
AcDbEntity
  8
Vrstva 58
  6
Continuous
 62
     7
370
    30
100
AcDbPoint
 10
-565473.79
 20
-1187897.52
 30
0.0
  0
TEXT
  5
2916
330
2A71
100
AcDbEntity
  8
Vrstva 59
  6
Continuous
 62
    32
370
     0
100
AcDbText
 10
-565473.785382
 20
-1187897.228507
 30
0.0
 40
0.75
  1
49
 50
58.084
  7
Style-cs_Working
 11
-565474.422
 21
-1187896.832
 31
0.0
100
AcDbText
 73
     3
  0
POINT
  5
2917
330
2A71
100
AcDbEntity
  8
Vrstva 58
  6
Continuous
 62
     7
370
    30
100
AcDbPoint
 10
-565469.8
 20
-1187895.68
 30
0.0
  0
TEXT
  5
2918
330
2A71
100
AcDbEntity
  8
Vrstva 59
  6
Continuous
 62
    32
370
     0
100
AcDbText
 10
-565469.795382
 20
-1187895.388507
 30
0.0
 40
0.75
  1
50
 50
58.084
  7
Style-cs_Working
 11
-565470.432
 21
-1187894.992
 31
0.0
100
AcDbText
 73
     3
  0
POINT
  5
2919
330
2A71
100
AcDbEntity
  8
Vrstva 58
  6
Continuous
 62
     7
370
    30
100
AcDbPoint
 10
-565469.16
 20
-1187894.59
 30
0.0
  0
TEXT
  5
291A
330
2A71
100
AcDbEntity
  8
Vrstva 59
  6
Continuous
 62
    32
370
     0
100
AcDbText
 10
-565468.264382
 20
-1187894.853507
 30
0.0
 40
0.75
  1
51
 50
58.084
  7
Style-cs_Working
 11
-565468.901
 21
-1187894.457
 31
0.0
100
AcDbText
 73
     3
  0
POINT
  5
291B
330
2A71
100
AcDbEntity
  8
Vrstva 58
  6
Continuous
 62
     7
370
    30
100
AcDbPoint
 10
-565470.86
 20
-1187894.88
 30
0.0
  0
TEXT
  5
291C
330
2A71
100
AcDbEntity
  8
Vrstva 59
  6
Continuous
 62
    32
370
     0
100
AcDbText
 10
-565470.855382
 20
-1187894.588507
 30
0.0
 40
0.75
  1
52
 50
58.084
  7
Style-cs_Working
 11
-565471.492
 21
-1187894.192
 31
0.0
100
AcDbText
 73
     3
  0
POINT
  5
291D
330
2A71
100
AcDbEntity
  8
Vrstva 58
  6
Continuous
 62
     7
370
    30
100
AcDbPoint
 10
-565471.73
 20
-1187894.37
 30
0.0
  0
TEXT
  5
291E
330
2A71
100
AcDbEntity
  8
Vrstva 59
  6
Continuous
 62
    32
370
     0
100
AcDbText
 10
-565471.725382
 20
-1187894.078507
 30
0.0
 40
0.75
  1
53
 50
58.084
  7
Style-cs_Working
 11
-565472.362
 21
-1187893.682
 31
0.0
100
AcDbText
 73
     3
  0
POINT
  5
291F
330
2A71
100
AcDbEntity
  8
Vrstva 58
  6
Continuous
 62
     7
370
    30
100
AcDbPoint
 10
-565471.16
 20
-1187893.42
 30
0.0
  0
TEXT
  5
2920
330
2A71
100
AcDbEntity
  8
Vrstva 59
  6
Continuous
 62
    32
370
     0
100
AcDbText
 10
-565471.791382
 20
-1187892.731507
 30
0.0
 40
0.75
  1
54
 50
58.084
  7
Style-cs_Working
 11
-565472.428
 21
-1187892.335
 31
0.0
100
AcDbText
 73
     3
  0
POINT
  5
2921
330
2A71
100
AcDbEntity
  8
Vrstva 58
  6
Continuous
 62
     7
370
    30
100
AcDbPoint
 10
-565470.21
 20
-1187893.91
 30
0.0
  0
TEXT
  5
2922
330
2A71
100
AcDbEntity
  8
Vrstva 59
  6
Continuous
 62
    32
370
     0
100
AcDbText
 10
-565469.314382
 20
-1187894.173507
 30
0.0
 40
0.75
  1
55
 50
58.084
  7
Style-cs_Working
 11
-565469.951
 21
-1187893.777
 31
0.0
100
AcDbText
 73
     3
  0
POINT
  5
2923
330
2A71
100
AcDbEntity
  8
Vrstva 58
  6
Continuous
 62
     7
370
    30
100
AcDbPoint
 10
-565467.88
 20
-1187892.42
 30
0.0
  0
TEXT
  5
2924
330
2A71
100
AcDbEntity
  8
Vrstva 59
  6
Continuous
 62
    32
370
     0
100
AcDbText
 10
-565467.875382
 20
-1187892.128507
 30
0.0
 40
0.75
  1
56
 50
58.084
  7
Style-cs_Working
 11
-565468.512
 21
-1187891.732
 31
0.0
100
AcDbText
 73
     3
  0
POINT
  5
2925
330
2A71
100
AcDbEntity
  8
Vrstva 58
  6
Continuous
 62
     7
370
    30
100
AcDbPoint
 10
-565466.16
 20
-1187889.83
 30
0.0
  0
TEXT
  5
2926
330
2A71
100
AcDbEntity
  8
Vrstva 59
  6
Continuous
 62
    32
370
     0
100
AcDbText
 10
-565466.155382
 20
-1187889.538507
 30
0.0
 40
0.75
  1
57
 50
58.084
  7
Style-cs_Working
 11
-565466.792
 21
-1187889.142
 31
0.0
100
AcDbText
 73
     3
  0
POINT
  5
2927
330
2A71
100
AcDbEntity
  8
Vrstva 58
  6
Continuous
 62
     7
370
    30
100
AcDbPoint
 10
-565457.47
 20
-1187878.73
 30
0.0
  0
TEXT
  5
2928
330
2A71
100
AcDbEntity
  8
Vrstva 59
  6
Continuous
 62
    32
370
     0
100
AcDbText
 10
-565457.465382
 20
-1187878.438507
 30
0.0
 40
0.75
  1
58
 50
58.084
  7
Style-cs_Working
 11
-565458.102
 21
-1187878.042
 31
0.0
100
AcDbText
 73
     3
  0
POINT
  5
2929
330
2A71
100
AcDbEntity
  8
Vrstva 58
  6
Continuous
 62
     7
370
    30
100
AcDbPoint
 10
-565453.26
 20
-1187881.9
 30
0.0
  0
TEXT
  5
292A
330
2A71
100
AcDbEntity
  8
Vrstva 59
  6
Continuous
 62
    32
370
     0
100
AcDbText
 10
-565453.255382
 20
-1187881.608507
 30
0.0
 40
0.75
  1
59
 50
58.084
  7
Style-cs_Working
 11
-565453.892
 21
-1187881.212
 31
0.0
100
AcDbText
 73
     3
  0
POINT
  5
292B
330
2A71
100
AcDbEntity
  8
Vrstva 58
  6
Continuous
 62
     7
370
    30
100
AcDbPoint
 10
-565462.18
 20
-1187896.03
 30
0.0
  0
TEXT
  5
292C
330
2A71
100
AcDbEntity
  8
Vrstva 59
  6
Continuous
 62
    32
370
     0
100
AcDbText
 10
-565462.175382
 20
-1187895.738507
 30
0.0
 40
0.75
  1
60
 50
58.084
  7
Style-cs_Working
 11
-565462.812
 21
-1187895.342
 31
0.0
100
AcDbText
 73
     3
  0
POINT
  5
292D
330
2A71
100
AcDbEntity
  8
Vrstva 58
  6
Continuous
 62
     7
370
    30
100
AcDbPoint
 10
-565466.48
 20
-1187893.43
 30
0.0
  0
TEXT
  5
292E
330
2A71
100
AcDbEntity
  8
Vrstva 59
  6
Continuous
 62
    32
370
     0
100
AcDbText
 10
-565466.475382
 20
-1187893.138507
 30
0.0
 40
0.75
  1
61
 50
58.084
  7
Style-cs_Working
 11
-565467.112
 21
-1187892.742
 31
0.0
100
AcDbText
 73
     3
  0
POINT
  5
292F
330
2A71
100
AcDbEntity
  8
Vrstva 58
  6
Continuous
 62
     7
370
    30
100
AcDbPoint
 10
-565449.08
 20
-1187898.35
 30
0.0
  0
TEXT
  5
2930
330
2A71
100
AcDbEntity
  8
Vrstva 59
  6
Continuous
 62
    32
370
     0
100
AcDbText
 10
-565449.075382
 20
-1187898.058507
 30
0.0
 40
0.75
  1
62
 50
58.084
  7
Style-cs_Working
 11
-565449.712
 21
-1187897.662
 31
0.0
100
AcDbText
 73
     3
  0
POINT
  5
2931
330
2A71
100
AcDbEntity
  8
Vrstva 58
  6
Continuous
 62
     7
370
    30
100
AcDbPoint
 10
-565448.21
 20
-1187893.13
 30
0.0
  0
TEXT
  5
2932
330
2A71
100
AcDbEntity
  8
Vrstva 59
  6
Continuous
 62
    32
370
     0
100
AcDbText
 10
-565448.205382
 20
-1187892.838507
 30
0.0
 40
0.75
  1
63
 50
58.084
  7
Style-cs_Working
 11
-565448.842
 21
-1187892.442
 31
0.0
100
AcDbText
 73
     3
  0
POINT
  5
2933
330
2A71
100
AcDbEntity
  8
Vrstva 58
  6
Continuous
 62
     7
370
    30
100
AcDbPoint
 10
-565447.29
 20
-1187891.4
 30
0.0
  0
TEXT
  5
2934
330
2A71
100
AcDbEntity
  8
Vrstva 59
  6
Continuous
 62
    32
370
     0
100
AcDbText
 10
-565447.285382
 20
-1187891.108507
 30
0.0
 40
0.75
  1
64
 50
58.084
  7
Style-cs_Working
 11
-565447.922
 21
-1187890.712
 31
0.0
100
AcDbText
 73
     3
  0
POINT
  5
2935
330
2A71
100
AcDbEntity
  8
Vrstva 58
  6
Continuous
 62
     7
370
    30
100
AcDbPoint
 10
-565441.5
 20
-1187882.48
 30
0.0
  0
TEXT
  5
2936
330
2A71
100
AcDbEntity
  8
Vrstva 59
  6
Continuous
 62
    32
370
     0
100
AcDbText
 10
-565441.495382
 20
-1187882.188507
 30
0.0
 40
0.75
  1
65
 50
58.084
  7
Style-cs_Working
 11
-565442.132
 21
-1187881.792
 31
0.0
100
AcDbText
 73
     3
  0
POINT
  5
2937
330
2A71
100
AcDbEntity
  8
Vrstva 58
  6
Continuous
 62
     7
370
    30
100
AcDbPoint
 10
-565470.08
 20
-1187934.65
 30
0.0
  0
TEXT
  5
2938
330
2A71
100
AcDbEntity
  8
Vrstva 59
  6
Continuous
 62
    32
370
     0
100
AcDbText
 10
-565470.075382
 20
-1187934.358507
 30
0.0
 40
0.75
  1
66
 50
58.084
  7
Style-cs_Working
 11
-565470.712
 21
-1187933.962
 31
0.0
100
AcDbText
 73
     3
  0
POINT
  5
2939
330
2A71
100
AcDbEntity
  8
Vrstva 58
  6
Continuous
 62
     7
370
    30
100
AcDbPoint
 10
-565471.29
 20
-1187936.38
 30
0.0
  0
TEXT
  5
293A
330
2A71
100
AcDbEntity
  8
Vrstva 59
  6
Continuous
 62
    32
370
     0
100
AcDbText
 10
-565471.285382
 20
-1187936.088507
 30
0.0
 40
0.75
  1
67
 50
58.084
  7
Style-cs_Working
 11
-565471.922
 21
-1187935.692
 31
0.0
100
AcDbText
 73
     3
  0
POINT
  5
293B
330
2A71
100
AcDbEntity
  8
Vrstva 58
  6
Continuous
 62
     7
370
    30
100
AcDbPoint
 10
-565472.31
 20
-1187938.23
 30
0.0
  0
TEXT
  5
293C
330
2A71
100
AcDbEntity
  8
Vrstva 59
  6
Continuous
 62
    32
370
     0
100
AcDbText
 10
-565472.305382
 20
-1187937.938507
 30
0.0
 40
0.75
  1
68
 50
58.084
  7
Style-cs_Working
 11
-565472.942
 21
-1187937.542
 31
0.0
100
AcDbText
 73
     3
  0
POINT
  5
293D
330
2A71
100
AcDbEntity
  8
Vrstva 58
  6
Continuous
 62
     7
370
    30
100
AcDbPoint
 10
-565492.42
 20
-1187934.86
 30
0.0
  0
TEXT
  5
293E
330
2A71
100
AcDbEntity
  8
Vrstva 59
  6
Continuous
 62
    32
370
     0
100
AcDbText
 10
-565492.415382
 20
-1187934.568507
 30
0.0
 40
0.75
  1
69
 50
58.084
  7
Style-cs_Working
 11
-565493.052
 21
-1187934.172
 31
0.0
100
AcDbText
 73
     3
  0
POINT
  5
293F
330
2A71
100
AcDbEntity
  8
Vrstva 58
  6
Continuous
 62
     7
370
    30
100
AcDbPoint
 10
-565498.52
 20
-1187922.97
 30
0.0
  0
TEXT
  5
2940
330
2A71
100
AcDbEntity
  8
Vrstva 59
  6
Continuous
 62
    32
370
     0
100
AcDbText
 10
-565498.515382
 20
-1187922.678507
 30
0.0
 40
0.75
  1
70
 50
58.084
  7
Style-cs_Working
 11
-565499.152
 21
-1187922.282
 31
0.0
100
AcDbText
 73
     3
  0
POINT
  5
2941
330
2A71
100
AcDbEntity
  8
Vrstva 58
  6
Continuous
 62
     7
370
    30
100
AcDbPoint
 10
-565497.22
 20
-1187923.72
 30
0.0
  0
TEXT
  5
2942
330
2A71
100
AcDbEntity
  8
Vrstva 59
  6
Continuous
 62
    32
370
     0
100
AcDbText
 10
-565497.215382
 20
-1187923.428507
 30
0.0
 40
0.75
  1
71
 50
58.084
  7
Style-cs_Working
 11
-565497.852
 21
-1187923.032
 31
0.0
100
AcDbText
 73
     3
  0
POINT
  5
2943
330
2A71
100
AcDbEntity
  8
Vrstva 58
  6
Continuous
 62
     7
370
    30
100
AcDbPoint
 10
-565495.69
 20
-1187923.47
 30
0.0
  0
TEXT
  5
2944
330
2A71
100
AcDbEntity
  8
Vrstva 59
  6
Continuous
 62
    32
370
     0
100
AcDbText
 10
-565495.685382
 20
-1187923.178507
 30
0.0
 40
0.75
  1
72
 50
58.084
  7
Style-cs_Working
 11
-565496.322
 21
-1187922.782
 31
0.0
100
AcDbText
 73
     3
  0
POINT
  5
2945
330
2A71
100
AcDbEntity
  8
Vrstva 58
  6
Continuous
 62
     7
370
    30
100
AcDbPoint
 10
-565496.61
 20
-1187922.87
 30
0.0
  0
TEXT
  5
2946
330
2A71
100
AcDbEntity
  8
Vrstva 59
  6
Continuous
 62
    32
370
     0
100
AcDbText
 10
-565496.652382
 20
-1187924.640507
 30
0.0
 40
0.75
  1
73
 50
58.084
  7
Style-cs_Working
 11
-565497.289
 21
-1187924.244
 31
0.0
100
AcDbText
 73
     3
  0
POINT
  5
2947
330
2A71
100
AcDbEntity
  8
Vrstva 58
  6
Continuous
 62
     7
370
    30
100
AcDbPoint
 10
-565495.64
 20
-1187918.34
 30
0.0
  0
TEXT
  5
2948
330
2A71
100
AcDbEntity
  8
Vrstva 59
  6
Continuous
 62
    32
370
     0
100
AcDbText
 10
-565495.635382
 20
-1187918.048507
 30
0.0
 40
0.75
  1
74
 50
58.084
  7
Style-cs_Working
 11
-565496.272
 21
-1187917.652
 31
0.0
100
AcDbText
 73
     3
  0
POINT
  5
2949
330
2A71
100
AcDbEntity
  8
Vrstva 58
  6
Continuous
 62
     7
370
    30
100
AcDbPoint
 10
-565494.62
 20
-1187919.78
 30
0.0
  0
TEXT
  5
294A
330
2A71
100
AcDbEntity
  8
Vrstva 59
  6
Continuous
 62
    32
370
     0
100
AcDbText
 10
-565494.615382
 20
-1187919.488507
 30
0.0
 40
0.75
  1
75
 50
58.084
  7
Style-cs_Working
 11
-565495.252
 21
-1187919.092
 31
0.0
100
AcDbText
 73
     3
  0
POINT
  5
294B
330
2A71
100
AcDbEntity
  8
Vrstva 58
  6
Continuous
 62
     7
370
    30
100
AcDbPoint
 10
-565493.67
 20
-1187920.31
 30
0.0
  0
TEXT
  5
294C
330
2A71
100
AcDbEntity
  8
Vrstva 59
  6
Continuous
 62
    32
370
     0
100
AcDbText
 10
-565493.665382
 20
-1187920.018507
 30
0.0
 40
0.75
  1
76
 50
58.084
  7
Style-cs_Working
 11
-565494.302
 21
-1187919.622
 31
0.0
100
AcDbText
 73
     3
  0
POINT
  5
294D
330
2A71
100
AcDbEntity
  8
Vrstva 58
  6
Continuous
 62
     7
370
    30
100
AcDbPoint
 10
-565494.19
 20
-1187918.89
 30
0.0
  0
TEXT
  5
294E
330
2A71
100
AcDbEntity
  8
Vrstva 59
  6
Continuous
 62
    32
370
     0
100
AcDbText
 10
-565494.821382
 20
-1187918.201507
 30
0.0
 40
0.75
  1
77
 50
58.084
  7
Style-cs_Working
 11
-565495.458
 21
-1187917.805
 31
0.0
100
AcDbText
 73
     3
  0
POINT
  5
294F
330
2A71
100
AcDbEntity
  8
Vrstva 58
  6
Continuous
 62
     7
370
    30
100
AcDbPoint
 10
-565492.15
 20
-1187915.67
 30
0.0
  0
TEXT
  5
2950
330
2A71
100
AcDbEntity
  8
Vrstva 59
  6
Continuous
 62
    32
370
     0
100
AcDbText
 10
-565492.145382
 20
-1187915.378507
 30
0.0
 40
0.75
  1
78
 50
58.084
  7
Style-cs_Working
 11
-565492.782
 21
-1187914.982
 31
0.0
100
AcDbText
 73
     3
  0
POINT
  5
2951
330
2A71
100
AcDbEntity
  8
Vrstva 58
  6
Continuous
 62
     7
370
    30
100
AcDbPoint
 10
-565491.23
 20
-1187924.78
 30
0.0
  0
TEXT
  5
2952
330
2A71
100
AcDbEntity
  8
Vrstva 59
  6
Continuous
 62
    32
370
     0
100
AcDbText
 10
-565491.225382
 20
-1187924.488507
 30
0.0
 40
0.75
  1
79
 50
58.084
  7
Style-cs_Working
 11
-565491.862
 21
-1187924.092
 31
0.0
100
AcDbText
 73
     3
  0
POINT
  5
2953
330
2A71
100
AcDbEntity
  8
Vrstva 58
  6
Continuous
 62
     7
370
    30
100
AcDbPoint
 10
-565490.67
 20
-1187923.76
 30
0.0
  0
TEXT
  5
2954
330
2A71
100
AcDbEntity
  8
Vrstva 59
  6
Continuous
 62
    32
370
     0
100
AcDbText
 10
-565489.774382
 20
-1187924.023507
 30
0.0
 40
0.75
  1
80
 50
58.084
  7
Style-cs_Working
 11
-565490.411
 21
-1187923.627
 31
0.0
100
AcDbText
 73
     3
  0
POINT
  5
2955
330
2A71
100
AcDbEntity
  8
Vrstva 58
  6
Continuous
 62
     7
370
    30
100
AcDbPoint
 10
-565489.57
 20
-1187924.43
 30
0.0
  0
TEXT
  5
2956
330
2A71
100
AcDbEntity
  8
Vrstva 59
  6
Continuous
 62
    32
370
     0
100
AcDbText
 10
-565490.503382
 20
-1187925.645507
 30
0.0
 40
0.75
  1
81
 50
58.084
  7
Style-cs_Working
 11
-565491.14
 21
-1187925.249
 31
0.0
100
AcDbText
 73
     3
  0
POINT
  5
2957
330
2A71
100
AcDbEntity
  8
Vrstva 58
  6
Continuous
 62
     7
370
    30
100
AcDbPoint
 10
-565490.19
 20
-1187925.31
 30
0.0
  0
TEXT
  5
2958
330
2A71
100
AcDbEntity
  8
Vrstva 59
  6
Continuous
 62
    32
370
     0
100
AcDbText
 10
-565490.232382
 20
-1187927.080507
 30
0.0
 40
0.75
  1
82
 50
58.084
  7
Style-cs_Working
 11
-565490.869
 21
-1187926.684
 31
0.0
100
AcDbText
 73
     3
  0
POINT
  5
2959
330
2A71
100
AcDbEntity
  8
Vrstva 58
  6
Continuous
 62
     7
370
    30
100
AcDbPoint
 10
-565482.12
 20
-1187897.02
 30
0.0
  0
TEXT
  5
295A
330
2A71
100
AcDbEntity
  8
Vrstva 59
  6
Continuous
 62
    32
370
     0
100
AcDbText
 10
-565482.115382
 20
-1187896.728507
 30
0.0
 40
0.75
  1
83
 50
58.084
  7
Style-cs_Working
 11
-565482.752
 21
-1187896.332
 31
0.0
100
AcDbText
 73
     3
  0
POINT
  5
295B
330
2A71
100
AcDbEntity
  8
Vrstva 58
  6
Continuous
 62
     7
370
    30
100
AcDbPoint
 10
-565477.93
 20
-1187893.21
 30
0.0
  0
TEXT
  5
295C
330
2A71
100
AcDbEntity
  8
Vrstva 59
  6
Continuous
 62
    32
370
     0
100
AcDbText
 10
-565477.925382
 20
-1187892.918507
 30
0.0
 40
0.75
  1
84
 50
58.084
  7
Style-cs_Working
 11
-565478.562
 21
-1187892.522
 31
0.0
100
AcDbText
 73
     3
  0
POINT
  5
295D
330
2A71
100
AcDbEntity
  8
Vrstva 58
  6
Continuous
 62
     7
370
    30
100
AcDbPoint
 10
-565476.94
 20
-1187893.93
 30
0.0
  0
TEXT
  5
295E
330
2A71
100
AcDbEntity
  8
Vrstva 59
  6
Continuous
 62
    32
370
     0
100
AcDbText
 10
-565476.935382
 20
-1187893.638507
 30
0.0
 40
0.75
  1
85
 50
58.084
  7
Style-cs_Working
 11
-565477.572
 21
-1187893.242
 31
0.0
100
AcDbText
 73
     3
  0
POINT
  5
295F
330
2A71
100
AcDbEntity
  8
Vrstva 58
  6
Continuous
 62
     7
370
    30
100
AcDbPoint
 10
-565473.79
 20
-1187888.84
 30
0.0
  0
TEXT
  5
2960
330
2A71
100
AcDbEntity
  8
Vrstva 59
  6
Continuous
 62
    32
370
     0
100
AcDbText
 10
-565473.785382
 20
-1187888.548507
 30
0.0
 40
0.75
  1
86
 50
58.084
  7
Style-cs_Working
 11
-565474.422
 21
-1187888.152
 31
0.0
100
AcDbText
 73
     3
  0
POINT
  5
2961
330
2A71
100
AcDbEntity
  8
Vrstva 58
  6
Continuous
 62
     7
370
    30
100
AcDbPoint
 10
-565475.42
 20
-1187889.21
 30
0.0
  0
TEXT
  5
2962
330
2A71
100
AcDbEntity
  8
Vrstva 59
  6
Continuous
 62
    32
370
     0
100
AcDbText
 10
-565475.415382
 20
-1187888.918507
 30
0.0
 40
0.75
  1
87
 50
58.084
  7
Style-cs_Working
 11
-565476.052
 21
-1187888.522
 31
0.0
100
AcDbText
 73
     3
  0
POINT
  5
2963
330
2A71
100
AcDbEntity
  8
Vrstva 58
  6
Continuous
 62
     7
370
    30
100
AcDbPoint
 10
-565462.78
 20
-1187903.87
 30
0.0
  0
TEXT
  5
2964
330
2A71
100
AcDbEntity
  8
Vrstva 59
  6
Continuous
 62
    32
370
     0
100
AcDbText
 10
-565462.775382
 20
-1187903.578507
 30
0.0
 40
0.75
  1
91
 50
58.084
  7
Style-cs_Working
 11
-565463.412
 21
-1187903.182
 31
0.0
100
AcDbText
 73
     3
  0
POINT
  5
2965
330
2A71
100
AcDbEntity
  8
Vrstva 58
  6
Continuous
 62
     7
370
    30
100
AcDbPoint
 10
-565460.81
 20
-1187900.94
 30
0.0
  0
TEXT
  5
2966
330
2A71
100
AcDbEntity
  8
Vrstva 59
  6
Continuous
 62
    32
370
     0
100
AcDbText
 10
-565460.805382
 20
-1187900.648507
 30
0.0
 40
0.75
  1
92
 50
58.084
  7
Style-cs_Working
 11
-565461.442
 21
-1187900.252
 31
0.0
100
AcDbText
 73
     3
  0
POINT
  5
2967
330
2A71
100
AcDbEntity
  8
Vrstva 58
  6
Continuous
 62
     7
370
    30
100
AcDbPoint
 10
-565459.07
 20
-1187898.01
 30
0.0
  0
TEXT
  5
2968
330
2A71
100
AcDbEntity
  8
Vrstva 59
  6
Continuous
 62
    32
370
     0
100
AcDbText
 10
-565459.065382
 20
-1187897.718507
 30
0.0
 40
0.75
  1
93
 50
58.084
  7
Style-cs_Working
 11
-565459.702
 21
-1187897.322
 31
0.0
100
AcDbText
 73
     3
  0
POINT
  5
2969
330
2A71
100
AcDbEntity
  8
Vrstva 58
  6
Continuous
 62
     7
370
    30
100
AcDbPoint
 10
-565452.55
 20
-1187906.73
 30
0.0
  0
TEXT
  5
296A
330
2A71
100
AcDbEntity
  8
Vrstva 59
  6
Continuous
 62
    32
370
     0
100
AcDbText
 10
-565452.545382
 20
-1187906.438507
 30
0.0
 40
0.75
  1
94
 50
58.084
  7
Style-cs_Working
 11
-565453.182
 21
-1187906.042
 31
0.0
100
AcDbText
 73
     3
  0
POINT
  5
296B
330
2A71
100
AcDbEntity
  8
Vrstva 58
  6
Continuous
 62
     7
370
    30
100
AcDbPoint
 10
-565453.77
 20
-1187884.28
 30
0.0
  0
TEXT
  5
296C
330
2A71
100
AcDbEntity
  8
Vrstva 59
  6
Continuous
 62
    32
370
     0
100
AcDbText
 10
-565453.765382
 20
-1187883.988507
 30
0.0
 40
0.75
  1
95
 50
58.084
  7
Style-cs_Working
 11
-565454.402
 21
-1187883.592
 31
0.0
100
AcDbText
 73
     3
  0
POINT
  5
296D
330
2A71
100
AcDbEntity
  8
Vrstva 58
  6
Continuous
 62
     7
370
    30
100
AcDbPoint
 10
-565464.22
 20
-1187888.07
 30
0.0
  0
TEXT
  5
296E
330
2A71
100
AcDbEntity
  8
Vrstva 59
  6
Continuous
 62
    32
370
     0
100
AcDbText
 10
-565464.215382
 20
-1187887.778507
 30
0.0
 40
0.75
  1
96
 50
58.084
  7
Style-cs_Working
 11
-565464.852
 21
-1187887.382
 31
0.0
100
AcDbText
 73
     3
  0
POINT
  5
296F
330
2A71
100
AcDbEntity
  8
Vrstva 58
  6
Continuous
 62
     7
370
    30
100
AcDbPoint
 10
-565490.89
 20
-1187930.31
 30
0.0
  0
TEXT
  5
2970
330
2A71
100
AcDbEntity
  8
Vrstva 59
  6
Continuous
 62
    32
370
     0
100
AcDbText
 10
-565490.885382
 20
-1187930.018507
 30
0.0
 40
0.75
  1
97
 50
58.084
  7
Style-cs_Working
 11
-565491.522
 21
-1187929.622
 31
0.0
100
AcDbText
 73
     3
  0
POINT
  5
2971
330
2A71
100
AcDbEntity
  8
Vrstva 58
  6
Continuous
 62
     7
370
    30
100
AcDbPoint
 10
-565479.77
 20
-1187925.68
 30
0.0
  0
TEXT
  5
2972
330
2A71
100
AcDbEntity
  8
Vrstva 59
  6
Continuous
 62
    32
370
     0
100
AcDbText
 10
-565479.765382
 20
-1187925.388507
 30
0.0
 40
0.75
  1
98
 50
58.084
  7
Style-cs_Working
 11
-565480.402
 21
-1187924.992
 31
0.0
100
AcDbText
 73
     3
  0
POINT
  5
2973
330
2A71
100
AcDbEntity
  8
Vrstva 58
  6
Continuous
 62
     7
370
    30
100
AcDbPoint
 10
-565468.52
 20
-1187907.86
 30
0.0
  0
TEXT
  5
2974
330
2A71
100
AcDbEntity
  8
Vrstva 59
  6
Continuous
 62
    32
370
     0
100
AcDbText
 10
-565468.515382
 20
-1187907.568507
 30
0.0
 40
0.75
  1
99
 50
58.084
  7
Style-cs_Working
 11
-565469.152
 21
-1187907.172
 31
0.0
100
AcDbText
 73
     3
  0
INSERT
  5
2A08
330
2A71
100
AcDbEntity
  8
Vrstva 22
  6
Continuous
 62
     3
370
     0
100
AcDbBlockReference
  2
3.13
 10
-565462.78
 20
-1187903.87
 30
0.0
 50
62.568574
  0
INSERT
  5
2A0E
330
2A71
100
AcDbEntity
  8
Vrstva 22
  6
Continuous
 62
     3
370
     0
100
AcDbBlockReference
  2
3.13
 10
-565460.81
 20
-1187900.94
 30
0.0
 50
62.568574
  0
INSERT
  5
2A14
330
2A71
100
AcDbEntity
  8
Vrstva 22
  6
Continuous
 62
     3
370
     0
100
AcDbBlockReference
  2
3.13
 10
-565459.07
 20
-1187898.01
 30
0.0
 50
62.568574
  0
INSERT
  5
2A1A
330
2A71
100
AcDbEntity
  8
Vrstva 25
  6
Continuous
 62
    12
370
     0
100
AcDbBlockReference
  2
6.01A
 10
-565460.69
 20
-1187909.44
 30
0.0
 50
62.568574
  0
INSERT
  5
2A20
330
2A71
100
AcDbEntity
  8
Vrstva 25
  6
Continuous
 62
    12
370
     0
100
AcDbBlockReference
  2
6.01A
 10
-565478.37
 20
-1187934.95
 30
0.0
 50
62.568574
  0
INSERT
  5
2A26
330
2A71
100
AcDbEntity
  8
Vrstva 25
  6
Continuous
 62
    12
370
     0
100
AcDbBlockReference
  2
6.01A
 10
-565485.77
 20
-1187917.71
 30
0.0
 50
62.568574
  0
INSERT
  5
2A2C
330
2A71
100
AcDbEntity
  8
Vrstva 25
  6
Continuous
 62
    12
370
     0
100
AcDbBlockReference
  2
6.01A
 10
-565473.79
 20
-1187897.52
 30
0.0
 50
62.568574
  0
INSERT
  5
2A32
330
2A71
100
AcDbEntity
  8
Vrstva 25
  6
Continuous
 62
    12
370
     0
100
AcDbBlockReference
  2
6.01A
 10
-565461.08
 20
-1187876.57
 30
0.0
 50
62.568574
  0
LINE
  5
2A3F
330
2A71
100
AcDbEntity
  8
Vrstva 5
  6
Continuous
 62
    32
370
     0
100
AcDbLine
 10
-565501.41
 20
-1187927.4
 30
0.0
 11
-565498.52
 21
-1187922.97
 31
0.0
  0
LINE
  5
2A40
330
2A71
100
AcDbEntity
  8
Vrstva 5
  6
Continuous
 62
    32
370
     0
100
AcDbLine
 10
-565498.52
 20
-1187922.97
 30
0.0
 11
-565497.22
 21
-1187923.72
 31
0.0
  0
LINE
  5
2A41
330
2A71
100
AcDbEntity
  8
Vrstva 5
  6
Continuous
 62
    32
370
     0
100
AcDbLine
 10
-565497.22
 20
-1187923.72
 30
0.0
 11
-565496.61
 21
-1187922.87
 31
0.0
  0
LINE
  5
2A43
330
2A71
100
AcDbEntity
  8
Vrstva 5
  6
Continuous
 62
    32
370
     0
100
AcDbLine
 10
-565494.19
 20
-1187918.89
 30
0.0
 11
-565494.62
 21
-1187919.78
 31
0.0
  0
LINE
  5
2A44
330
2A71
100
AcDbEntity
  8
Vrstva 5
  6
Continuous
 62
    32
370
     0
100
AcDbLine
 10
-565492.15
 20
-1187915.67
 30
0.0
 11
-565494.19
 21
-1187918.89
 31
0.0
  0
POINT
  5
2A45
330
2A71
100
AcDbEntity
  8
Vrstva 5
  6
Continuous
 62
    32
370
     0
100
AcDbPoint
 10
-565492.15
 20
-1187915.67
 30
0.0
  0
LINE
  5
2A46
330
2A71
100
AcDbEntity
  8
Vrstva 5
  6
Continuous
 62
    32
370
     0
100
AcDbLine
 10
-565482.12
 20
-1187897.02
 30
0.0
 11
-565474.1
 21
-1187884.35
 31
0.0
  0
LINE
  5
2A47
330
2A71
100
AcDbEntity
  8
Vrstva 5
  6
Continuous
 62
    32
370
     0
100
AcDbLine
 10
-565474.1
 20
-1187884.35
 30
0.0
 11
-565470.62
 21
-1187878.8
 31
0.0
  0
LINE
  5
2A48
330
2A71
100
AcDbEntity
  8
Vrstva 5
  6
Continuous
 62
    32
370
     0
100
AcDbLine
 10
-565474.1
 20
-1187884.35
 30
0.0
 11
-565472.89
 21
-1187885.1
 31
0.0
  0
LINE
  5
2A49
330
2A71
100
AcDbEntity
  8
Vrstva 5
  6
Continuous
 62
    32
370
     0
100
AcDbLine
 10
-565472.89
 20
-1187885.1
 30
0.0
 11
-565477.93
 21
-1187893.21
 31
0.0
  0
LINE
  5
2A4A
330
2A71
100
AcDbEntity
  8
Vrstva 5
  6
Continuous
 62
    32
370
     0
100
AcDbLine
 10
-565477.93
 20
-1187893.21
 30
0.0
 11
-565479.206255
 21
-1187892.416865
 31
0.0
  0
LINE
  5
2A53
330
2A71
100
AcDbEntity
  8
Vrstva 5
  6
Continuous
 62
    32
370
     0
100
AcDbLine
 10
-565473.27
 20
-1187932.67
 30
0.0
 11
-565467.96
 21
-1187924.43
 31
0.0
  0
LINE
  5
2A54
330
2A71
100
AcDbEntity
  8
Vrstva 5
  6
Continuous
 62
    32
370
     0
100
AcDbLine
 10
-565467.96
 20
-1187924.43
 30
0.0
 11
-565465.61
 21
-1187920.98
 31
0.0
  0
LINE
  5
2A55
330
2A71
100
AcDbEntity
  8
Vrstva 5
  6
Continuous
 62
    32
370
     0
100
AcDbLine
 10
-565465.61
 20
-1187920.98
 30
0.0
 11
-565464.96
 21
-1187921.41
 31
0.0
  0
LINE
  5
2A56
330
2A71
100
AcDbEntity
  8
Vrstva 5
  6
Continuous
 62
    32
370
     0
100
AcDbLine
 10
-565465.61
 20
-1187920.98
 30
0.0
 11
-565463.75
 21
-1187918.19
 31
0.0
  0
LINE
  5
2A57
330
2A71
100
AcDbEntity
  8
Vrstva 5
  6
Continuous
 62
    32
370
     0
100
AcDbLine
 10
-565462.91
 20
-1187916.82
 30
0.0
 11
-565461.86
 21
-1187915.04
 31
0.0
  0
LINE
  5
2A58
330
2A71
100
AcDbEntity
  8
Vrstva 5
  6
Continuous
 62
    32
370
     0
100
AcDbLine
 10
-565461.86
 20
-1187915.04
 30
0.0
 11
-565459.11
 21
-1187910.93
 31
0.0
  0
LINE
  5
2A59
330
2A71
100
AcDbEntity
  8
Vrstva 5
  6
Continuous
 62
    32
370
     0
100
AcDbLine
 10
-565448.21
 20
-1187893.13
 30
0.0
 11
-565447.29
 21
-1187891.4
 31
0.0
  0
LINE
  5
2A5A
330
2A71
100
AcDbEntity
  8
Vrstva 5
  6
Continuous
 62
    32
370
     0
100
AcDbLine
 10
-565447.29
 20
-1187891.4
 30
0.0
 11
-565441.5
 21
-1187882.48
 31
0.0
  0
LINE
  5
2A5C
330
2A71
100
AcDbEntity
  8
Vrstva 10
  6
Continuous
 62
     4
370
     0
100
AcDbLine
 10
-565492.42
 20
-1187934.86
 30
0.0
 11
-565488.4
 21
-1187938.32
 31
0.0
  0
LINE
  5
2A5D
330
2A71
100
AcDbEntity
  8
Vrstva 10
  6
Continuous
 62
     4
370
     0
100
AcDbLine
 10
-565488.4
 20
-1187938.32
 30
0.0
 11
-565482.09
 21
-1187927.75
 31
0.0
  0
LINE
  5
2A5E
330
2A71
100
AcDbEntity
  8
Vrstva 10
  6
Continuous
 62
     4
370
     0
100
AcDbLine
 10
-565482.09
 20
-1187927.75
 30
0.0
 11
-565476.56
 21
-1187919.16
 31
0.0
  0
LINE
  5
2A5F
330
2A71
100
AcDbEntity
  8
Vrstva 10
  6
Continuous
 62
     4
370
     0
100
AcDbLine
 10
-565476.56
 20
-1187919.16
 30
0.0
 11
-565468.05
 21
-1187905.45
 31
0.0
  0
LINE
  5
2A60
330
2A71
100
AcDbEntity
  8
Vrstva 10
  6
Continuous
 62
     4
370
     0
100
AcDbLine
 10
-565468.05
 20
-1187905.45
 30
0.0
 11
-565462.18
 21
-1187896.03
 31
0.0
  0
LINE
  5
2A61
330
2A71
100
AcDbEntity
  8
Vrstva 10
  6
Continuous
 62
     4
370
     0
100
AcDbLine
 10
-565462.18
 20
-1187896.03
 30
0.0
 11
-565453.26
 21
-1187881.9
 31
0.0
  0
LINE
  5
2A62
330
2A71
100
AcDbEntity
  8
Vrstva 10
  6
Continuous
 62
     4
370
     0
100
AcDbLine
 10
-565457.47
 20
-1187878.73
 30
0.0
 11
-565466.48
 21
-1187893.43
 31
0.0
  0
LINE
  5
2A63
330
2A71
100
AcDbEntity
  8
Vrstva 10
  6
Continuous
 62
     4
370
     0
100
AcDbLine
 10
-565466.48
 20
-1187893.43
 30
0.0
 11
-565472.37
 21
-1187902.87
 31
0.0
  0
LINE
  5
2A64
330
2A71
100
AcDbEntity
  8
Vrstva 10
  6
Continuous
 62
     4
370
     0
100
AcDbLine
 10
-565472.37
 20
-1187902.87
 30
0.0
 11
-565492.42
 21
-1187934.86
 31
0.0
  0
LINE
  5
2A65
330
2A71
100
AcDbEntity
  8
Vrstva 6
  6
Continuous
 62
    14
370
    30
100
AcDbLine
 10
-565494.62
 20
-1187919.78
 30
0.0
 11
-565496.61
 21
-1187922.87
 31
0.0
  0
LINE
  5
2A66
330
2A71
100
AcDbEntity
  8
Vrstva 6
  6
Continuous
 62
    14
370
    30
100
AcDbLine
 10
-565463.75
 20
-1187918.19
 30
0.0
 11
-565462.91
 21
-1187916.82
 31
0.0
  0
LINE
  5
33C5
330
2A71
100
AcDbEntity
  8
Vrstva 7
  6
Continuous
 62
    25
370
    30
100
AcDbLine
 10
-565485.18
 20
-1187920.05
 30
0.0
 11
-565476.22
 21
-1187905.86
 31
0.0
  0
LINE
  5
33C6
330
2A71
100
AcDbEntity
  8
Vrstva 7
  6
Continuous
 62
    25
370
    30
100
AcDbLine
 10
-565474.06
 20
-1187902.39
 30
0.0
 11
-565469.8
 21
-1187895.68
 31
0.0
  0
LINE
  5
33C7
330
2A71
100
AcDbEntity
  8
Vrstva 7
  6
Continuous
 62
    25
370
    30
100
AcDbLine
 10
-565469.16
 20
-1187894.59
 30
0.0
 11
-565467.88
 21
-1187892.42
 31
0.0
  0
LINE
  5
33C8
330
2A71
100
AcDbEntity
  8
Vrstva 7
  6
Continuous
 62
    25
370
    30
100
AcDbLine
 10
-565466.16
 20
-1187889.83
 30
0.0
 11
-565458.78
 21
-1187877.93
 31
0.0
  0
LINE
  5
33C9
330
2A71
100
AcDbEntity
  8
Vrstva 7
  6
Continuous
 62
    25
370
    30
100
AcDbLine
 10
-565458.78
 20
-1187877.93
 30
0.0
 11
-565461.08
 21
-1187876.57
 31
0.0
  0
LINE
  5
33CA
330
2A71
100
AcDbEntity
  8
Vrstva 7
  6
Continuous
 62
    25
370
    30
100
AcDbLine
 10
-565487.11
 20
-1187923.21
 30
0.0
 11
-565488.38
 21
-1187925.14
 31
0.0
  0
LINE
  5
33CB
330
2A71
100
AcDbEntity
  8
Vrstva 7
  6
Continuous
 62
    25
370
    30
100
AcDbLine
 10
-565488.9
 20
-1187926.19
 30
0.0
 11
-565492.18
 21
-1187931.27
 31
0.0
  0
LINE
  5
33CC
330
2A71
100
AcDbEntity
  8
Vrstva 7
  6
Continuous
 62
    25
370
    30
100
AcDbLine
 10
-565492.18
 20
-1187931.27
 30
0.0
 11
-565501.41
 21
-1187927.4
 31
0.0
  0
ENDSEC
  0
SECTION
  2
OBJECTS
  0
DICTIONARY
  5
2A78
330
0
100
AcDbDictionary
281
     1
  3
ACAD_COLOR
350
2AB6
  3
ACAD_DETAILVIEWSTYLE
350
2B20
  3
ACAD_GROUP
350
2AA3
  3
ACAD_LAYOUT
350
2A85
  3
ACAD_MATERIAL
350
2A7A
  3
ACAD_MLEADERSTYLE
350
2AB9
  3
ACAD_MLINESTYLE
350
2AA4
  3
ACAD_PLOTSETTINGS
350
2AA5
  3
ACAD_PLOTSTYLENAME
350
2A77
  3
ACAD_SCALELIST
350
2AB7
  3
ACAD_SECTIONVIEWSTYLE
350
2B1E
  3
ACAD_TABLESTYLE
350
2AB8
  3
ACAD_VISUALSTYLE
350
2A9D
  3
AcadDim
350
2AF9
  3
ACDB_RECOMPOSE_DATA
350
33CE
  3
AcDbVariableDictionary
350
2ABA
  3
MicroStation
350
2AF0
  0
DICTIONARY
  5
2A90
330
2A8F
100
AcDbDictionary
280
     1
281
     1
  3
ACAD_LAYERFILTERS
360
2AEE
  3
ACAD_LAYERSTATES
360
2A91
  3
ACLYDICTIONARY
360
2AEF
  0
DICTIONARY
  5
2A74
330
2A73
100
AcDbDictionary
280
     1
281
     1
  3
ADSK_XREC_LAYER_RECONCILED
360
2A75
  0
DICTIONARY
  5
2AB6
102
{ACAD_REACTORS
330
2A78
102
}
330
2A78
100
AcDbDictionary
281
     1
  0
DICTIONARY
  5
2B20
102
{ACAD_REACTORS
330
2A78
102
}
330
2A78
100
AcDbDictionary
281
     1
  3
Imperial24
350
2B21
  0
DICTIONARY
  5
2AA3
102
{ACAD_REACTORS
330
2A78
102
}
330
2A78
100
AcDbDictionary
281
     1
  0
DICTIONARY
  5
2A85
102
{ACAD_REACTORS
330
2A78
102
}
330
2A78
100
AcDbDictionary
281
     1
  3
Layout1
350
2A8B
  3
Model
350
2A84
  0
DICTIONARY
  5
2A7A
102
{ACAD_REACTORS
330
2A78
102
}
330
2A78
100
AcDbDictionary
281
     1
  3
ByBlock
350
2AAE
  3
ByLayer
350
2AA6
  3
Global
350
2A79
  0
DICTIONARY
  5
2AB9
102
{ACAD_REACTORS
330
2A78
102
}
330
2A78
100
AcDbDictionary
281
     1
  3
Standard
350
2AFA
  0
DICTIONARY
  5
2AA4
102
{ACAD_REACTORS
330
2A78
102
}
330
2A78
100
AcDbDictionary
281
     1
  3
Standard
350
2AC5
  0
DICTIONARY
  5
2AA5
102
{ACAD_REACTORS
330
2A78
102
}
330
2A78
100
AcDbDictionary
281
     1
  0
ACDBDICTIONARYWDFLT
  5
2A77
102
{ACAD_REACTORS
330
2A78
102
}
330
2A78
100
AcDbDictionary
281
     1
  3
Normal
350
2A76
100
AcDbDictionaryWithDefault
340
2A76
  0
DICTIONARY
  5
2AB7
102
{ACAD_REACTORS
330
2A78
102
}
330
2A78
100
AcDbDictionary
281
     1
  3
A0
350
2ACA
  3
A1
350
2ACB
  3
A2
350
2ACC
  3
A3
350
2ACD
  3
A4
350
2ACE
  3
A5
350
2ACF
  3
A6
350
2AD0
  3
A7
350
2AD1
  3
A8
350
2AD2
  3
A9
350
2AD3
  3
B0
350
2AD4
  3
B1
350
2AD5
  3
B2
350
2AD6
  3
B3
350
2AD7
  3
B4
350
2AD8
  3
B5
350
2AD9
  3
B6
350
2ADA
  3
B7
350
2ADB
  3
B8
350
2ADC
  3
B9
350
2ADD
  3
C0
350
2ADE
  3
C1
350
2ADF
  3
C2
350
2AE0
  3
C3
350
2AE1
  3
C4
350
2AE2
  3
C5
350
2AE3
  3
C6
350
2AE4
  3
C7
350
2AE5
  3
C8
350
2AE6
  3
C9
350
2AE7
  3
D0
350
2AE8
  3
D1
350
2AE9
  3
D2
350
2AEA
  0
DICTIONARY
  5
2B1E
102
{ACAD_REACTORS
330
2A78
102
}
330
2A78
100
AcDbDictionary
281
     1
  3
Imperial24
350
2B1F
  0
DICTIONARY
  5
2AB8
102
{ACAD_REACTORS
330
2A78
102
}
330
2A78
100
AcDbDictionary
281
     1
  3
Standard
350
2AC6
  0
DICTIONARY
  5
2A9D
102
{ACAD_REACTORS
330
2A78
102
}
330
2A78
100
AcDbDictionary
281
     1
  3
2dWireframe
350
2A9C
  3
Basic
350
2B0D
  3
Brighten
350
2B11
  3
ColorChange
350
2B15
  3
Conceptual
350
2B0F
  3
Dim
350
2B10
  3
EdgeColorOff
350
2B1D
  3
Facepattern
350
2B14
  3
Flat
350
2B09
  3
FlatWithEdges
350
2B0A
  3
Gouraud
350
2B0B
  3
GouraudWithEdges
350
2B0C
  3
Hidden
350
2B0E
  3
JitterOff
350
2B1B
  3
Linepattern
350
2B13
  3
OverhangOff
350
2B1C
  3
Realistic
350
2AC8
  3
Shaded
350
2B1A
  3
Shaded with edges
350
2B19
  3
Shades of Gray
350
2B16
  3
Sketchy
350
2B17
  3
Thicken
350
2B12
  3
Wireframe
350
2AC9
  3
X-Ray
350
2B18
  0
XRECORD
  5
2AF9
102
{ACAD_REACTORS
330
2A78
102
}
330
2A78
100
AcDbXrecord
280
     1
 90
   990106
  3
 
 60
     0
 61
     0
 62
     1
 63
     1
 64
     0
 65
     0
 66
     0
 67
     3
 68
     1
 69
     1
 70
     0
 71
     0
 72
     0
 40
0.0
170
     0
  0
XRECORD
  5
33CE
102
{ACAD_REACTORS
330
2A78
102
}
330
2A78
100
AcDbXrecord
280
     1
 90
        1
330
2AC6
  0
DICTIONARY
  5
2ABA
102
{ACAD_REACTORS
330
2A78
102
}
330
2A78
100
AcDbDictionary
281
     1
  3
CANNOSCALE
350
2ABB
  3
CMLEADERSTYLE
350
2ABC
  3
CTABLESTYLE
350
2ABD
  3
CVIEWDETAILSTYLE
350
2ABE
  3
CVIEWSECTIONSTYLE
350
2ABF
  3
DIMASSOC
350
2AC0
  3
HIDETEXT
350
2AC1
  3
LAYEREVAL
350
2AC2
  3
LAYERNOTIFY
350
2AC3
  3
MSLTSCALE
350
2AC4
  3
PDFFRAME
350
2B03
  0
DICTIONARY
  5
2AF0
102
{ACAD_REACTORS
330
2A78
102
}
330
2A78
100
AcDbDictionary
281
     1
  0
DICTIONARY
  5
2AEE
102
{ACAD_REACTORS
330
2A90
102
}
330
2A90
100
AcDbDictionary
281
     1
  0
DICTIONARY
  5
2A91
102
{ACAD_REACTORS
330
2A90
102
}
330
2A90
100
AcDbDictionary
281
     1
  0
DICTIONARY
  5
2AEF
102
{ACAD_REACTORS
330
2A90
102
}
330
2A90
100
AcDbDictionary
281
     1
  0
XRECORD
  5
2A75
102
{ACAD_REACTORS
330
2A74
102
}
330
2A74
100
AcDbXrecord
280
     1
290
     1
  0
ACDBDETAILVIEWSTYLE
  5
2B21
102
{ACAD_REACTORS
330
2B20
102
}
330
2B20
100
AcDbModelDocViewStyle
 70
     0
  3
Imperial24
290
     0
300
Imperial24
 90
        0
100
AcDbDetailViewStyle
 70
     0
 71
     0
 90
        3
 71
     1
340
2A93
 62
   256
 40
0.24
340
0
 62
   256
 40
0.24
300

 40
0.36
280
     3
 71
     2
340
2A82
 90
       25
 62
   256
 71
     3
340
2A93
 62
   256
 40
0.24
 90
        1
 40
0.75
 90
        1
300
%<\AcVar ViewType \f "%tc1">% %<\AcVar ViewDetailId>%\PSCALE %<\AcVar ViewScale \f "%sn">%
 71
     4
340
2A82
 90
       25
 62
   256
340
2A82
 90
       25
 62
   256
280
     0
  0
LAYOUT
  5
2A8B
102
{ACAD_XDICTIONARY
360
2A8C
102
}
102
{ACAD_REACTORS
330
2A85
102
}
330
2A85
100
AcDbPlotSettings
  1

  2
none_device
  4
Letter_(8.50_x_11.00_Inches)
  6

 40
6.35
 41
6.35
 42
6.350006
 43
6.350006
 44
215.899994
 45
279.399994
 46
0.0
 47
0.0
 48
0.0
 49
0.0
140
0.0
141
0.0
142
1.0
143
1.0
 70
   688
 72
     0
 73
     1
 74
     5
  7

 75
    16
147
1.0
 76
     0
 77
     2
 78
   300
148
0.0
149
0.0
100
AcDbLayout
  1
Layout1
 70
     1
 71
     1
 10
-0.25
 20
-0.25
 11
10.75
 21
8.25
 12
0.0
 22
0.0
 32
0.0
 14
1.05
 24
0.8
 34
0.0
 15
9.45
 25
7.2
 35
0.0
146
0.0
 13
0.0
 23
0.0
 33
0.0
 16
1.0
 26
0.0
 36
0.0
 17
0.0
 27
1.0
 37
0.0
 76
     0
330
2A88
1001
ACAD_PSEXT
1000
None
1000
None
1000
Not applicable
1000
The layout will not be plotted unless a new plotter configuration name is selected.
1070
     0
  0
LAYOUT
  5
2A84
102
{ACAD_XDICTIONARY
360
2A86
102
}
102
{ACAD_REACTORS
330
2A85
102
}
330
2A85
100
AcDbPlotSettings
  1

  2
none_device
  4
ANSI_A_(8.50_x_11.00_Inches)
  6

 40
6.35
 41
19.049999
 42
6.350006
 43
19.049988
 44
215.899994
 45
279.399994
 46
0.0
 47
0.0
 48
0.0
 49
0.0
140
0.0
141
0.0
142
1.0
143
2.584895
 70
 11952
 72
     0
 73
     1
 74
     0
  7

 75
     0
147
0.386863
 76
     0
 77
     2
 78
   300
148
0.0
149
0.0
100
AcDbLayout
  1
Model
 70
     1
 71
     0
 10
0.0
 20
0.0
 11
12.0
 21
9.0
 12
0.0
 22
0.0
 32
0.0
 14
0.0
 24
0.0
 34
0.0
 15
0.0
 25
0.0
 35
0.0
146
0.0
 13
0.0
 23
0.0
 33
0.0
 16
1.0
 26
0.0
 36
0.0
 17
0.0
 27
1.0
 37
0.0
 76
     0
330
2A71
331
2A9B
  0
MATERIAL
  5
2AAE
102
{ACAD_XDICTIONARY
360
2AAF
102
}
102
{ACAD_REACTORS
330
2A7A
102
}
330
2A7A
100
AcDbMaterial
  1
ByBlock
 72
     0
 43
0.020833
 43
0.0
 43
0.0
 43
0.0
 43
0.0
 43
0.020833
 43
0.0
 43
0.0
 43
0.0
 43
0.0
 43
1.0
 43
0.0
 43
0.0
 43
0.0
 43
0.0
 43
1.0
 77
     0
 47
0.020833
 47
0.0
 47
0.0
 47
0.0
 47
0.0
 47
0.020833
 47
0.0
 47
0.0
 47
0.0
 47
0.0
 47
1.0
 47
0.0
 47
0.0
 47
0.0
 47
0.0
 47
1.0
171
     0
 49
0.020833
 49
0.0
 49
0.0
 49
0.0
 49
0.0
 49
0.020833
 49
0.0
 49
0.0
 49
0.0
 49
0.0
 49
1.0
 49
0.0
 49
0.0
 49
0.0
 49
0.0
 49
1.0
175
     0
142
0.020833
142
0.0
142
0.0
142
0.0
142
0.0
142
0.020833
142
0.0
142
0.0
142
0.0
142
0.0
142
1.0
142
0.0
142
0.0
142
0.0
142
0.0
142
1.0
179
     0
144
0.020833
144
0.0
144
0.0
144
0.0
144
0.0
144
0.020833
144
0.0
144
0.0
144
0.0
144
0.0
144
1.0
144
0.0
144
0.0
144
0.0
144
0.0
144
1.0
147
0.020833
147
0.0
147
0.0
147
0.0
147
0.0
147
0.020833
147
0.0
147
0.0
147
0.0
147
0.0
147
1.0
147
0.0
147
0.0
147
0.0
147
0.0
147
1.0
  0
MATERIAL
  5
2AA6
102
{ACAD_XDICTIONARY
360
2AA7
102
}
102
{ACAD_REACTORS
330
2A7A
102
}
330
2A7A
100
AcDbMaterial
  1
ByLayer
 72
     0
 43
0.020833
 43
0.0
 43
0.0
 43
0.0
 43
0.0
 43
0.020833
 43
0.0
 43
0.0
 43
0.0
 43
0.0
 43
1.0
 43
0.0
 43
0.0
 43
0.0
 43
0.0
 43
1.0
 77
     0
 47
0.020833
 47
0.0
 47
0.0
 47
0.0
 47
0.0
 47
0.020833
 47
0.0
 47
0.0
 47
0.0
 47
0.0
 47
1.0
 47
0.0
 47
0.0
 47
0.0
 47
0.0
 47
1.0
171
     0
 49
0.020833
 49
0.0
 49
0.0
 49
0.0
 49
0.0
 49
0.020833
 49
0.0
 49
0.0
 49
0.0
 49
0.0
 49
1.0
 49
0.0
 49
0.0
 49
0.0
 49
0.0
 49
1.0
175
     0
142
0.020833
142
0.0
142
0.0
142
0.0
142
0.0
142
0.020833
142
0.0
142
0.0
142
0.0
142
0.0
142
1.0
142
0.0
142
0.0
142
0.0
142
0.0
142
1.0
179
     0
144
0.020833
144
0.0
144
0.0
144
0.0
144
0.0
144
0.020833
144
0.0
144
0.0
144
0.0
144
0.0
144
1.0
144
0.0
144
0.0
144
0.0
144
0.0
144
1.0
147
0.020833
147
0.0
147
0.0
147
0.0
147
0.0
147
0.020833
147
0.0
147
0.0
147
0.0
147
0.0
147
1.0
147
0.0
147
0.0
147
0.0
147
0.0
147
1.0
  0
MATERIAL
  5
2A79
102
{ACAD_XDICTIONARY
360
2A7B
102
}
102
{ACAD_REACTORS
330
2A7A
102
}
330
2A7A
100
AcDbMaterial
  1
Global
 72
     0
 43
0.020833
 43
0.0
 43
0.0
 43
0.0
 43
0.0
 43
0.020833
 43
0.0
 43
0.0
 43
0.0
 43
0.0
 43
1.0
 43
0.0
 43
0.0
 43
0.0
 43
0.0
 43
1.0
 77
     0
 47
0.020833
 47
0.0
 47
0.0
 47
0.0
 47
0.0
 47
0.020833
 47
0.0
 47
0.0
 47
0.0
 47
0.0
 47
1.0
 47
0.0
 47
0.0
 47
0.0
 47
0.0
 47
1.0
171
     0
 49
0.020833
 49
0.0
 49
0.0
 49
0.0
 49
0.0
 49
0.020833
 49
0.0
 49
0.0
 49
0.0
 49
0.0
 49
1.0
 49
0.0
 49
0.0
 49
0.0
 49
0.0
 49
1.0
175
     0
142
0.020833
142
0.0
142
0.0
142
0.0
142
0.0
142
0.020833
142
0.0
142
0.0
142
0.0
142
0.0
142
1.0
142
0.0
142
0.0
142
0.0
142
0.0
142
1.0
179
     0
144
0.020833
144
0.0
144
0.0
144
0.0
144
0.0
144
0.020833
144
0.0
144
0.0
144
0.0
144
0.0
144
1.0
144
0.0
144
0.0
144
0.0
144
0.0
144
1.0
147
0.020833
147
0.0
147
0.0
147
0.0
147
0.0
147
0.020833
147
0.0
147
0.0
147
0.0
147
0.0
147
1.0
147
0.0
147
0.0
147
0.0
147
0.0
147
1.0
  0
MLEADERSTYLE
  5
2AFA
102
{ACAD_REACTORS
330
2AB9
102
}
330
2AB9
100
AcDbMLeaderStyle
179
     2
170
     2
171
     1
172
     0
 90
        2
 40
0.0
 41
0.0
173
     1
 91
-1023410172
340
2A82
 92
        0
290
     1
 42
0.0
291
     0
 43
0.0
  3

341
2AF3
 44
0.6
300

342
2AF2
174
     1
178
     1
175
     1
176
     0
 93
-1073741824
 45
0.6
292
     0
297
     1
 46
5.0
 94
-1073741824
 47
1.0
 49
1.0
140
1.0
293
     1
141
0.0
294
     1
177
     0
142
1.0
295
     0
296
     1
143
0.125
271
     0
272
     9
273
     9
298
     0
  0
MLINESTYLE
  5
2AC5
102
{ACAD_REACTORS
330
2AA4
102
}
330
2AA4
100
AcDbMlineStyle
  2
STANDARD
 70
     0
  3

 62
   256
 51
90.0
 52
90.0
 71
     2
 49
0.5
 62
   256
  6
BYLAYER
 49
-0.5
 62
   256
  6
BYLAYER
  0
ACDBPLACEHOLDER
  5
2A76
102
{ACAD_REACTORS
330
2A77
102
}
330
2A77
  0
SCALE
  5
2ACA
102
{ACAD_REACTORS
330
2AB7
102
}
330
2AB7
100
AcDbScale
 70
     0
300
1:1
140
1.0
141
1.0
290
     1
  0
SCALE
  5
2ACB
102
{ACAD_REACTORS
330
2AB7
102
}
330
2AB7
100
AcDbScale
 70
     0
300
1:2
140
1.0
141
2.0
290
     0
  0
SCALE
  5
2ACC
102
{ACAD_REACTORS
330
2AB7
102
}
330
2AB7
100
AcDbScale
 70
     0
300
1:4
140
1.0
141
4.0
290
     0
  0
SCALE
  5
2ACD
102
{ACAD_REACTORS
330
2AB7
102
}
330
2AB7
100
AcDbScale
 70
     0
300
1:5
140
1.0
141
5.0
290
     0
  0
SCALE
  5
2ACE
102
{ACAD_REACTORS
330
2AB7
102
}
330
2AB7
100
AcDbScale
 70
     0
300
1:8
140
1.0
141
8.0
290
     0
  0
SCALE
  5
2ACF
102
{ACAD_REACTORS
330
2AB7
102
}
330
2AB7
100
AcDbScale
 70
     0
300
1:10
140
1.0
141
10.0
290
     0
  0
SCALE
  5
2AD0
102
{ACAD_REACTORS
330
2AB7
102
}
330
2AB7
100
AcDbScale
 70
     0
300
1:16
140
1.0
141
16.0
290
     0
  0
SCALE
  5
2AD1
102
{ACAD_REACTORS
330
2AB7
102
}
330
2AB7
100
AcDbScale
 70
     0
300
1:20
140
1.0
141
20.0
290
     0
  0
SCALE
  5
2AD2
102
{ACAD_REACTORS
330
2AB7
102
}
330
2AB7
100
AcDbScale
 70
     0
300
1:30
140
1.0
141
30.0
290
     0
  0
SCALE
  5
2AD3
102
{ACAD_REACTORS
330
2AB7
102
}
330
2AB7
100
AcDbScale
 70
     0
300
1:40
140
1.0
141
40.0
290
     0
  0
SCALE
  5
2AD4
102
{ACAD_REACTORS
330
2AB7
102
}
330
2AB7
100
AcDbScale
 70
     0
300
1:50
140
1.0
141
50.0
290
     0
  0
SCALE
  5
2AD5
102
{ACAD_REACTORS
330
2AB7
102
}
330
2AB7
100
AcDbScale
 70
     0
300
1:100
140
1.0
141
100.0
290
     0
  0
SCALE
  5
2AD6
102
{ACAD_REACTORS
330
2AB7
102
}
330
2AB7
100
AcDbScale
 70
     0
300
2:1
140
2.0
141
1.0
290
     0
  0
SCALE
  5
2AD7
102
{ACAD_REACTORS
330
2AB7
102
}
330
2AB7
100
AcDbScale
 70
     0
300
4:1
140
4.0
141
1.0
290
     0
  0
SCALE
  5
2AD8
102
{ACAD_REACTORS
330
2AB7
102
}
330
2AB7
100
AcDbScale
 70
     0
300
8:1
140
8.0
141
1.0
290
     0
  0
SCALE
  5
2AD9
102
{ACAD_REACTORS
330
2AB7
102
}
330
2AB7
100
AcDbScale
 70
     0
300
10:1
140
10.0
141
1.0
290
     0
  0
SCALE
  5
2ADA
102
{ACAD_REACTORS
330
2AB7
102
}
330
2AB7
100
AcDbScale
 70
     0
300
100:1
140
100.0
141
1.0
290
     0
  0
SCALE
  5
2ADB
102
{ACAD_REACTORS
330
2AB7
102
}
330
2AB7
100
AcDbScale
 70
     0
300
1/128" = 1'-0"
140
0.007813
141
12.0
290
     0
  0
SCALE
  5
2ADC
102
{ACAD_REACTORS
330
2AB7
102
}
330
2AB7
100
AcDbScale
 70
     0
300
1/64" = 1'-0"
140
0.015625
141
12.0
290
     0
  0
SCALE
  5
2ADD
102
{ACAD_REACTORS
330
2AB7
102
}
330
2AB7
100
AcDbScale
 70
     0
300
1/32" = 1'-0"
140
0.03125
141
12.0
290
     0
  0
SCALE
  5
2ADE
102
{ACAD_REACTORS
330
2AB7
102
}
330
2AB7
100
AcDbScale
 70
     0
300
1/16" = 1'-0"
140
0.0625
141
12.0
290
     0
  0
SCALE
  5
2ADF
102
{ACAD_REACTORS
330
2AB7
102
}
330
2AB7
100
AcDbScale
 70
     0
300
3/32" = 1'-0"
140
0.09375
141
12.0
290
     0
  0
SCALE
  5
2AE0
102
{ACAD_REACTORS
330
2AB7
102
}
330
2AB7
100
AcDbScale
 70
     0
300
1/8" = 1'-0"
140
0.125
141
12.0
290
     0
  0
SCALE
  5
2AE1
102
{ACAD_REACTORS
330
2AB7
102
}
330
2AB7
100
AcDbScale
 70
     0
300
3/16" = 1'-0"
140
0.1875
141
12.0
290
     0
  0
SCALE
  5
2AE2
102
{ACAD_REACTORS
330
2AB7
102
}
330
2AB7
100
AcDbScale
 70
     0
300
1/4" = 1'-0"
140
0.25
141
12.0
290
     0
  0
SCALE
  5
2AE3
102
{ACAD_REACTORS
330
2AB7
102
}
330
2AB7
100
AcDbScale
 70
     0
300
3/8" = 1'-0"
140
0.375
141
12.0
290
     0
  0
SCALE
  5
2AE4
102
{ACAD_REACTORS
330
2AB7
102
}
330
2AB7
100
AcDbScale
 70
     0
300
1/2" = 1'-0"
140
0.5
141
12.0
290
     0
  0
SCALE
  5
2AE5
102
{ACAD_REACTORS
330
2AB7
102
}
330
2AB7
100
AcDbScale
 70
     0
300
3/4" = 1'-0"
140
0.75
141
12.0
290
     0
  0
SCALE
  5
2AE6
102
{ACAD_REACTORS
330
2AB7
102
}
330
2AB7
100
AcDbScale
 70
     0
300
1" = 1'-0"
140
1.0
141
12.0
290
     0
  0
SCALE
  5
2AE7
102
{ACAD_REACTORS
330
2AB7
102
}
330
2AB7
100
AcDbScale
 70
     0
300
1-1/2" = 1'-0"
140
1.5
141
12.0
290
     0
  0
SCALE
  5
2AE8
102
{ACAD_REACTORS
330
2AB7
102
}
330
2AB7
100
AcDbScale
 70
     0
300
3" = 1'-0"
140
3.0
141
12.0
290
     0
  0
SCALE
  5
2AE9
102
{ACAD_REACTORS
330
2AB7
102
}
330
2AB7
100
AcDbScale
 70
     0
300
6" = 1'-0"
140
6.0
141
12.0
290
     0
  0
SCALE
  5
2AEA
102
{ACAD_REACTORS
330
2AB7
102
}
330
2AB7
100
AcDbScale
 70
     0
300
1'-0" = 1'-0"
140
12.0
141
12.0
290
     0
  0
ACDBSECTIONVIEWSTYLE
  5
2B1F
102
{ACAD_REACTORS
330
2B1E
102
}
330
2B1E
100
AcDbModelDocViewStyle
 70
     0
  3
Imperial24
290
     0
300
Imperial24
 90
        0
100
AcDbSectionViewStyle
 70
     0
 71
     0
 90
       78
 71
     1
340
2A93
 62
   256
 40
0.24
340
0
340
0
 62
   256
 40
0.24
300
I, O, Q, S, X, Z
 40
0.48
 90
        3
 40
0.18
 90
        1
 71
     2
340
2A82
 90
       25
 62
   256
340
2A82
 90
       50
 62
   256
 40
0.24
 40
0.0
 40
0.24
 71
     3
340
2A93
 62
   256
 40
0.24
 90
        1
 40
0.75
 90
        1
300
%<\AcVar ViewType \f "%tc1">% %<\AcVar ViewSectionStartId>%-%<\AcVar ViewSectionEndId>%\PSCALE %<\AcVar ViewScale \f "%sn">%
 71
     4
 62
   256
 62
   257
300
ANSI31
 40
1.0
 90
        0
290
     0
290
     0
 90
        6
 40
0.0
 40
1.570796
 40
0.261799
 40
1.308997
 40
-0.261799
 40
1.832596
  0
TABLESTYLE
  5
2AC6
102
{ACAD_XDICTIONARY
360
2AC7
102
}
102
{ACAD_REACTORS
330
2AB8
102
}
330
2AB8
100
AcDbTableStyle
280
     0
  3
Standard
 70
     0
 71
     0
 40
0.06
 41
0.06
280
     0
281
     0
  7
Standard
140
0.18
170
     2
 62
     0
 63
     7
283
     0
 90
        4
 91
        0
  1

274
    -2
284
     1
 64
     0
275
    -2
285
     1
 65
     0
276
    -2
286
     1
 66
     0
277
    -2
287
     1
 67
     0
278
    -2
288
     1
 68
     0
279
    -2
289
     1
 69
     0
  7
Standard
140
0.25
170
     5
 62
     0
 63
     7
283
     0
 90
        4
 91
        0
  1

274
    -2
284
     1
 64
     0
275
    -2
285
     1
 65
     0
276
    -2
286
     1
 66
     0
277
    -2
287
     1
 67
     0
278
    -2
288
     1
 68
     0
279
    -2
289
     1
 69
     0
  7
Standard
140
0.18
170
     5
 62
     0
 63
     7
283
     0
 90
        4
 91
        0
  1

274
    -2
284
     1
 64
     0
275
    -2
285
     1
 65
     0
276
    -2
286
     1
 66
     0
277
    -2
287
     1
 67
     0
278
    -2
288
     1
 68
     0
279
    -2
289
     1
 69
     0
  0
VISUALSTYLE
  5
2A9C
102
{ACAD_REACTORS
330
2A9D
102
}
330
2A9D
100
AcDbVisualStyle
  2
2dWireframe
 70
     4
177
     3
291
     0
 70
    58
 90
        0
176
     1
 90
        2
176
     1
 90
        0
176
     1
 90
        0
176
     1
 40
0.6
176
     1
 40
30.0
176
     1
 62
     7
420
 16777215
176
     1
 90
        1
176
     1
 90
        4
176
     1
 62
     7
176
     1
 62
   257
176
     1
 90
        1
176
     1
 90
        1
176
     1
 40
1.0
176
     1
 90
        0
176
     1
 62
   257
176
     1
 40
1.0
176
     1
 90
        1
176
     1
 90
        6
176
     1
 90
        2
176
     1
 62
     7
176
     1
 90
        5
176
     1
 90
        0
176
     1
 90
        0
176
     1
290
     0
176
     1
 90
        1
176
     1
 40
0.0
176
     1
 90
        0
176
     1
290
     1
176
     1
290
     1
176
     1
290
     0
176
     1
290
     0
176
     1
290
     0
176
     1
290
     0
176
     1
290
     0
176
     1
290
     0
176
     1
290
     0
176
     1
 90
       50
176
     1
 40
0.0
176
     1
 40
1.0
176
     1
 90
        0
176
     1
 62
    18
176
     1
 90
       50
176
     1
 90
        3
176
     1
 62
     5
420
      255
176
     1
290
     0
176
     1
 90
       50
176
     1
 90
       50
176
     1
 90
       50
176
     1
290
     0
176
     1
 90
       50
176
     1
 62
   256
176
     0
 40
1.0
176
     0
 90
        2
176
     1
  1
strokes_ogs.tif
176
     1
290
     0
176
     1
 40
1.0
176
     1
 40
1.0
176
     1
  0
VISUALSTYLE
  5
2B0D
102
{ACAD_REACTORS
330
2A9D
102
}
330
2A9D
100
AcDbVisualStyle
  2
Basic
 70
     7
177
     3
291
     1
 70
    58
 90
        1
176
     1
 90
        0
176
     1
 90
        1
176
     1
 90
        0
176
     1
 40
0.6
176
     1
 40
30.0
176
     1
 62
     7
420
 16777215
176
     1
 90
        0
176
     1
 90
        4
176
     1
 62
     7
176
     1
 62
   257
176
     1
 90
        1
176
     1
 90
        1
176
     1
 40
1.0
176
     1
 90
        8
176
     1
 62
     7
176
     1
 40
1.0
176
     1
 90
        1
176
     1
 90
        6
176
     1
 90
        2
176
     1
 62
     7
176
     1
 90
        5
176
     1
 90
        0
176
     1
 90
        0
176
     1
290
     0
176
     1
 90
        1
176
     1
 40
0.0
176
     1
 90
        0
176
     1
290
     0
176
     1
290
     1
176
     1
290
     1
176
     1
290
     0
176
     1
290
     0
176
     1
290
     0
176
     1
290
     0
176
     1
290
     0
176
     1
290
     0
176
     1
 90
       50
176
     1
 40
0.0
176
     1
 40
1.0
176
     1
 90
        0
176
     1
 62
    18
176
     1
 90
       50
176
     1
 90
        3
176
     1
 62
     5
420
      255
176
     1
290
     0
176
     1
 90
       50
176
     1
 90
       50
176
     1
 90
       50
176
     1
290
     0
176
     1
 90
       50
176
     1
 62
   256
176
     0
 40
1.0
176
     0
 90
        2
176
     1
  1
strokes_ogs.tif
176
     1
290
     0
176
     1
 40
1.0
176
     1
 40
1.0
176
     1
  0
VISUALSTYLE
  5
2B11
102
{ACAD_REACTORS
330
2A9D
102
}
330
2A9D
100
AcDbVisualStyle
  2
Brighten
 70
    12
177
     3
291
     1
 70
    58
 90
        2
176
     1
 90
        2
176
     1
 90
        0
176
     1
 90
        0
176
     1
 40
0.6
176
     1
 40
30.0
176
     1
 62
     7
420
 16777215
176
     1
 90
        1
176
     1
 90
        4
176
     1
 62
     7
176
     1
 62
   257
176
     1
 90
        1
176
     1
 90
        1
176
     1
 40
1.0
176
     1
 90
        8
176
     1
 62
     7
176
     1
 40
1.0
176
     1
 90
        1
176
     1
 90
        6
176
     1
 90
        2
176
     1
 62
     7
176
     1
 90
        5
176
     1
 90
        0
176
     1
 90
        0
176
     1
290
     0
176
     1
 90
        1
176
     1
 40
50.0
176
     1
 90
        0
176
     1
290
     0
176
     1
290
     1
176
     1
290
     1
176
     1
290
     0
176
     1
290
     0
176
     1
290
     0
176
     1
290
     0
176
     1
290
     0
176
     1
290
     0
176
     1
 90
       50
176
     1
 40
0.0
176
     1
 40
1.0
176
     1
 90
        0
176
     1
 62
    18
176
     1
 90
       50
176
     1
 90
        3
176
     1
 62
     5
420
      255
176
     1
290
     0
176
     1
 90
       50
176
     1
 90
       50
176
     1
 90
       50
176
     1
290
     0
176
     1
 90
       50
176
     1
 62
   256
176
     0
 40
1.0
176
     0
 90
        2
176
     1
  1
strokes_ogs.tif
176
     1
290
     0
176
     1
 40
1.0
176
     1
 40
1.0
176
     1
  0
VISUALSTYLE
  5
2B15
102
{ACAD_REACTORS
330
2A9D
102
}
330
2A9D
100
AcDbVisualStyle
  2
ColorChange
 70
    16
177
     3
291
     1
 70
    58
 90
        2
176
     1
 90
        2
176
     1
 90
        3
176
     1
 90
        0
176
     1
 40
0.6
176
     1
 40
30.0
176
     1
 62
     8
420
  8421504
176
     1
 90
        1
176
     1
 90
        4
176
     1
 62
     7
176
     1
 62
   257
176
     1
 90
        1
176
     1
 90
        1
176
     1
 40
1.0
176
     1
 90
        8
176
     1
 62
     8
420
  8421504
176
     1
 40
1.0
176
     1
 90
        1
176
     1
 90
        6
176
     1
 90
        2
176
     1
 62
     7
176
     1
 90
        5
176
     1
 90
        0
176
     1
 90
        0
176
     1
290
     0
176
     1
 90
        1
176
     1
 40
0.0
176
     1
 90
        0
176
     1
290
     0
176
     1
290
     1
176
     1
290
     1
176
     1
290
     0
176
     1
290
     0
176
     1
290
     0
176
     1
290
     0
176
     1
290
     0
176
     1
290
     0
176
     1
 90
       50
176
     1
 40
0.0
176
     1
 40
1.0
176
     1
 90
        0
176
     1
 62
    18
176
     1
 90
       50
176
     1
 90
        3
176
     1
 62
     5
420
      255
176
     1
290
     0
176
     1
 90
       50
176
     1
 90
       50
176
     1
 90
       50
176
     1
290
     0
176
     1
 90
       50
176
     1
 62
   256
176
     0
 40
1.0
176
     0
 90
        2
176
     1
  1
strokes_ogs.tif
176
     1
290
     0
176
     1
 40
1.0
176
     1
 40
1.0
176
     1
  0
VISUALSTYLE
  5
2B0F
102
{ACAD_REACTORS
330
2A9D
102
}
330
2A9D
100
AcDbVisualStyle
  2
Conceptual
 70
     9
177
     3
291
     0
 70
    58
 90
        3
176
     1
 90
        2
176
     1
 90
        0
176
     1
 90
        0
176
     1
 40
0.6
176
     1
 40
30.0
176
     1
 62
     7
420
 16777215
176
     1
 90
        2
176
     1
 90
        2
176
     1
 62
     7
176
     1
 62
   257
176
     1
 90
        1
176
     1
 90
        1
176
     1
 40
179.0
176
     1
 90
        8
176
     1
 62
     7
176
     1
 40
1.0
176
     1
 90
        1
176
     1
 90
        6
176
     1
 90
        2
176
     1
 62
     7
176
     1
 90
        3
176
     1
 90
        0
176
     1
 90
        0
176
     1
290
     0
176
     1
 90
        1
176
     1
 40
0.0
176
     1
 90
        0
176
     1
290
     0
176
     1
290
     1
176
     1
290
     1
176
     1
290
     0
176
     1
290
     0
176
     1
290
     0
176
     1
290
     0
176
     1
290
     0
176
     1
290
     0
176
     1
 90
       50
176
     1
 40
0.0
176
     1
 40
1.0
176
     1
 90
        0
176
     1
 62
    18
176
     1
 90
       50
176
     1
 90
        3
176
     1
 62
     5
420
      255
176
     1
290
     0
176
     1
 90
       50
176
     1
 90
       50
176
     1
 90
       50
176
     1
290
     0
176
     1
 90
       50
176
     1
 62
   256
176
     0
 40
1.0
176
     0
 90
        2
176
     1
  1
strokes_ogs.tif
176
     1
290
     0
176
     1
 40
1.0
176
     1
 40
1.0
176
     1
  0
VISUALSTYLE
  5
2B10
102
{ACAD_REACTORS
330
2A9D
102
}
330
2A9D
100
AcDbVisualStyle
  2
Dim
 70
    11
177
     3
291
     1
 70
    58
 90
        2
176
     1
 90
        2
176
     1
 90
        0
176
     1
 90
        0
176
     1
 40
0.6
176
     1
 40
30.0
176
     1
 62
     7
420
 16777215
176
     1
 90
        1
176
     1
 90
        4
176
     1
 62
     7
176
     1
 62
   257
176
     1
 90
        1
176
     1
 90
        1
176
     1
 40
1.0
176
     1
 90
        8
176
     1
 62
     7
176
     1
 40
1.0
176
     1
 90
        1
176
     1
 90
        6
176
     1
 90
        2
176
     1
 62
     7
176
     1
 90
        5
176
     1
 90
        0
176
     1
 90
        0
176
     1
290
     0
176
     1
 90
        1
176
     1
 40
-50.0
176
     1
 90
        0
176
     1
290
     0
176
     1
290
     1
176
     1
290
     1
176
     1
290
     0
176
     1
290
     0
176
     1
290
     0
176
     1
290
     0
176
     1
290
     0
176
     1
290
     0
176
     1
 90
       50
176
     1
 40
0.0
176
     1
 40
1.0
176
     1
 90
        0
176
     1
 62
    18
176
     1
 90
       50
176
     1
 90
        3
176
     1
 62
     5
420
      255
176
     1
290
     0
176
     1
 90
       50
176
     1
 90
       50
176
     1
 90
       50
176
     1
290
     0
176
     1
 90
       50
176
     1
 62
   256
176
     0
 40
1.0
176
     0
 90
        2
176
     1
  1
strokes_ogs.tif
176
     1
290
     0
176
     1
 40
1.0
176
     1
 40
1.0
176
     1
  0
VISUALSTYLE
  5
2B1D
102
{ACAD_REACTORS
330
2A9D
102
}
330
2A9D
100
AcDbVisualStyle
  2
EdgeColorOff
 70
    22
177
     3
291
     1
 70
    58
 90
        2
176
     0
 90
        2
176
     0
 90
        0
176
     0
 90
        0
176
     0
 40
0.6
176
     0
 40
30.0
176
     0
 62
     7
420
 16777215
176
     0
 90
        1
176
     0
 90
        4
176
     0
 62
     7
176
     0
 62
   257
176
     0
 90
        1
176
     0
 90
        1
176
     0
 40
1.0
176
     0
 90
        8
176
     2
 62
     7
176
     0
 40
1.0
176
     0
 90
        1
176
     0
 90
        6
176
     0
 90
        2
176
     0
 62
     7
176
     0
 90
        5
176
     0
 90
        0
176
     0
 90
        0
176
     0
290
     0
176
     0
 90
        1
176
     0
 40
0.0
176
     0
 90
        0
176
     0
290
     0
176
     0
290
     1
176
     0
290
     1
176
     0
290
     0
176
     0
290
     0
176
     0
290
     0
176
     0
290
     0
176
     0
290
     0
176
     0
290
     0
176
     0
 90
       50
176
     0
 40
0.0
176
     0
 40
1.0
176
     0
 90
        0
176
     0
 62
    18
176
     0
 90
       50
176
     0
 90
        3
176
     0
 62
     5
420
      255
176
     0
290
     0
176
     0
 90
       50
176
     0
 90
       50
176
     0
 90
       50
176
     0
290
     0
176
     0
 90
       50
176
     0
 62
   256
176
     0
 40
1.0
176
     0
 90
        2
176
     0
  1
strokes_ogs.tif
176
     0
290
     0
176
     0
 40
1.0
176
     0
 40
1.0
176
     0
  0
VISUALSTYLE
  5
2B14
102
{ACAD_REACTORS
330
2A9D
102
}
330
2A9D
100
AcDbVisualStyle
  2
Facepattern
 70
    15
177
     3
291
     1
 70
    58
 90
        2
176
     1
 90
        2
176
     1
 90
        0
176
     1
 90
        0
176
     1
 40
0.6
176
     1
 40
30.0
176
     1
 62
     7
420
 16777215
176
     1
 90
        1
176
     1
 90
        4
176
     1
 62
     7
176
     1
 62
   257
176
     1
 90
        1
176
     1
 90
        1
176
     1
 40
1.0
176
     1
 90
        8
176
     1
 62
     7
176
     1
 40
1.0
176
     1
 90
        1
176
     1
 90
        6
176
     1
 90
        2
176
     1
 62
     7
176
     1
 90
        5
176
     1
 90
        0
176
     1
 90
        0
176
     1
290
     0
176
     1
 90
        1
176
     1
 40
0.0
176
     1
 90
        0
176
     1
290
     0
176
     1
290
     1
176
     1
290
     1
176
     1
290
     0
176
     1
290
     0
176
     1
290
     0
176
     1
290
     0
176
     1
290
     0
176
     1
290
     0
176
     1
 90
       50
176
     1
 40
0.0
176
     1
 40
1.0
176
     1
 90
        0
176
     1
 62
    18
176
     1
 90
       50
176
     1
 90
        3
176
     1
 62
     5
420
      255
176
     1
290
     0
176
     1
 90
       50
176
     1
 90
       50
176
     1
 90
       50
176
     1
290
     0
176
     1
 90
       50
176
     1
 62
   256
176
     0
 40
1.0
176
     0
 90
        2
176
     1
  1
strokes_ogs.tif
176
     1
290
     0
176
     1
 40
1.0
176
     1
 40
1.0
176
     1
  0
VISUALSTYLE
  5
2B09
102
{ACAD_REACTORS
330
2A9D
102
}
330
2A9D
100
AcDbVisualStyle
  2
Flat
 70
     0
177
     3
291
     1
 70
    58
 90
        2
176
     1
 90
        1
176
     1
 90
        1
176
     1
 90
        2
176
     1
 40
0.6
176
     1
 40
30.0
176
     1
 62
     7
420
 16777215
176
     1
 90
        0
176
     1
 90
        0
176
     1
 62
     7
176
     1
 62
   257
176
     1
 90
        1
176
     1
 90
        1
176
     1
 40
1.0
176
     1
 90
        8
176
     1
 62
     7
176
     1
 40
1.0
176
     1
 90
        1
176
     1
 90
        6
176
     1
 90
        2
176
     1
 62
     7
176
     1
 90
        5
176
     1
 90
        0
176
     1
 90
        0
176
     1
290
     0
176
     1
 90
       13
176
     1
 40
0.0
176
     1
 90
        0
176
     1
290
     0
176
     1
290
     1
176
     1
290
     1
176
     1
290
     0
176
     1
290
     0
176
     1
290
     0
176
     1
290
     0
176
     1
290
     0
176
     1
290
     0
176
     1
 90
       50
176
     1
 40
0.0
176
     1
 40
1.0
176
     1
 90
        0
176
     1
 62
    18
176
     1
 90
       50
176
     1
 90
        3
176
     1
 62
     5
420
      255
176
     1
290
     0
176
     1
 90
       50
176
     1
 90
       50
176
     1
 90
       50
176
     1
290
     0
176
     1
 90
       50
176
     1
 62
   256
176
     0
 40
1.0
176
     0
 90
        2
176
     1
  1
strokes_ogs.tif
176
     1
290
     0
176
     1
 40
1.0
176
     1
 40
1.0
176
     1
  0
VISUALSTYLE
  5
2B0A
102
{ACAD_REACTORS
330
2A9D
102
}
330
2A9D
100
AcDbVisualStyle
  2
FlatWithEdges
 70
     1
177
     3
291
     1
 70
    58
 90
        2
176
     1
 90
        1
176
     1
 90
        1
176
     1
 90
        2
176
     1
 40
0.6
176
     1
 40
30.0
176
     1
 62
     7
420
 16777215
176
     1
 90
        1
176
     1
 90
        0
176
     1
 62
     7
176
     1
 62
   257
176
     1
 90
        1
176
     1
 90
        1
176
     1
 40
1.0
176
     1
 90
        0
176
     1
 62
   257
176
     1
 40
1.0
176
     1
 90
        1
176
     1
 90
        6
176
     1
 90
        2
176
     1
 62
     7
176
     1
 90
        5
176
     1
 90
        0
176
     1
 90
        0
176
     1
290
     0
176
     1
 90
       13
176
     1
 40
0.0
176
     1
 90
        0
176
     1
290
     0
176
     1
290
     1
176
     1
290
     1
176
     1
290
     0
176
     1
290
     0
176
     1
290
     0
176
     1
290
     0
176
     1
290
     0
176
     1
290
     0
176
     1
 90
       50
176
     1
 40
0.0
176
     1
 40
1.0
176
     1
 90
        0
176
     1
 62
    18
176
     1
 90
       50
176
     1
 90
        3
176
     1
 62
     5
420
      255
176
     1
290
     0
176
     1
 90
       50
176
     1
 90
       50
176
     1
 90
       50
176
     1
290
     0
176
     1
 90
       50
176
     1
 62
   256
176
     0
 40
1.0
176
     0
 90
        2
176
     1
  1
strokes_ogs.tif
176
     1
290
     0
176
     1
 40
1.0
176
     1
 40
1.0
176
     1
  0
VISUALSTYLE
  5
2B0B
102
{ACAD_REACTORS
330
2A9D
102
}
330
2A9D
100
AcDbVisualStyle
  2
Gouraud
 70
     2
177
     3
291
     1
 70
    58
 90
        2
176
     1
 90
        2
176
     1
 90
        1
176
     1
 90
        2
176
     1
 40
0.6
176
     1
 40
30.0
176
     1
 62
     7
420
 16777215
176
     1
 90
        0
176
     1
 90
        0
176
     1
 62
     7
176
     1
 62
   257
176
     1
 90
        1
176
     1
 90
        1
176
     1
 40
1.0
176
     1
 90
        0
176
     1
 62
     7
176
     1
 40
1.0
176
     1
 90
        1
176
     1
 90
        6
176
     1
 90
        2
176
     1
 62
     7
176
     1
 90
        5
176
     1
 90
        0
176
     1
 90
        0
176
     1
290
     0
176
     1
 90
       13
176
     1
 40
0.0
176
     1
 90
        0
176
     1
290
     0
176
     1
290
     1
176
     1
290
     1
176
     1
290
     0
176
     1
290
     0
176
     1
290
     0
176
     1
290
     0
176
     1
290
     0
176
     1
290
     0
176
     1
 90
       50
176
     1
 40
0.0
176
     1
 40
1.0
176
     1
 90
        0
176
     1
 62
    18
176
     1
 90
       50
176
     1
 90
        3
176
     1
 62
     5
420
      255
176
     1
290
     0
176
     1
 90
       50
176
     1
 90
       50
176
     1
 90
       50
176
     1
290
     0
176
     1
 90
       50
176
     1
 62
   256
176
     0
 40
1.0
176
     0
 90
        2
176
     1
  1
strokes_ogs.tif
176
     1
290
     0
176
     1
 40
1.0
176
     1
 40
1.0
176
     1
  0
VISUALSTYLE
  5
2B0C
102
{ACAD_REACTORS
330
2A9D
102
}
330
2A9D
100
AcDbVisualStyle
  2
GouraudWithEdges
 70
     3
177
     3
291
     1
 70
    58
 90
        2
176
     1
 90
        2
176
     1
 90
        1
176
     1
 90
        2
176
     1
 40
0.6
176
     1
 40
30.0
176
     1
 62
     7
420
 16777215
176
     1
 90
        1
176
     1
 90
        0
176
     1
 62
     7
176
     1
 62
   257
176
     1
 90
        1
176
     1
 90
        1
176
     1
 40
1.0
176
     1
 90
        0
176
     1
 62
   257
176
     1
 40
1.0
176
     1
 90
        1
176
     1
 90
        6
176
     1
 90
        2
176
     1
 62
     7
176
     1
 90
        5
176
     1
 90
        0
176
     1
 90
        0
176
     1
290
     0
176
     1
 90
       13
176
     1
 40
0.0
176
     1
 90
        0
176
     1
290
     0
176
     1
290
     1
176
     1
290
     1
176
     1
290
     0
176
     1
290
     0
176
     1
290
     0
176
     1
290
     0
176
     1
290
     0
176
     1
290
     0
176
     1
 90
       50
176
     1
 40
0.0
176
     1
 40
1.0
176
     1
 90
        0
176
     1
 62
    18
176
     1
 90
       50
176
     1
 90
        3
176
     1
 62
     5
420
      255
176
     1
290
     0
176
     1
 90
       50
176
     1
 90
       50
176
     1
 90
       50
176
     1
290
     0
176
     1
 90
       50
176
     1
 62
   256
176
     0
 40
1.0
176
     0
 90
        2
176
     1
  1
strokes_ogs.tif
176
     1
290
     0
176
     1
 40
1.0
176
     1
 40
1.0
176
     1
  0
VISUALSTYLE
  5
2B0E
102
{ACAD_REACTORS
330
2A9D
102
}
330
2A9D
100
AcDbVisualStyle
  2
Hidden
 70
     6
177
     3
291
     0
 70
    58
 90
        1
176
     1
 90
        2
176
     1
 90
        2
176
     1
 90
        0
176
     1
 40
0.6
176
     1
 40
30.0
176
     1
 62
     7
420
 16777215
176
     1
 90
        2
176
     1
 90
        2
176
     1
 62
     7
176
     1
 62
   257
176
     1
 90
        2
176
     1
 90
        1
176
     1
 40
40.0
176
     1
 90
        0
176
     1
 62
   257
176
     1
 40
1.0
176
     1
 90
        1
176
     1
 90
        6
176
     1
 90
        2
176
     1
 62
     7
176
     1
 90
        3
176
     1
 90
        0
176
     1
 90
        0
176
     1
290
     0
176
     1
 90
        1
176
     1
 40
0.0
176
     1
 90
        0
176
     1
290
     0
176
     1
290
     1
176
     1
290
     1
176
     1
290
     0
176
     1
290
     0
176
     1
290
     0
176
     1
290
     0
176
     1
290
     0
176
     1
290
     0
176
     1
 90
       50
176
     1
 40
0.0
176
     1
 40
1.0
176
     1
 90
        0
176
     1
 62
    18
176
     1
 90
       50
176
     1
 90
        3
176
     1
 62
     5
420
      255
176
     1
290
     0
176
     1
 90
       50
176
     1
 90
       50
176
     1
 90
       50
176
     1
290
     0
176
     1
 90
       50
176
     1
 62
   256
176
     0
 40
1.0
176
     0
 90
        2
176
     1
  1
strokes_ogs.tif
176
     1
290
     0
176
     1
 40
1.0
176
     1
 40
1.0
176
     1
  0
VISUALSTYLE
  5
2B1B
102
{ACAD_REACTORS
330
2A9D
102
}
330
2A9D
100
AcDbVisualStyle
  2
JitterOff
 70
    20
177
     3
291
     1
 70
    58
 90
        2
176
     0
 90
        2
176
     0
 90
        0
176
     0
 90
        0
176
     0
 40
0.6
176
     0
 40
30.0
176
     0
 62
     7
420
 16777215
176
     0
 90
        1
176
     0
 90
        4
176
     0
 62
     7
176
     0
 62
   257
176
     0
 90
        1
176
     0
 90
        1
176
     0
 40
1.0
176
     0
 90
       10
176
     2
 62
     7
176
     0
 40
1.0
176
     0
 90
        1
176
     0
 90
        6
176
     0
 90
        2
176
     0
 62
     7
176
     0
 90
        5
176
     0
 90
        0
176
     0
 90
        0
176
     0
290
     0
176
     0
 90
        1
176
     0
 40
0.0
176
     0
 90
        0
176
     0
290
     0
176
     0
290
     1
176
     0
290
     1
176
     0
290
     0
176
     0
290
     0
176
     0
290
     0
176
     0
290
     0
176
     0
290
     0
176
     0
290
     0
176
     0
 90
       50
176
     0
 40
0.0
176
     0
 40
1.0
176
     0
 90
        0
176
     0
 62
    18
176
     0
 90
       50
176
     0
 90
        3
176
     0
 62
     5
420
      255
176
     0
290
     0
176
     0
 90
       50
176
     0
 90
       50
176
     0
 90
       50
176
     0
290
     0
176
     0
 90
       50
176
     0
 62
   256
176
     0
 40
1.0
176
     0
 90
        2
176
     0
  1
strokes_ogs.tif
176
     0
290
     0
176
     0
 40
1.0
176
     0
 40
1.0
176
     0
  0
VISUALSTYLE
  5
2B13
102
{ACAD_REACTORS
330
2A9D
102
}
330
2A9D
100
AcDbVisualStyle
  2
Linepattern
 70
    14
177
     3
291
     1
 70
    58
 90
        2
176
     1
 90
        2
176
     1
 90
        0
176
     1
 90
        0
176
     1
 40
0.6
176
     1
 40
30.0
176
     1
 62
     7
420
 16777215
176
     1
 90
        1
176
     1
 90
        4
176
     1
 62
     7
176
     1
 62
   257
176
     1
 90
        7
176
     1
 90
        7
176
     1
 40
1.0
176
     1
 90
        8
176
     1
 62
     7
176
     1
 40
1.0
176
     1
 90
        1
176
     1
 90
        6
176
     1
 90
        2
176
     1
 62
     7
176
     1
 90
        5
176
     1
 90
        0
176
     1
 90
        0
176
     1
290
     0
176
     1
 90
        1
176
     1
 40
0.0
176
     1
 90
        0
176
     1
290
     0
176
     1
290
     1
176
     1
290
     1
176
     1
290
     0
176
     1
290
     0
176
     1
290
     0
176
     1
290
     0
176
     1
290
     0
176
     1
290
     0
176
     1
 90
       50
176
     1
 40
0.0
176
     1
 40
1.0
176
     1
 90
        0
176
     1
 62
    18
176
     1
 90
       50
176
     1
 90
        3
176
     1
 62
     5
420
      255
176
     1
290
     0
176
     1
 90
       50
176
     1
 90
       50
176
     1
 90
       50
176
     1
290
     0
176
     1
 90
       50
176
     1
 62
   256
176
     0
 40
1.0
176
     0
 90
        2
176
     1
  1
strokes_ogs.tif
176
     1
290
     0
176
     1
 40
1.0
176
     1
 40
1.0
176
     1
  0
VISUALSTYLE
  5
2B1C
102
{ACAD_REACTORS
330
2A9D
102
}
330
2A9D
100
AcDbVisualStyle
  2
OverhangOff
 70
    21
177
     3
291
     1
 70
    58
 90
        2
176
     0
 90
        2
176
     0
 90
        0
176
     0
 90
        0
176
     0
 40
0.6
176
     0
 40
30.0
176
     0
 62
     7
420
 16777215
176
     0
 90
        1
176
     0
 90
        4
176
     0
 62
     7
176
     0
 62
   257
176
     0
 90
        1
176
     0
 90
        1
176
     0
 40
1.0
176
     0
 90
        9
176
     2
 62
     7
176
     0
 40
1.0
176
     0
 90
        1
176
     0
 90
        6
176
     0
 90
        2
176
     0
 62
     7
176
     0
 90
        5
176
     0
 90
        0
176
     0
 90
        0
176
     0
290
     0
176
     0
 90
        1
176
     0
 40
0.0
176
     0
 90
        0
176
     0
290
     0
176
     0
290
     1
176
     0
290
     1
176
     0
290
     0
176
     0
290
     0
176
     0
290
     0
176
     0
290
     0
176
     0
290
     0
176
     0
290
     0
176
     0
 90
       50
176
     0
 40
0.0
176
     0
 40
1.0
176
     0
 90
        0
176
     0
 62
    18
176
     0
 90
       50
176
     0
 90
        3
176
     0
 62
     5
420
      255
176
     0
290
     0
176
     0
 90
       50
176
     0
 90
       50
176
     0
 90
       50
176
     0
290
     0
176
     0
 90
       50
176
     0
 62
   256
176
     0
 40
1.0
176
     0
 90
        2
176
     0
  1
strokes_ogs.tif
176
     0
290
     0
176
     0
 40
1.0
176
     0
 40
1.0
176
     0
  0
VISUALSTYLE
  5
2AC8
102
{ACAD_REACTORS
330
2A9D
102
}
330
2A9D
100
AcDbVisualStyle
  2
Realistic
 70
     8
177
     3
291
     0
 70
    58
 90
        2
176
     1
 90
        2
176
     1
 90
        0
176
     1
 90
        0
176
     1
 40
0.6
176
     1
 40
30.0
176
     1
 62
     7
420
 16777215
176
     1
 90
        1
176
     1
 90
        0
176
     1
 62
     7
176
     1
 62
   257
176
     1
 90
        1
176
     1
 90
        1
176
     1
 40
1.0
176
     1
 90
        8
176
     1
 62
     8
420
  7895160
176
     1
 40
1.0
176
     1
 90
        1
176
     1
 90
        6
176
     1
 90
        2
176
     1
 62
     7
176
     1
 90
        5
176
     1
 90
        0
176
     1
 90
        0
176
     1
290
     0
176
     1
 90
       13
176
     1
 40
0.0
176
     1
 90
        0
176
     1
290
     0
176
     1
290
     1
176
     1
290
     1
176
     1
290
     0
176
     1
290
     0
176
     1
290
     0
176
     1
290
     0
176
     1
290
     0
176
     1
290
     0
176
     1
 90
       50
176
     1
 40
0.0
176
     1
 40
1.0
176
     1
 90
        0
176
     1
 62
    18
176
     1
 90
       50
176
     1
 90
        3
176
     1
 62
     5
420
      255
176
     1
290
     0
176
     1
 90
       50
176
     1
 90
       50
176
     1
 90
       50
176
     1
290
     0
176
     1
 90
       50
176
     1
 62
   256
176
     0
 40
1.0
176
     0
 90
        2
176
     1
  1
strokes_ogs.tif
176
     1
290
     0
176
     1
 40
1.0
176
     1
 40
1.0
176
     1
  0
VISUALSTYLE
  5
2B1A
102
{ACAD_REACTORS
330
2A9D
102
}
330
2A9D
100
AcDbVisualStyle
  2
Shaded
 70
    27
177
     3
291
     0
 70
    58
 90
        2
176
     1
 90
        2
176
     1
 90
        1
176
     1
 90
        2
176
     1
 40
0.6
176
     1
 40
30.0
176
     1
 62
     7
420
 16777215
176
     1
 90
        0
176
     1
 90
        4
176
     1
 62
     7
176
     1
 62
   257
176
     1
 90
        1
176
     1
 90
        1
176
     1
 40
1.0
176
     1
 90
        8
176
     1
 62
   257
176
     1
 40
1.0
176
     1
 90
        1
176
     1
 90
        6
176
     1
 90
        2
176
     1
 62
     8
420
  7895160
176
     1
 90
        3
176
     1
 90
        0
176
     1
 90
        0
176
     1
290
     0
176
     1
 90
        5
176
     1
 40
0.0
176
     1
 90
        0
176
     1
290
     0
176
     1
290
     1
176
     1
290
     1
176
     1
290
     0
176
     1
290
     0
176
     1
290
     0
176
     1
290
     0
176
     1
290
     0
176
     1
290
     0
176
     1
 90
       50
176
     1
 40
0.0
176
     1
 40
1.0
176
     1
 90
        0
176
     1
 62
    18
176
     1
 90
       50
176
     1
 90
        3
176
     1
 62
     5
420
      255
176
     1
290
     0
176
     1
 90
       50
176
     1
 90
       50
176
     1
 90
       50
176
     1
290
     0
176
     1
 90
       50
176
     1
 62
   256
176
     0
 40
1.0
176
     0
 90
        2
176
     1
  1
strokes_ogs.tif
176
     1
290
     0
176
     1
 40
1.0
176
     1
 40
1.0
176
     1
  0
VISUALSTYLE
  5
2B19
102
{ACAD_REACTORS
330
2A9D
102
}
330
2A9D
100
AcDbVisualStyle
  2
Shaded with edges
 70
    26
177
     3
291
     0
 70
    58
 90
        2
176
     1
 90
        2
176
     1
 90
        1
176
     1
 90
        2
176
     1
 40
0.6
176
     1
 40
30.0
176
     1
 62
     7
420
 16777215
176
     1
 90
        1
176
     1
 90
        2
176
     1
 62
     7
176
     1
 62
   257
176
     1
 90
        2
176
     1
 90
        1
176
     1
 40
1.0
176
     1
 90
        8
176
     1
 62
   257
176
     1
 40
1.0
176
     1
 90
        1
176
     1
 90
        6
176
     1
 90
        2
176
     1
 62
     7
176
     1
 90
        3
176
     1
 90
        0
176
     1
 90
        0
176
     1
290
     0
176
     1
 90
        5
176
     1
 40
0.0
176
     1
 90
        0
176
     1
290
     0
176
     1
290
     1
176
     1
290
     1
176
     1
290
     0
176
     1
290
     0
176
     1
290
     0
176
     1
290
     0
176
     1
290
     0
176
     1
290
     0
176
     1
 90
       50
176
     1
 40
0.0
176
     1
 40
1.0
176
     1
 90
        0
176
     1
 62
    18
176
     1
 90
       50
176
     1
 90
        3
176
     1
 62
     5
420
      255
176
     1
290
     0
176
     1
 90
       50
176
     1
 90
       50
176
     1
 90
       50
176
     1
290
     0
176
     1
 90
       50
176
     1
 62
   256
176
     0
 40
1.0
176
     0
 90
        2
176
     1
  1
strokes_ogs.tif
176
     1
290
     0
176
     1
 40
1.0
176
     1
 40
1.0
176
     1
  0
VISUALSTYLE
  5
2B16
102
{ACAD_REACTORS
330
2A9D
102
}
330
2A9D
100
AcDbVisualStyle
  2
Shades of Gray
 70
    23
177
     3
291
     0
 70
    58
 90
        2
176
     1
 90
        2
176
     1
 90
        3
176
     1
 90
        0
176
     1
 40
0.6
176
     1
 40
30.0
176
     1
 62
     7
420
 16777215
176
     1
 90
        2
176
     1
 90
        2
176
     1
 62
     7
176
     1
 62
     7
176
     1
 90
        1
176
     1
 90
        1
176
     1
 40
40.0
176
     1
 90
        8
176
     1
 62
     7
176
     1
 40
1.0
176
     1
 90
        1
176
     1
 90
        6
176
     1
 90
        2
176
     1
 62
     7
176
     1
 90
        3
176
     1
 90
        0
176
     1
 90
        0
176
     1
290
     0
176
     1
 90
        1
176
     1
 40
0.0
176
     1
 90
        0
176
     1
290
     0
176
     1
290
     1
176
     1
290
     1
176
     1
290
     0
176
     1
290
     0
176
     1
290
     0
176
     1
290
     0
176
     1
290
     0
176
     1
290
     0
176
     1
 90
       50
176
     1
 40
0.0
176
     1
 40
1.0
176
     1
 90
        0
176
     1
 62
    18
176
     1
 90
       50
176
     1
 90
        3
176
     1
 62
     5
420
      255
176
     1
290
     0
176
     1
 90
       50
176
     1
 90
       50
176
     1
 90
       50
176
     1
290
     0
176
     1
 90
       50
176
     1
 62
   256
176
     0
 40
1.0
176
     0
 90
        2
176
     1
  1
strokes_ogs.tif
176
     1
290
     0
176
     1
 40
1.0
176
     1
 40
1.0
176
     1
  0
VISUALSTYLE
  5
2B17
102
{ACAD_REACTORS
330
2A9D
102
}
330
2A9D
100
AcDbVisualStyle
  2
Sketchy
 70
    24
177
     3
291
     0
 70
    58
 90
        1
176
     1
 90
        2
176
     1
 90
        2
176
     1
 90
        0
176
     1
 40
0.6
176
     1
 40
30.0
176
     1
 62
     7
420
 16777215
176
     1
 90
        2
176
     1
 90
        2
176
     1
 62
     7
176
     1
 62
     7
176
     1
 90
        1
176
     1
 90
        1
176
     1
 40
40.0
176
     1
 90
       11
176
     1
 62
     7
176
     1
 40
1.0
176
     1
 90
        1
176
     1
 90
        6
176
     1
 90
        2
176
     1
 62
     7
176
     1
 90
        6
176
     1
 90
        0
176
     1
 90
        0
176
     1
290
     0
176
     1
 90
        1
176
     1
 40
0.0
176
     1
 90
        0
176
     1
290
     0
176
     1
290
     1
176
     1
290
     1
176
     1
290
     0
176
     1
290
     0
176
     1
290
     0
176
     1
290
     0
176
     1
290
     0
176
     1
290
     0
176
     1
 90
       50
176
     1
 40
0.0
176
     1
 40
1.0
176
     1
 90
        0
176
     1
 62
    18
176
     1
 90
       50
176
     1
 90
        3
176
     1
 62
     5
420
      255
176
     1
290
     0
176
     1
 90
       50
176
     1
 90
       50
176
     1
 90
       50
176
     1
290
     0
176
     1
 90
       50
176
     1
 62
   256
176
     0
 40
1.0
176
     0
 90
        2
176
     1
  1
strokes_ogs.tif
176
     1
290
     0
176
     1
 40
1.0
176
     1
 40
1.0
176
     1
  0
VISUALSTYLE
  5
2B12
102
{ACAD_REACTORS
330
2A9D
102
}
330
2A9D
100
AcDbVisualStyle
  2
Thicken
 70
    13
177
     3
291
     1
 70
    58
 90
        2
176
     1
 90
        2
176
     1
 90
        0
176
     1
 90
        0
176
     1
 40
0.6
176
     1
 40
30.0
176
     1
 62
     7
420
 16777215
176
     1
 90
        1
176
     1
 90
        4
176
     1
 62
     7
176
     1
 62
   257
176
     1
 90
        1
176
     1
 90
        1
176
     1
 40
1.0
176
     1
 90
       12
176
     1
 62
     7
176
     1
 40
1.0
176
     1
 90
        1
176
     1
 90
        6
176
     1
 90
        2
176
     1
 62
     7
176
     1
 90
        5
176
     1
 90
        0
176
     1
 90
        0
176
     1
290
     0
176
     1
 90
        1
176
     1
 40
0.0
176
     1
 90
        0
176
     1
290
     0
176
     1
290
     1
176
     1
290
     1
176
     1
290
     0
176
     1
290
     0
176
     1
290
     0
176
     1
290
     0
176
     1
290
     0
176
     1
290
     0
176
     1
 90
       50
176
     1
 40
0.0
176
     1
 40
1.0
176
     1
 90
        0
176
     1
 62
    18
176
     1
 90
       50
176
     1
 90
        3
176
     1
 62
     5
420
      255
176
     1
290
     0
176
     1
 90
       50
176
     1
 90
       50
176
     1
 90
       50
176
     1
290
     0
176
     1
 90
       50
176
     1
 62
   256
176
     0
 40
1.0
176
     0
 90
        2
176
     1
  1
strokes_ogs.tif
176
     1
290
     0
176
     1
 40
1.0
176
     1
 40
1.0
176
     1
  0
VISUALSTYLE
  5
2AC9
102
{ACAD_REACTORS
330
2A9D
102
}
330
2A9D
100
AcDbVisualStyle
  2
Wireframe
 70
     5
177
     3
291
     0
 70
    58
 90
        0
176
     1
 90
        2
176
     1
 90
        0
176
     1
 90
        0
176
     1
 40
0.6
176
     1
 40
30.0
176
     1
 62
     7
420
 16777215
176
     1
 90
        1
176
     1
 90
        4
176
     1
 62
     7
176
     1
 62
   257
176
     1
 90
        1
176
     1
 90
        1
176
     1
 40
1.0
176
     1
 90
        0
176
     1
 62
   257
176
     1
 40
1.0
176
     1
 90
        1
176
     1
 90
        6
176
     1
 90
        2
176
     1
 62
     7
176
     1
 90
        3
176
     1
 90
        0
176
     1
 90
        0
176
     1
290
     0
176
     1
 90
        1
176
     1
 40
0.0
176
     1
 90
        0
176
     1
290
     0
176
     1
290
     1
176
     1
290
     1
176
     1
290
     0
176
     1
290
     0
176
     1
290
     0
176
     1
290
     0
176
     1
290
     0
176
     1
290
     0
176
     1
 90
       50
176
     1
 40
0.0
176
     1
 40
1.0
176
     1
 90
        0
176
     1
 62
    18
176
     1
 90
       50
176
     1
 90
        3
176
     1
 62
     5
420
      255
176
     1
290
     0
176
     1
 90
       50
176
     1
 90
       50
176
     1
 90
       50
176
     1
290
     0
176
     1
 90
       50
176
     1
 62
   256
176
     0
 40
1.0
176
     0
 90
        2
176
     1
  1
strokes_ogs.tif
176
     1
290
     0
176
     1
 40
1.0
176
     1
 40
1.0
176
     1
  0
VISUALSTYLE
  5
2B18
102
{ACAD_REACTORS
330
2A9D
102
}
330
2A9D
100
AcDbVisualStyle
  2
X-Ray
 70
    25
177
     3
291
     0
 70
    58
 90
        2
176
     1
 90
        2
176
     1
 90
        1
176
     1
 90
        1
176
     1
 40
0.5
176
     1
 40
30.0
176
     1
 62
     7
420
 16777215
176
     1
 90
        1
176
     1
 90
        0
176
     1
 62
     7
176
     1
 62
   257
176
     1
 90
        1
176
     1
 90
        1
176
     1
 40
1.0
176
     1
 90
        8
176
     1
 62
     7
176
     1
 40
1.0
176
     1
 90
        1
176
     1
 90
        6
176
     1
 90
        2
176
     1
 62
     7
176
     1
 90
        3
176
     1
 90
        0
176
     1
 90
        0
176
     1
290
     0
176
     1
 90
       13
176
     1
 40
0.0
176
     1
 90
        0
176
     1
290
     0
176
     1
290
     1
176
     1
290
     1
176
     1
290
     0
176
     1
290
     0
176
     1
290
     0
176
     1
290
     0
176
     1
290
     0
176
     1
290
     0
176
     1
 90
       50
176
     1
 40
0.0
176
     1
 40
1.0
176
     1
 90
        0
176
     1
 62
    18
176
     1
 90
       50
176
     1
 90
        3
176
     1
 62
     5
420
      255
176
     1
290
     0
176
     1
 90
       50
176
     1
 90
       50
176
     1
 90
       50
176
     1
290
     0
176
     1
 90
       50
176
     1
 62
   256
176
     0
 40
1.0
176
     0
 90
        2
176
     1
  1
strokes_ogs.tif
176
     1
290
     0
176
     1
 40
1.0
176
     1
 40
1.0
176
     1
  0
DICTIONARYVAR
  5
2ABB
102
{ACAD_REACTORS
330
2ABA
102
}
330
2ABA
100
DictionaryVariables
280
     0
  1
1:1
  0
DICTIONARYVAR
  5
2ABC
102
{ACAD_REACTORS
330
2ABA
102
}
330
2ABA
100
DictionaryVariables
280
     0
  1
STANDARD
  0
DICTIONARYVAR
  5
2ABD
102
{ACAD_REACTORS
330
2ABA
102
}
330
2ABA
100
DictionaryVariables
280
     0
  1
STANDARD
  0
DICTIONARYVAR
  5
2ABE
102
{ACAD_REACTORS
330
2ABA
102
}
330
2ABA
100
DictionaryVariables
280
     0
  1
Imperial24
  0
DICTIONARYVAR
  5
2ABF
102
{ACAD_REACTORS
330
2ABA
102
}
330
2ABA
100
DictionaryVariables
280
     0
  1
Imperial24
  0
DICTIONARYVAR
  5
2AC0
102
{ACAD_REACTORS
330
2ABA
102
}
330
2ABA
100
DictionaryVariables
280
     0
  1
2
  0
DICTIONARYVAR
  5
2AC1
102
{ACAD_REACTORS
330
2ABA
102
}
330
2ABA
100
DictionaryVariables
280
     0
  1
1
  0
DICTIONARYVAR
  5
2AC2
102
{ACAD_REACTORS
330
2ABA
102
}
330
2ABA
100
DictionaryVariables
280
     0
  1
1
  0
DICTIONARYVAR
  5
2AC3
102
{ACAD_REACTORS
330
2ABA
102
}
330
2ABA
100
DictionaryVariables
280
     0
  1
15
  0
DICTIONARYVAR
  5
2AC4
102
{ACAD_REACTORS
330
2ABA
102
}
330
2ABA
100
DictionaryVariables
280
     0
  1
0
  0
DICTIONARYVAR
  5
2B03
102
{ACAD_REACTORS
330
2ABA
102
}
330
2ABA
100
DictionaryVariables
280
     0
  1
0
  0
DICTIONARY
  5
2A8C
330
2A8B
100
AcDbDictionary
280
     1
281
     1
  0
DICTIONARY
  5
2A86
330
2A84
100
AcDbDictionary
280
     1
281
     1
  0
DICTIONARY
  5
2AAF
330
2AAE
100
AcDbDictionary
280
     1
281
     1
  3
BUMPTILE
360
2AB0
  3
DIFFUSETILE
360
2AB1
  3
OPACITYTILE
360
2AB2
  3
REFLECTIONTILE
360
2AB3
  3
REFRACTIONTILE
360
2AB4
  3
SPECULARTILE
360
2AB5
  0
DICTIONARY
  5
2AA7
330
2AA6
100
AcDbDictionary
280
     1
281
     1
  3
BUMPTILE
360
2AA8
  3
DIFFUSETILE
360
2AA9
  3
OPACITYTILE
360
2AAA
  3
REFLECTIONTILE
360
2AAB
  3
REFRACTIONTILE
360
2AAC
  3
SPECULARTILE
360
2AAD
  0
DICTIONARY
  5
2A7B
330
2A79
100
AcDbDictionary
280
     1
281
     1
  3
BUMPTILE
360
2A7C
  3
DIFFUSETILE
360
2A7D
  3
OPACITYTILE
360
2A7E
  3
REFLECTIONTILE
360
2A7F
  3
REFRACTIONTILE
360
2A80
  3
SPECULARTILE
360
2A81
  0
DICTIONARY
  5
2AC7
330
2AC6
100
AcDbDictionary
280
     1
281
     1
  3
ACAD_ROUNDTRIP_2008_TABLESTYLE_CELLSTYLEMAP
360
33CD
  0
XRECORD
  5
2AB0
102
{ACAD_REACTORS
330
2AAF
102
}
330
2AAF
100
AcDbXrecord
280
     1
270
     1
271
     1
  0
XRECORD
  5
2AB1
102
{ACAD_REACTORS
330
2AAF
102
}
330
2AAF
100
AcDbXrecord
280
     1
270
     1
271
     1
  0
XRECORD
  5
2AB2
102
{ACAD_REACTORS
330
2AAF
102
}
330
2AAF
100
AcDbXrecord
280
     1
270
     1
271
     1
  0
XRECORD
  5
2AB3
102
{ACAD_REACTORS
330
2AAF
102
}
330
2AAF
100
AcDbXrecord
280
     1
270
     1
271
     1
  0
XRECORD
  5
2AB4
102
{ACAD_REACTORS
330
2AAF
102
}
330
2AAF
100
AcDbXrecord
280
     1
270
     1
271
     1
  0
XRECORD
  5
2AB5
102
{ACAD_REACTORS
330
2AAF
102
}
330
2AAF
100
AcDbXrecord
280
     1
270
     1
271
     1
  0
XRECORD
  5
2AA8
102
{ACAD_REACTORS
330
2AA7
102
}
330
2AA7
100
AcDbXrecord
280
     1
270
     1
271
     1
  0
XRECORD
  5
2AA9
102
{ACAD_REACTORS
330
2AA7
102
}
330
2AA7
100
AcDbXrecord
280
     1
270
     1
271
     1
  0
XRECORD
  5
2AAA
102
{ACAD_REACTORS
330
2AA7
102
}
330
2AA7
100
AcDbXrecord
280
     1
270
     1
271
     1
  0
XRECORD
  5
2AAB
102
{ACAD_REACTORS
330
2AA7
102
}
330
2AA7
100
AcDbXrecord
280
     1
270
     1
271
     1
  0
XRECORD
  5
2AAC
102
{ACAD_REACTORS
330
2AA7
102
}
330
2AA7
100
AcDbXrecord
280
     1
270
     1
271
     1
  0
XRECORD
  5
2AAD
102
{ACAD_REACTORS
330
2AA7
102
}
330
2AA7
100
AcDbXrecord
280
     1
270
     1
271
     1
  0
XRECORD
  5
2A7C
102
{ACAD_REACTORS
330
2A7B
102
}
330
2A7B
100
AcDbXrecord
280
     1
270
     1
271
     1
  0
XRECORD
  5
2A7D
102
{ACAD_REACTORS
330
2A7B
102
}
330
2A7B
100
AcDbXrecord
280
     1
270
     1
271
     1
  0
XRECORD
  5
2A7E
102
{ACAD_REACTORS
330
2A7B
102
}
330
2A7B
100
AcDbXrecord
280
     1
270
     1
271
     1
  0
XRECORD
  5
2A7F
102
{ACAD_REACTORS
330
2A7B
102
}
330
2A7B
100
AcDbXrecord
280
     1
270
     1
271
     1
  0
XRECORD
  5
2A80
102
{ACAD_REACTORS
330
2A7B
102
}
330
2A7B
100
AcDbXrecord
280
     1
270
     1
271
     1
  0
XRECORD
  5
2A81
102
{ACAD_REACTORS
330
2A7B
102
}
330
2A7B
100
AcDbXrecord
280
     1
270
     1
271
     1
  0
CELLSTYLEMAP
  5
33CD
102
{ACAD_REACTORS
330
2AC7
102
}
330
2AC7
100
AcDbCellStyleMap
 90
        3
300
CELLSTYLE
  1
TABLEFORMAT_BEGIN
 90
        5
170
     1
 91
        0
 92
    32768
 62
   257
 93
        1
300
CONTENTFORMAT
  1
CONTENTFORMAT_BEGIN
 90
        0
 91
        0
 92
        4
 93
        0
300

 40
0.0
140
1.0
 94
        5
 62
     0
340
2A93
144
0.25
309
CONTENTFORMAT_END
171
     1
301
MARGIN
  1
CELLMARGIN_BEGIN
 40
0.06
 40
0.06
 40
0.06
 40
0.06
 40
0.18
 40
0.18
309
CELLMARGIN_END
 94
        6
 95
        1
302
GRIDFORMAT
  1
GRIDFORMAT_BEGIN
 90
        0
 91
        1
 62
     0
 92
       -2
340
0
 93
        0
 40
0.045
309
GRIDFORMAT_END
 95
        2
302
GRIDFORMAT
  1
GRIDFORMAT_BEGIN
 90
        0
 91
        1
 62
     0
 92
       -2
340
0
 93
        0
 40
0.045
309
GRIDFORMAT_END
 95
        4
302
GRIDFORMAT
  1
GRIDFORMAT_BEGIN
 90
        0
 91
        1
 62
     0
 92
       -2
340
0
 93
        0
 40
0.045
309
GRIDFORMAT_END
 95
        8
302
GRIDFORMAT
  1
GRIDFORMAT_BEGIN
 90
        0
 91
        1
 62
     0
 92
       -2
340
0
 93
        0
 40
0.045
309
GRIDFORMAT_END
 95
       16
302
GRIDFORMAT
  1
GRIDFORMAT_BEGIN
 90
        0
 91
        1
 62
     0
 92
       -2
340
0
 93
        0
 40
0.045
309
GRIDFORMAT_END
 95
       32
302
GRIDFORMAT
  1
GRIDFORMAT_BEGIN
 90
        0
 91
        1
 62
     0
 92
       -2
340
0
 93
        0
 40
0.045
309
GRIDFORMAT_END
309
TABLEFORMAT_END
  1
CELLSTYLE_BEGIN
 90
        1
 91
        1
300
_TITLE
309
CELLSTYLE_END
300
CELLSTYLE
  1
TABLEFORMAT_BEGIN
 90
        5
170
     1
 91
        0
 92
        0
 62
   257
 93
        1
300
CONTENTFORMAT
  1
CONTENTFORMAT_BEGIN
 90
        0
 91
        0
 92
        4
 93
        0
300

 40
0.0
140
1.0
 94
        5
 62
     0
340
2A93
144
0.18
309
CONTENTFORMAT_END
171
     1
301
MARGIN
  1
CELLMARGIN_BEGIN
 40
0.06
 40
0.06
 40
0.06
 40
0.06
 40
0.18
 40
0.18
309
CELLMARGIN_END
 94
        6
 95
        1
302
GRIDFORMAT
  1
GRIDFORMAT_BEGIN
 90
        0
 91
        1
 62
     0
 92
       -2
340
0
 93
        0
 40
0.045
309
GRIDFORMAT_END
 95
        2
302
GRIDFORMAT
  1
GRIDFORMAT_BEGIN
 90
        0
 91
        1
 62
     0
 92
       -2
340
0
 93
        0
 40
0.045
309
GRIDFORMAT_END
 95
        4
302
GRIDFORMAT
  1
GRIDFORMAT_BEGIN
 90
        0
 91
        1
 62
     0
 92
       -2
340
0
 93
        0
 40
0.045
309
GRIDFORMAT_END
 95
        8
302
GRIDFORMAT
  1
GRIDFORMAT_BEGIN
 90
        0
 91
        1
 62
     0
 92
       -2
340
0
 93
        0
 40
0.045
309
GRIDFORMAT_END
 95
       16
302
GRIDFORMAT
  1
GRIDFORMAT_BEGIN
 90
        0
 91
        1
 62
     0
 92
       -2
340
0
 93
        0
 40
0.045
309
GRIDFORMAT_END
 95
       32
302
GRIDFORMAT
  1
GRIDFORMAT_BEGIN
 90
        0
 91
        1
 62
     0
 92
       -2
340
0
 93
        0
 40
0.045
309
GRIDFORMAT_END
309
TABLEFORMAT_END
  1
CELLSTYLE_BEGIN
 90
        2
 91
        1
300
_HEADER
309
CELLSTYLE_END
300
CELLSTYLE
  1
TABLEFORMAT_BEGIN
 90
        5
170
     1
 91
        0
 92
        0
 62
   257
 93
        1
300
CONTENTFORMAT
  1
CONTENTFORMAT_BEGIN
 90
        0
 91
        0
 92
        4
 93
        0
300

 40
0.0
140
1.0
 94
        2
 62
     0
340
2A93
144
0.18
309
CONTENTFORMAT_END
171
     1
301
MARGIN
  1
CELLMARGIN_BEGIN
 40
0.06
 40
0.06
 40
0.06
 40
0.06
 40
0.18
 40
0.18
309
CELLMARGIN_END
 94
        6
 95
        1
302
GRIDFORMAT
  1
GRIDFORMAT_BEGIN
 90
        0
 91
        1
 62
     0
 92
       -2
340
0
 93
        0
 40
0.045
309
GRIDFORMAT_END
 95
        2
302
GRIDFORMAT
  1
GRIDFORMAT_BEGIN
 90
        0
 91
        1
 62
     0
 92
       -2
340
0
 93
        0
 40
0.045
309
GRIDFORMAT_END
 95
        4
302
GRIDFORMAT
  1
GRIDFORMAT_BEGIN
 90
        0
 91
        1
 62
     0
 92
       -2
340
0
 93
        0
 40
0.045
309
GRIDFORMAT_END
 95
        8
302
GRIDFORMAT
  1
GRIDFORMAT_BEGIN
 90
        0
 91
        1
 62
     0
 92
       -2
340
0
 93
        0
 40
0.045
309
GRIDFORMAT_END
 95
       16
302
GRIDFORMAT
  1
GRIDFORMAT_BEGIN
 90
        0
 91
        1
 62
     0
 92
       -2
340
0
 93
        0
 40
0.045
309
GRIDFORMAT_END
 95
       32
302
GRIDFORMAT
  1
GRIDFORMAT_BEGIN
 90
        0
 91
        1
 62
     0
 92
       -2
340
0
 93
        0
 40
0.045
309
GRIDFORMAT_END
309
TABLEFORMAT_END
  1
CELLSTYLE_BEGIN
 90
        3
 91
        2
300
_DATA
309
CELLSTYLE_END
  0
ENDSEC
  0
SECTION
  2
ACDSDATA
 70
     2
 71
     8
  0
ACDSSCHEMA
 90
        0
  1
AcDb_Thumbnail_Schema
  2
AcDbDs::ID
280
    10
 91
        8
  2
Thumbnail_Data
280
    15
 91
        0
101
ACDSRECORD
 95
        0
 90
        1
  2
AcDbDs::TreatedAsObjectData
280
     1
291
     1
101
ACDSRECORD
 95
        0
 90
        2
  2
AcDbDs::Legacy
280
     1
291
     1
101
ACDSRECORD
  1
AcDbDs::ID
 90
        3
  2
AcDs:Indexable
280
     1
291
     1
101
ACDSRECORD
  1
AcDbDs::ID
 90
        4
  2
AcDbDs::HandleAttribute
280
     7
282
     1
  0
ACDSSCHEMA
 90
        1
  1
AcDbDs::TreatedAsObjectDataSchema
  2
AcDbDs::TreatedAsObjectData
280
     1
 91
        0
  0
ACDSSCHEMA
 90
        2
  1
AcDbDs::LegacySchema
  2
AcDbDs::Legacy
280
     1
 91
        0
  0
ACDSSCHEMA
 90
        3
  1
AcDbDs::IndexedPropertySchema
  2
AcDs:Indexable
280
     1
 91
        0
  0
ACDSSCHEMA
 90
        4
  1
AcDbDs::HandleAttributeSchema
  2
AcDbDs::HandleAttribute
280
     7
 91
        1
284
     1
  0
ACDSRECORD
 90
        0
  2
AcDbDs::ID
280
    10
320
2A8B
  2
Thumbnail_Data
280
    15
 94
     1183
310
89504E470D0A1A0A0000000D4948445200000100000000C508030000008CFEDCE700000300504C5445FFFFFF000000FFFFFF0000000000000000000000000000000000000000000000000000330000660000990000CC0000FF0033000033330033660033990033CC0033FF0066000066330066660066990066CC0066FF0099
310
000099330099660099990099CC0099FF00CC0000CC3300CC6600CC9900CCCC00CCFF00FF0000FF3300FF6600FF9900FFCC00FFFF3300003300333300663300993300CC3300FF3333003333333333663333993333CC3333FF3366003366333366663366993366CC3366FF3399003399333399663399993399CC3399FF33CC00
310
33CC3333CC6633CC9933CCCC33CCFF33FF0033FF3333FF6633FF9933FFCC33FFFF6600006600336600666600996600CC6600FF6633006633336633666633996633CC6633FF6666006666336666666666996666CC6666FF6699006699336699666699996699CC6699FF66CC0066CC3366CC6666CC9966CCCC66CCFF66FF0066
310
FF3366FF6666FF9966FFCC66FFFF9900009900339900669900999900CC9900FF9933009933339933669933999933CC9933FF9966009966339966669966999966CC9966FF9999009999339999669999999999CC9999FF99CC0099CC3399CC6699CC9999CCCC99CCFF99FF0099FF3399FF6699FF9999FFCC99FFFFCC0000CC00
310
33CC0066CC0099CC00CCCC00FFCC3300CC3333CC3366CC3399CC33CCCC33FFCC6600CC6633CC6666CC6699CC66CCCC66FFCC9900CC9933CC9966CC9999CC99CCCC99FFCCCC00CCCC33CCCC66CCCC99CCCCCCCCCCFFCCFF00CCFF33CCFF66CCFF99CCFFCCCCFFFFFF0000FF0033FF0066FF0099FF00CCFF00FFFF3300FF3333
310
FF3366FF3399FF33CCFF33FFFF6600FF6633FF6666FF6699FF66CCFF66FFFF9900FF9933FF9966FF9999FF99CCFF99FFFFCC00FFCC33FFCC66FFCC99FFCCCCFFCCFFFFFF00FFFF33FFFF66FFFF99FFFFCCFFFFFF0000000D0D0D1A1A1A2828283535354343435050505D5D5D6B6B6B787878868686939393A1A1A1AEAEAEBB
310
BBBBC9C9C9D6D6D6E4E4E4F1F1F1FFFFFF000000000000000000000000000000000000000000000000000000000000790CAC0F0000015A4944415478DAEDD8410A8340100440FFFFCCF9C09EE61E104224896014844D579F64F420A587DE592A3A632CD5C101100F500500C0F36ACDF6D636BFCEEBAEF9E9177D0788FBF600
310
000000000000004D1000000000000000100F50FB4F4C9E8B5578FAFF0300000000000000000000000000000000B00BD069000D0000000000000000A009020000000000000000000000000000000052013A0DA001000000000000000000A8C2000000000000000000000000000000402A40FC420400000000000000002016C0
310
5900000000000000000000000000000000C803885F88000000000000000000C402380B0000000000000000000000000000000000E2003A0DA0010000000000000000344100000000000000000000000000000000C0E7C660F21C04080D0000000000000000C01F54DE73151900000000000000D0AFCDCFB6227CDDAB1C9CD7
310
5DF3D32FAA0902000000C00A109E658C110DF0000E6CC6FBCCF8EC2E0000000049454E44AE426082
  0
ACDSRECORD
 90
        0
  2
AcDbDs::ID
280
    10
320
2A84
  2
Thumbnail_Data
280
    15
 94
     1017
310
89504E470D0A1A0A0000000D4948445200000100000000890803000000F46416F000000300504C5445FEFCF0000000FFFFFF0000000000000000000000000000000000000000000000000000330000660000990000CC0000FF0033000033330033660033990033CC0033FF0066000066330066660066990066CC0066FF0099
310
000099330099660099990099CC0099FF00CC0000CC3300CC6600CC9900CCCC00CCFF00FF0000FF3300FF6600FF9900FFCC00FFFF3300003300333300663300993300CC3300FF3333003333333333663333993333CC3333FF3366003366333366663366993366CC3366FF3399003399333399663399993399CC3399FF33CC00
310
33CC3333CC6633CC9933CCCC33CCFF33FF0033FF3333FF6633FF9933FFCC33FFFF6600006600336600666600996600CC6600FF6633006633336633666633996633CC6633FF6666006666336666666666996666CC6666FF6699006699336699666699996699CC6699FF66CC0066CC3366CC6666CC9966CCCC66CCFF66FF0066
310
FF3366FF6666FF9966FFCC66FFFF9900009900339900669900999900CC9900FF9933009933339933669933999933CC9933FF9966009966339966669966999966CC9966FF9999009999339999669999999999CC9999FF99CC0099CC3399CC6699CC9999CCCC99CCFF99FF0099FF3399FF6699FF9999FFCC99FFFFCC0000CC00
310
33CC0066CC0099CC00CCCC00FFCC3300CC3333CC3366CC3399CC33CCCC33FFCC6600CC6633CC6666CC6699CC66CCCC66FFCC9900CC9933CC9966CC9999CC99CCCC99FFCCCC00CCCC33CCCC66CCCC99CCCCCCCCCCFFCCFF00CCFF33CCFF66CCFF99CCFFCCCCFFFFFF0000FF0033FF0066FF0099FF00CCFF00FFFF3300FF3333
310
FF3366FF3399FF33CCFF33FFFF6600FF6633FF6666FF6699FF66CCFF66FFFF9900FF9933FF9966FF9999FF99CCFF99FFFFCC00FFCC33FFCC66FFCC99FFCCCCFFCCFFFFFF00FFFF33FFFF66FFFF99FFFFCCFFFFFF0000000D0D0D1A1A1A2828283535354343435050505D5D5D6B6B6B787878868686939393A1A1A1AEAEAEBB
310
BBBBC9C9C9D6D6D6E4E4E4F1F1F1FFFFFF0000000000000000000000000000000000000000000000000000000000007C77BAA7000000B44944415478DAEDD0310100000C0220FBB7B48931760C22903E1701020408102040800001020408102040800001020408102040800001020408102040800001020408102040800001
310
020408102040800001020408102040800001020408102040800001020408102040800001020408102040800001020408102040800001020408102040800001020408102040800001020408102040800001020408102040800001020408102040800001020408102040C099016B33700943E05F3C0000000049454E44AE4260
310
82
  0
ENDSEC
  0
EOF
