  0
SECTION
  2
HEADER
  9
$ACADVER
  1
AC1032
  9
$ACADMAINTVER
 90
      378
  9
$DWGCODEPAGE
  3
ANSI_1250
  9
$REQUIREDVERSIONS
160
                 0
  9
$INSBASE
 10
0.0
 20
0.0
 30
0.0
  9
$EXTMIN
 10
-595996.804
 20
-1158252.627
 30
0.0
  9
$EXTMAX
 10
-595958.074
 20
-1158204.591
 30
258.841
  9
$LIMMIN
 10
-596509.627438
 20
-1158760.797438
  9
$LIMMAX
 10
-595445.250562
 20
-1157696.420562
  9
$ORTHOMODE
 70
     0
  9
$REGENMODE
 70
     1
  9
$FILLMODE
 70
     1
  9
$QTEXTMODE
 70
     0
  9
$MIRRTEXT
 70
     0
  9
$LTSCALE
 40
1.0
  9
$ATTMODE
 70
     1
  9
$TEXTSIZE
 40
2.0
  9
$TRACEWID
 40
0.05
  9
$TEXTSTYLE
  7
Standard
  9
$CLAYER
  8
GS06-sítě-kanalizace_DEST
  9
$CELTYPE
  6
Continuous
  9
$CECOLOR
 62
     7
  9
$CELTSCALE
 40
1.0
  9
$DISPSILH
 70
     0
  9
$DIMSCALE
 40
1.0
  9
$DIMASZ
 40
0.0016
  9
$DIMEXO
 40
0.0008
  9
$DIMDLI
 40
0.0
  9
$DIMRND
 40
0.0
  9
$DIMDLE
 40
0.0
  9
$DIMEXE
 40
0.0008
  9
$DIMTP
 40
0.0
  9
$DIMTM
 40
0.0
  9
$DIMTXT
 40
0.0016
  9
$DIMCEN
 40
0.0
  9
$DIMTSZ
 40
0.0
  9
$DIMTOL
 70
     0
  9
$DIMLIM
 70
     0
  9
$DIMTIH
 70
     0
  9
$DIMTOH
 70
     0
  9
$DIMSE1
 70
     0
  9
$DIMSE2
 70
     0
  9
$DIMTAD
 70
     1
  9
$DIMZIN
 70
     3
  9
$DIMBLK
  1
TerminatorOpen_0.5
  9
$DIMASO
 70
     1
  9
$DIMSHO
 70
     1
  9
$DIMPOST
  1

  9
$DIMAPOST
  1

  9
$DIMALT
 70
     0
  9
$DIMALTD
 70
     4
  9
$DIMALTF
 40
0.03937
  9
$DIMLFAC
 40
1.0
  9
$DIMTOFL
 70
     0
  9
$DIMTVP
 40
0.0
  9
$DIMTIX
 70
     0
  9
$DIMSOXD
 70
     0
  9
$DIMSAH
 70
     0
  9
$DIMBLK1
  1

  9
$DIMBLK2
  1

  9
$DIMSTYLE
  2
Kóty cm
  9
$DIMCLRD
 70
     0
  9
$DIMCLRE
 70
     0
  9
$DIMCLRT
 70
     0
  9
$DIMTFAC
 40
1.0
  9
$DIMGAP
 40
0.0008
  9
$DIMJUST
 70
     0
  9
$DIMSD1
 70
     0
  9
$DIMSD2
 70
     0
  9
$DIMTOLJ
 70
     1
  9
$DIMTZIN
 70
     3
  9
$DIMALTZ
 70
    15
  9
$DIMALTTZ
 70
    15
  9
$DIMUPT
 70
     0
  9
$DIMDEC
 70
     2
  9
$DIMTDEC
 70
     0
  9
$DIMALTU
 70
     2
  9
$DIMALTTD
 70
     0
  9
$DIMTXSTY
  7
Výškové kóty Pete_0
  9
$DIMAUNIT
 70
     0
  9
$DIMADEC
 70
     4
  9
$DIMALTRND
 40
0.0
  9
$DIMAZIN
 70
     3
  9
$DIMDSEP
 70
    44
  9
$DIMATFIT
 70
     1
  9
$DIMFRAC
 70
     0
  9
$DIMLDRBLK
  1
_Oblique_0.5
  9
$DIMLUNIT
 70
     2
  9
$DIMLWD
 70
    -2
  9
$DIMLWE
 70
    -2
  9
$DIMTMOVE
 70
     0
  9
$DIMFXL
 40
1.0
  9
$DIMFXLON
 70
     0
  9
$DIMJOGANG
 40
0.785398
  9
$DIMTFILL
 70
     0
  9
$DIMTFILLCLR
 70
     0
  9
$DIMARCSYM
 70
     0
  9
$DIMLTYPE
  6
ByBlock
  9
$DIMLTEX1
  6
ByBlock
  9
$DIMLTEX2
  6
ByBlock
  9
$DIMTXTDIRECTION
 70
     0
  9
$LUNITS
 70
     2
  9
$LUPREC
 70
     5
  9
$SKETCHINC
 40
0.1
  9
$FILLETRAD
 40
0.0
  9
$AUNITS
 70
     2
  9
$AUPREC
 70
     4
  9
$MENU
  1
.
  9
$ELEVATION
 40
0.0
  9
$PELEVATION
 40
0.0
  9
$THICKNESS
 40
0.0
  9
$LIMCHECK
 70
     0
  9
$CHAMFERA
 40
0.0
  9
$CHAMFERB
 40
0.0
  9
$CHAMFERC
 40
0.0
  9
$CHAMFERD
 40
0.0
  9
$SKPOLY
 70
     0
  9
$TDCREATE
 40
2454144.819687500
  9
$TDUCREATE
 40
2454144.778024017
  9
$TDUPDATE
 40
2455656.894178241
  9
$TDUUPDATE
 40
2455656.810845671
  9
$TDINDWG
 40
0.0041839699
  9
$TDUSRTIMER
 40
0.0041837847
  9
$USRTIMER
 70
     1
  9
$ANGBASE
 50
0.0
  9
$ANGDIR
 70
     0
  9
$PDMODE
 70
     0
  9
$PDSIZE
 40
0.0
  9
$PLINEWID
 40
0.0
  9
$SPLFRAME
 70
     0
  9
$SPLINETYPE
 70
     6
  9
$SPLINESEGS
 70
     8
  9
$HANDSEED
  5
716
  9
$SURFTAB1
 70
     6
  9
$SURFTAB2
 70
     6
  9
$SURFTYPE
 70
     6
  9
$SURFU
 70
     6
  9
$SURFV
 70
     6
  9
$UCSBASE
  2

  9
$UCSNAME
  2

  9
$UCSORG
 10
0.0
 20
0.0
 30
0.0
  9
$UCSXDIR
 10
1.0
 20
0.0
 30
0.0
  9
$UCSYDIR
 10
0.0
 20
1.0
 30
0.0
  9
$UCSORTHOREF
  2

  9
$UCSORTHOVIEW
 70
     0
  9
$UCSORGTOP
 10
0.0
 20
0.0
 30
0.0
  9
$UCSORGBOTTOM
 10
0.0
 20
0.0
 30
0.0
  9
$UCSORGLEFT
 10
0.0
 20
0.0
 30
0.0
  9
$UCSORGRIGHT
 10
0.0
 20
0.0
 30
0.0
  9
$UCSORGFRONT
 10
0.0
 20
0.0
 30
0.0
  9
$UCSORGBACK
 10
0.0
 20
0.0
 30
0.0
  9
$PUCSBASE
  2

  9
$PUCSNAME
  2

  9
$PUCSORG
 10
0.0
 20
0.0
 30
0.0
  9
$PUCSXDIR
 10
1.0
 20
0.0
 30
0.0
  9
$PUCSYDIR
 10
0.0
 20
1.0
 30
0.0
  9
$PUCSORTHOREF
  2

  9
$PUCSORTHOVIEW
 70
     0
  9
$PUCSORGTOP
 10
0.0
 20
0.0
 30
0.0
  9
$PUCSORGBOTTOM
 10
0.0
 20
0.0
 30
0.0
  9
$PUCSORGLEFT
 10
0.0
 20
0.0
 30
0.0
  9
$PUCSORGRIGHT
 10
0.0
 20
0.0
 30
0.0
  9
$PUCSORGFRONT
 10
0.0
 20
0.0
 30
0.0
  9
$PUCSORGBACK
 10
0.0
 20
0.0
 30
0.0
  9
$USERI1
 70
     0
  9
$USERI2
 70
     0
  9
$USERI3
 70
     0
  9
$USERI4
 70
     0
  9
$USERI5
 70
     0
  9
$USERR1
 40
0.0
  9
$USERR2
 40
0.0
  9
$USERR3
 40
0.0
  9
$USERR4
 40
0.0
  9
$USERR5
 40
0.0
  9
$WORLDVIEW
 70
     1
  9
$SHADEDGE
 70
     3
  9
$SHADEDIF
 70
    70
  9
$TILEMODE
 70
     1
  9
$MAXACTVP
 70
    64
  9
$PINSBASE
 10
0.0
 20
0.0
 30
0.0
  9
$PLIMCHECK
 70
     0
  9
$PEXTMIN
 10
-596000.4
 20
-1158258.227
 30
0.0
  9
$PEXTMAX
 10
-595919.534
 20
-1158204.338
 30
0.0
  9
$PLIMMIN
 10
-596154.320639
 20
-1158425.636139
  9
$PLIMMAX
 10
-595765.613361
 20
-1158036.928861
  9
$UNITMODE
 70
     0
  9
$VISRETAIN
 70
     1
  9
$PLINEGEN
 70
     0
  9
$PSLTSCALE
 70
     0
  9
$TREEDEPTH
 70
  3020
  9
$CMLSTYLE
  2
Standard
  9
$CMLJUST
 70
     0
  9
$CMLSCALE
 40
1.0
  9
$PROXYGRAPHICS
 70
     1
  9
$MEASUREMENT
 70
     0
  9
$CELWEIGHT
370
    -1
  9
$ENDCAPS
280
     0
  9
$JOINSTYLE
280
     0
  9
$LWDISPLAY
290
     1
  9
$INSUNITS
 70
     6
  9
$HYPERLINKBASE
  1

  9
$STYLESHEET
  1

  9
$XEDIT
290
     1
  9
$CEPSNTYPE
380
     0
  9
$PSTYLEMODE
290
     1
  9
$FINGERPRINTGUID
  2
{615E843C-B3C4-1E43-A94F-3BAD7100565D}
  9
$VERSIONGUID
  2
{38E7CD85-556C-4D6E-9C4C-B935CE7E055D}
  9
$EXTNAMES
290
     1
  9
$PSVPSCALE
 40
0.0
  9
$OLESTARTUP
290
     0
  9
$SORTENTS
280
   127
  9
$INDEXCTL
280
     0
  9
$HIDETEXT
280
     1
  9
$XCLIPFRAME
280
     0
  9
$HALOGAP
280
     0
  9
$OBSCOLOR
 70
   257
  9
$OBSLTYPE
280
     0
  9
$INTERSECTIONDISPLAY
280
     0
  9
$INTERSECTIONCOLOR
 70
   257
  9
$DIMASSOC
280
     1
  9
$PROJECTNAME
  1

  9
$CAMERADISPLAY
290
     0
  9
$LENSLENGTH
 40
50.0
  9
$CAMERAHEIGHT
 40
0.0
  9
$STEPSPERSEC
 40
2.0
  9
$STEPSIZE
 40
6.0
  9
$3DDWFPREC
 40
2.0
  9
$PSOLWIDTH
 40
0.25
  9
$PSOLHEIGHT
 40
4.0
  9
$LOFTANG1
 40
1.570796
  9
$LOFTANG2
 40
1.570796
  9
$LOFTMAG1
 40
0.0
  9
$LOFTMAG2
 40
0.0
  9
$LOFTPARAM
 70
     7
  9
$LOFTNORMALS
280
     1
  9
$LATITUDE
 40
37.795
  9
$LONGITUDE
 40
-122.394
  9
$NORTHDIRECTION
 40
0.0
  9
$TIMEZONE
 70
 -8000
  9
$LIGHTGLYPHDISPLAY
280
     1
  9
$TILEMODELIGHTSYNCH
280
     1
  9
$CMATERIAL
347
3C
  9
$SOLIDHIST
280
     1
  9
$SHOWHIST
280
     1
  9
$DWFFRAME
280
     2
  9
$DGNFRAME
280
     0
  9
$REALWORLDSCALE
290
     1
  9
$INTERFERECOLOR
 62
     1
  9
$INTERFEREOBJVS
345
6D
  9
$INTERFEREVPVS
346
6E
  9
$CSHADOW
280
     0
  9
$SHADOWPLANELOCATION
 40
0.0
  0
ENDSEC
  0
SECTION
  2
CLASSES
  0
CLASS
  1
ACDBDICTIONARYWDFLT
  2
AcDbDictionaryWithDefault
  3
ObjectDBX Classes
 90
        0
 91
        1
280
     0
281
     0
  0
CLASS
  1
DICTIONARYVAR
  2
AcDbDictionaryVar
  3
ObjectDBX Classes
 90
        0
 91
       11
280
     0
281
     0
  0
CLASS
  1
TABLESTYLE
  2
AcDbTableStyle
  3
ObjectDBX Classes
 90
     4095
 91
        1
280
     0
281
     0
  0
CLASS
  1
MATERIAL
  2
AcDbMaterial
  3
ObjectDBX Classes
 90
     1153
 91
        3
280
     0
281
     0
  0
CLASS
  1
VISUALSTYLE
  2
AcDbVisualStyle
  3
ObjectDBX Classes
 90
     4095
 91
        3
280
     0
281
     0
  0
CLASS
  1
SCALE
  2
AcDbScale
  3
ObjectDBX Classes
 90
     1153
 91
       34
280
     0
281
     0
  0
CLASS
  1
MLEADERSTYLE
  2
AcDbMLeaderStyle
  3
ACDB_MLEADERSTYLE_CLASS
 90
     4095
 91
        0
280
     0
281
     0
  0
CLASS
  1
EXACXREFPANELOBJECT
  2
ExAcXREFPanelObject
  3
EXAC_ESW
 90
     1025
 91
        0
280
     1
281
     0
  0
CLASS
  1
NPOCOLLECTION
  2
AcDbImpNonPersistentObjectsCollection
  3
ObjectDBX Classes
 90
     1153
 91
        0
280
     0
281
     0
  0
CLASS
  1
CELLSTYLEMAP
  2
AcDbCellStyleMap
  3
ObjectDBX Classes
 90
     1152
 91
        1
280
     0
281
     0
  0
CLASS
  1
ACDBSECTIONVIEWSTYLE
  2
AcDbSectionViewStyle
  3
ObjectDBX Classes
 90
     1025
 91
        0
280
     0
281
     0
  0
CLASS
  1
ACDBDETAILVIEWSTYLE
  2
AcDbDetailViewStyle
  3
ObjectDBX Classes
 90
     1025
 91
        0
280
     0
281
     0
  0
CLASS
  1
SORTENTSTABLE
  2
AcDbSortentsTable
  3
ObjectDBX Classes
 90
        0
 91
        6
280
     0
281
     0
  0
ENDSEC
  0
SECTION
  2
TABLES
  0
TABLE
  2
VPORT
  5
30
330
0
100
AcDbSymbolTable
 70
     1
  0
VPORT
  5
31
330
30
100
AcDbSymbolTableRecord
100
AcDbViewportTableRecord
  2
*Active
 70
     0
 10
0.0
 20
0.0
 11
1.0
 21
1.0
 12
30.992411
 22
16.614489
 13
0.0
 23
0.0
 14
0.5
 24
0.5
 15
0.5
 25
0.5
 16
0.0
 26
0.0
 36
1.0
 17
0.0
 27
0.0
 37
0.0
 40
33.228977
 41
1.865385
 42
50.0
 43
0.0
 44
0.0
 50
0.0
 51
0.0
 71
     0
 72
 20000
 73
     1
 74
     3
 75
     0
 76
     0
 77
     0
 78
     0
281
     0
 65
     1
110
0.0
120
0.0
130
0.0
111
1.0
121
0.0
131
0.0
112
0.0
122
1.0
132
0.0
 79
     0
146
0.0
348
32
 60
     3
 61
     5
292
     1
282
     1
141
0.0
142
0.0
 63
   250
421
  3355443
  0
ENDTAB
  0
TABLE
  2
LTYPE
  5
2B
330
0
100
AcDbSymbolTable
 70
     1
  0
LTYPE
  5
2C
330
2B
100
AcDbSymbolTableRecord
100
AcDbLinetypeTableRecord
  2
ByBlock
 70
     0
  3

 72
    65
 73
     0
 40
0.0
  0
LTYPE
  5
2D
330
2B
100
AcDbSymbolTableRecord
100
AcDbLinetypeTableRecord
  2
ByLayer
 70
     0
  3

 72
    65
 73
     0
 40
0.0
  0
LTYPE
  5
13
330
2B
100
AcDbSymbolTableRecord
100
AcDbLinetypeTableRecord
  2
Continuous
 70
     0
  3
Solid line
 72
    65
 73
     0
 40
0.0
  0
ENDTAB
  0
TABLE
  2
LAYER
  5
23
102
{ACAD_XDICTIONARY
360
24
102
}
330
0
100
AcDbSymbolTable
 70
    35
  0
LAYER
  5
4
102
{ACAD_XDICTIONARY
360
5
102
}
330
23
100
AcDbSymbolTableRecord
100
AcDbLayerTableRecord
  2
0
 70
     0
 62
     7
  6
Continuous
370
    -3
390
7
347
A
348
0
1001
AcCmTransparency
1071
 33554687
  0
LAYER
  5
5C
330
23
100
AcDbSymbolTableRecord
100
AcDbLayerTableRecord
  2
GS06-sítě-kanalizace_DEST
 70
     0
 62
     7
  6
Continuous
370
     0
390
7
347
A
348
0
1001
AcCmTransparency
1071
 33554687
  0
LAYER
  5
DD
330
23
100
AcDbSymbolTableRecord
100
AcDbLayerTableRecord
  2
GS06-sítě-silové vedení_NEROZ
 70
     0
 62
     7
  6
Continuous
370
     0
390
7
347
A
348
0
1001
AcCmTransparency
1071
 33554687
  0
LAYER
  5
549
330
23
100
AcDbSymbolTableRecord
100
AcDbLayerTableRecord
  2
GS01-body-BP+PMS-buňky
 70
     0
 62
     7
  6
Continuous
370
     0
390
7
347
A
348
0
1001
AcCmTransparency
1071
 33554687
  0
LAYER
  5
121
330
23
100
AcDbSymbolTableRecord
100
AcDbLayerTableRecord
  2
GS01-body-info
 70
     0
 62
     7
  6
Continuous
290
     0
370
     0
390
7
347
A
348
0
1001
AcCmTransparency
1071
 33554687
  0
LAYER
  5
11C
330
23
100
AcDbSymbolTableRecord
100
AcDbLayerTableRecord
  2
GS01-body-poloha
 70
     0
 62
     7
  6
Continuous
290
     0
370
     0
390
7
347
A
348
0
1001
AcCmTransparency
1071
 33554687
  0
LAYER
  5
11E
330
23
100
AcDbSymbolTableRecord
100
AcDbLayerTableRecord
  2
GS01-body-čísla
 70
     0
 62
     7
  6
Continuous
290
     0
370
     0
390
7
347
A
348
0
1001
AcCmTransparency
1071
 33554687
  0
LAYER
  5
AF
330
23
100
AcDbSymbolTableRecord
100
AcDbLayerTableRecord
  2
GS02-hranice-jiné komunikace
 70
     0
 62
     7
  6
Continuous
370
     0
390
7
347
A
348
0
1001
AcCmTransparency
1071
 33554687
  0
LAYER
  5
C5
330
23
100
AcDbSymbolTableRecord
100
AcDbLayerTableRecord
  2
GS02-hranice-ostatní
 70
     0
 62
     7
  6
Continuous
370
     0
390
7
347
A
348
0
1001
AcCmTransparency
1071
 33554687
  0
LAYER
  5
BE
330
23
100
AcDbSymbolTableRecord
100
AcDbLayerTableRecord
  2
GS02-hranice-plochy zpevněné
 70
     0
 62
     7
  6
Continuous
370
     0
390
7
347
A
348
0
1001
AcCmTransparency
1071
 33554687
  0
LAYER
  5
D2
330
23
100
AcDbSymbolTableRecord
100
AcDbLayerTableRecord
  2
GS02-hranice-rozhrady
 70
     0
 62
     7
  6
Continuous
370
     0
390
7
347
A
348
0
1001
AcCmTransparency
1071
 33554687
  0
LAYER
  5
96
330
23
100
AcDbSymbolTableRecord
100
AcDbLayerTableRecord
  2
GS02-hranice-vozovky
 70
     0
 62
     7
  6
Continuous
370
     0
390
7
347
A
348
0
1001
AcCmTransparency
1071
 33554687
  0
LAYER
  5
5F9
330
23
100
AcDbSymbolTableRecord
100
AcDbLayerTableRecord
  2
GS03-plochy nezpevněné-buňky
 70
     0
 62
     7
  6
Continuous
370
     0
390
7
347
A
348
0
1001
AcCmTransparency
1071
 33554687
  0
LAYER
  5
100
330
23
100
AcDbSymbolTableRecord
100
AcDbLayerTableRecord
  2
GS03-stromy
 70
     0
 62
     7
  6
Continuous
370
     0
390
7
347
A
348
0
1001
AcCmTransparency
1071
 33554687
  0
LAYER
  5
5EE
330
23
100
AcDbSymbolTableRecord
100
AcDbLayerTableRecord
  2
GS04-objekty-buňky
 70
     0
 62
     7
  6
Continuous
370
     0
390
7
347
A
348
0
1001
AcCmTransparency
1071
 33554687
  0
LAYER
  5
C7
330
23
100
AcDbSymbolTableRecord
100
AcDbLayerTableRecord
  2
GS04-objekty-linie
 70
     0
 62
     7
  6
Continuous
370
     0
390
7
347
A
348
0
1001
AcCmTransparency
1071
 33554687
  0
LAYER
  5
CA
330
23
100
AcDbSymbolTableRecord
100
AcDbLayerTableRecord
  2
GS04-objekty-ostatní
 70
     0
 62
     7
  6
Continuous
370
     0
390
7
347
A
348
0
1001
AcCmTransparency
1071
 33554687
  0
LAYER
  5
D8
330
23
100
AcDbSymbolTableRecord
100
AcDbLayerTableRecord
  2
GS04-objekty-vstupy
 70
     0
 62
     7
  6
Continuous
370
     0
390
7
347
A
348
0
1001
AcCmTransparency
1071
 33554687
  0
LAYER
  5
D0
330
23
100
AcDbSymbolTableRecord
100
AcDbLayerTableRecord
  2
GS05-doprava-zábrany
 70
     0
 62
     7
  6
Continuous
370
     0
390
7
347
A
348
0
1001
AcCmTransparency
1071
 33554687
  0
LAYER
  5
DF
330
23
100
AcDbSymbolTableRecord
100
AcDbLayerTableRecord
  2
GS06-sítě-sdělovací vedení
 70
     0
 62
     7
  6
Continuous
370
     0
390
7
347
A
348
0
1001
AcCmTransparency
1071
 33554687
  0
LAYER
  5
E1
330
23
100
AcDbSymbolTableRecord
100
AcDbLayerTableRecord
  2
GS06-sítě-veřejné osvětlení
 70
     0
 62
     7
  6
Continuous
370
     0
390
7
347
A
348
0
1001
AcCmTransparency
1071
 33554687
  0
LAYER
  5
282
330
23
100
AcDbSymbolTableRecord
100
AcDbLayerTableRecord
  2
GS09-výškopis-body podrobné-buňky
 70
     0
 62
     7
  6
Continuous
290
     0
370
     0
390
7
347
A
348
0
1001
AcCmTransparency
1071
 33554687
  0
LAYER
  5
65A
330
23
100
AcDbSymbolTableRecord
100
AcDbLayerTableRecord
  2
GS09-výškopis-body podrobné-buňky-TISK
 70
     0
 62
     7
  6
Continuous
370
     0
390
7
347
A
348
0
1001
AcCmTransparency
1071
 33554687
  0
LAYER
  5
DB
330
23
100
AcDbSymbolTableRecord
100
AcDbLayerTableRecord
  2
GS09-výškopis-hrany svahů
 70
     0
 62
     7
  6
Continuous
370
     0
390
7
347
A
348
0
1001
AcCmTransparency
1071
 33554687
  0
LAYER
  5
70A
330
23
100
AcDbSymbolTableRecord
100
AcDbLayerTableRecord
  2
GS09-výškopis-kóty na objektech-buňky
 70
     0
 62
     7
  6
Continuous
370
     0
390
7
347
A
348
0
1001
AcCmTransparency
1071
 33554687
  0
LAYER
  5
642
330
23
100
AcDbSymbolTableRecord
100
AcDbLayerTableRecord
  2
GS09-výškopis-šrafy svahů
 70
     0
 62
     7
  6
Continuous
370
     0
390
7
347
A
348
0
1001
AcCmTransparency
1071
 33554687
  0
LAYER
  5
288
330
23
100
AcDbSymbolTableRecord
100
AcDbLayerTableRecord
  2
GS09-výškopis-body podrobné-výšky
 70
     0
 62
     7
  6
Continuous
290
     0
370
     0
390
7
347
A
348
0
1001
AcCmTransparency
1071
 33554687
  0
LAYER
  5
55B
330
23
100
AcDbSymbolTableRecord
100
AcDbLayerTableRecord
  2
GS09-výškopis-body podrobné-výšky-TISK
 70
     0
 62
     7
  6
Continuous
370
     0
390
7
347
A
348
0
1001
AcCmTransparency
1071
 33554687
  0
LAYER
  5
5EA
330
23
100
AcDbSymbolTableRecord
100
AcDbLayerTableRecord
  2
GS09-výškopis-body-BP+PMS-výšky
 70
     0
 62
     7
  6
Continuous
370
     0
390
7
347
A
348
0
1001
AcCmTransparency
1071
 33554687
  0
LAYER
  5
5E8
330
23
100
AcDbSymbolTableRecord
100
AcDbLayerTableRecord
  2
GS10-popis-body-BP+PMS-čísla
 70
     0
 62
     7
  6
Continuous
370
     0
390
7
347
A
348
0
1001
AcCmTransparency
1071
 33554687
  0
LAYER
  5
5D0
330
23
100
AcDbSymbolTableRecord
100
AcDbLayerTableRecord
  2
GS10-popis-budovy-čísla popisná a orientační
 70
     0
 62
     7
  6
Continuous
370
     0
390
7
347
A
348
0
1001
AcCmTransparency
1071
 33554687
  0
LAYER
  5
5CB
330
23
100
AcDbSymbolTableRecord
100
AcDbLayerTableRecord
  2
GS10-popis-názvy ulic
 70
     0
 62
     7
  6
Continuous
370
     0
390
7
347
A
348
0
1001
AcCmTransparency
1071
 33554687
  0
LAYER
  5
5CD
330
23
100
AcDbSymbolTableRecord
100
AcDbLayerTableRecord
  2
GS10-popis-objekty
 70
     0
 62
     7
  6
Continuous
370
     0
390
7
347
A
348
0
1001
AcCmTransparency
1071
 33554687
  0
LAYER
  5
5E6
330
23
100
AcDbSymbolTableRecord
100
AcDbLayerTableRecord
  2
GS09-výškopis-objekty-výšky
 70
     0
 62
     7
  6
Continuous
370
     0
390
7
347
A
348
0
1001
AcCmTransparency
1071
 33554687
  0
LAYER
  5
5D7
330
23
100
AcDbSymbolTableRecord
100
AcDbLayerTableRecord
  2
GS10-popis-plochy
 70
     0
 62
     7
  6
Continuous
370
     0
390
7
347
A
348
0
1001
AcCmTransparency
1071
 33554687
  0
ENDTAB
  0
TABLE
  2
STYLE
  5
28
330
0
100
AcDbSymbolTable
 70
     5
  0
STYLE
  5
29
330
28
100
AcDbSymbolTableRecord
100
AcDbTextStyleTableRecord
  2
Standard
 70
     0
 40
0.0
 41
1.0
 50
0.0
 71
     0
 42
2.0
  3
txt
  4

  0
STYLE
  5
5D
330
28
100
AcDbSymbolTableRecord
100
AcDbTextStyleTableRecord
  2
Výškové kóty Pete_0
 70
     0
 40
0.0
 41
0.5
 50
0.0
 71
     0
 42
0.2
  3
cs_Working.shx
  4

1001
AcadAnnotative
1000
AnnotativeData
1002
{
1070
     1
1070
     1
1002
}
  0
STYLE
  5
289
330
28
100
AcDbSymbolTableRecord
100
AcDbTextStyleTableRecord
  2
Style-Arial Narrow
 70
     0
 40
0.0
 41
1.0
 50
0.0
 71
     0
 42
0.2
  3
ARIALN.TTF
  4

1001
ACAD
1000
Arial Narrow
1071
    60967
  0
STYLE
  5
11F
330
28
100
AcDbSymbolTableRecord
100
AcDbTextStyleTableRecord
  2
Style-Arial Narrow IF
 70
     0
 40
0.0
 41
1.0
 50
0.0
 71
     0
 42
0.2
  3
ARIALNI.TTF
  4

1001
ACAD
1000
Arial Narrow
1071
 16838183
  0
STYLE
  5
5D2
330
28
100
AcDbSymbolTableRecord
100
AcDbTextStyleTableRecord
  2
Style-Calibri IF
 70
     0
 40
0.0
 41
1.0
 50
0.0
 71
     0
 42
0.2
  3
calibrii.ttf
  4

1001
ACAD
1000
Calibri
1071
 16838183
  0
ENDTAB
  0
TABLE
  2
VIEW
  5
2E
330
0
100
AcDbSymbolTable
 70
     0
  0
ENDTAB
  0
TABLE
  2
UCS
  5
2F
330
0
100
AcDbSymbolTable
 70
     0
  0
ENDTAB
  0
TABLE
  2
APPID
  5
34
330
0
100
AcDbSymbolTable
 70
     5
  0
APPID
  5
35
330
34
100
AcDbSymbolTableRecord
100
AcDbRegAppTableRecord
  2
ACAD
 70
     0
  0
APPID
  5
21
330
34
100
AcDbSymbolTableRecord
100
AcDbRegAppTableRecord
  2
ACAD_PSEXT
 70
     0
  0
APPID
  5
22
330
34
100
AcDbSymbolTableRecord
100
AcDbRegAppTableRecord
  2
AcadAnnoAV
 70
     0
  0
APPID
  5
5E
330
34
100
AcDbSymbolTableRecord
100
AcDbRegAppTableRecord
  2
AcadAnnotative
 70
     0
  0
APPID
  5
14
330
34
100
AcDbSymbolTableRecord
100
AcDbRegAppTableRecord
  2
AcCmTransparency
 70
     0
  0
ENDTAB
  0
TABLE
  2
DIMSTYLE
  5
36
330
0
100
AcDbSymbolTable
 70
     2
100
AcDbDimStyleTable
 71
     1
340
37
  0
DIMSTYLE
105
37
330
36
100
AcDbSymbolTableRecord
100
AcDbDimStyleTableRecord
  2
Standard
 70
     0
340
29
  0
DIMSTYLE
105
6F
330
36
100
AcDbSymbolTableRecord
100
AcDbDimStyleTableRecord
  2
Kóty cm
 70
     0
 41
0.0016
 42
0.0008
 43
0.0
 44
0.0008
 73
     0
 74
     0
 77
     1
 78
     3
 79
     3
140
0.0016
141
0.0
143
0.03937
147
0.0008
171
     4
179
     4
271
     2
272
     0
274
     0
278
    44
284
     3
285
    15
286
    15
289
     1
340
5D
341
65
342
5F
345
2C
346
2C
347
2C
1001
AcadAnnotative
1000
AnnotativeData
1002
{
1070
     1
1070
     1
1002
}
  0
ENDTAB
  0
TABLE
  2
BLOCK_RECORD
  5
1
330
0
100
AcDbSymbolTable
 70
   177
  0
BLOCK_RECORD
  5
2
102
{ACAD_XDICTIONARY
360
712
102
}
330
1
100
AcDbSymbolTableRecord
100
AcDbBlockTableRecord
  2
*Model_Space
340
16
 70
     0
280
     1
281
     0
  0
BLOCK_RECORD
  5
1A
102
{ACAD_XDICTIONARY
360
1B
102
}
330
1
100
AcDbSymbolTableRecord
100
AcDbBlockTableRecord
  2
*Paper_Space
340
1F
 70
     0
280
     1
281
     0
  0
BLOCK_RECORD
  5
5F
330
1
100
AcDbSymbolTableRecord
100
AcDbBlockTableRecord
  2
TerminatorOpen_0.5
340
0
 70
     0
280
     1
281
     0
  0
BLOCK_RECORD
  5
65
330
1
100
AcDbSymbolTableRecord
100
AcDbBlockTableRecord
  2
_Oblique_0.5
340
0
 70
     0
280
     1
281
     0
  0
BLOCK_RECORD
  5
93
330
1
100
AcDbSymbolTableRecord
100
AcDbBlockTableRecord
  2
Husovice_Včelák_mapa
340
0
102
{BLKREFS
331
92
102
}
 70
     0
280
     1
281
     0
  0
BLOCK_RECORD
  5
E2
330
1
100
AcDbSymbolTableRecord
100
AcDbBlockTableRecord
  2
6.560
340
0
102
{BLKREFS
331
E0
102
}
 70
     0
280
     1
281
     0
  0
BLOCK_RECORD
  5
EB
330
1
100
AcDbSymbolTableRecord
100
AcDbBlockTableRecord
  2
6.560_1
340
0
102
{BLKREFS
331
EA
102
}
 70
     0
280
     1
281
     0
  0
BLOCK_RECORD
  5
F4
330
1
100
AcDbSymbolTableRecord
100
AcDbBlockTableRecord
  2
6.30
340
0
102
{BLKREFS
331
F3
102
}
 70
     0
280
     1
281
     0
  0
BLOCK_RECORD
  5
FA
330
1
100
AcDbSymbolTableRecord
100
AcDbBlockTableRecord
  2
6.30_1
340
0
102
{BLKREFS
331
F9
102
}
 70
     0
280
     1
281
     0
  0
BLOCK_RECORD
  5
101
330
1
100
AcDbSymbolTableRecord
100
AcDbBlockTableRecord
  2
3.13
340
0
102
{BLKREFS
331
FF
102
}
 70
     0
280
     1
281
     0
  0
BLOCK_RECORD
  5
10A
330
1
100
AcDbSymbolTableRecord
100
AcDbBlockTableRecord
  2
3.13_1
340
0
102
{BLKREFS
331
109
102
}
 70
     0
280
     1
281
     0
  0
BLOCK_RECORD
  5
113
330
1
100
AcDbSymbolTableRecord
100
AcDbBlockTableRecord
  2
3.13_2
340
0
102
{BLKREFS
331
112
102
}
 70
     0
280
     1
281
     0
  0
BLOCK_RECORD
  5
283
330
1
100
AcDbSymbolTableRecord
100
AcDbBlockTableRecord
  2
9.12
340
0
102
{BLKREFS
331
281
102
}
 70
     0
280
     1
281
     0
  0
BLOCK_RECORD
  5
28B
330
1
100
AcDbSymbolTableRecord
100
AcDbBlockTableRecord
  2
9.12_1
340
0
102
{BLKREFS
331
28A
102
}
 70
     0
280
     1
281
     0
  0
BLOCK_RECORD
  5
291
330
1
100
AcDbSymbolTableRecord
100
AcDbBlockTableRecord
  2
9.12_2
340
0
102
{BLKREFS
331
290
102
}
 70
     0
280
     1
281
     0
  0
BLOCK_RECORD
  5
297
330
1
100
AcDbSymbolTableRecord
100
AcDbBlockTableRecord
  2
9.12_3
340
0
102
{BLKREFS
331
296
102
}
 70
     0
280
     1
281
     0
  0
BLOCK_RECORD
  5
29D
330
1
100
AcDbSymbolTableRecord
100
AcDbBlockTableRecord
  2
9.12_4
340
0
102
{BLKREFS
331
29C
102
}
 70
     0
280
     1
281
     0
  0
BLOCK_RECORD
  5
2A3
330
1
100
AcDbSymbolTableRecord
100
AcDbBlockTableRecord
  2
9.12_5
340
0
102
{BLKREFS
331
2A2
102
}
 70
     0
280
     1
281
     0
  0
BLOCK_RECORD
  5
2A9
330
1
100
AcDbSymbolTableRecord
100
AcDbBlockTableRecord
  2
9.12_6
340
0
102
{BLKREFS
331
2A8
102
}
 70
     0
280
     1
281
     0
  0
BLOCK_RECORD
  5
2AF
330
1
100
AcDbSymbolTableRecord
100
AcDbBlockTableRecord
  2
9.12_7
340
0
102
{BLKREFS
331
2AE
102
}
 70
     0
280
     1
281
     0
  0
BLOCK_RECORD
  5
2B5
330
1
100
AcDbSymbolTableRecord
100
AcDbBlockTableRecord
  2
9.12_8
340
0
102
{BLKREFS
331
2B4
102
}
 70
     0
280
     1
281
     0
  0
BLOCK_RECORD
  5
2BB
330
1
100
AcDbSymbolTableRecord
100
AcDbBlockTableRecord
  2
9.12_9
340
0
102
{BLKREFS
331
2BA
102
}
 70
     0
280
     1
281
     0
  0
BLOCK_RECORD
  5
2C1
330
1
100
AcDbSymbolTableRecord
100
AcDbBlockTableRecord
  2
9.12_10
340
0
102
{BLKREFS
331
2C0
102
}
 70
     0
280
     1
281
     0
  0
BLOCK_RECORD
  5
2C7
330
1
100
AcDbSymbolTableRecord
100
AcDbBlockTableRecord
  2
9.12_11
340
0
102
{BLKREFS
331
2C6
102
}
 70
     0
280
     1
281
     0
  0
BLOCK_RECORD
  5
2CD
330
1
100
AcDbSymbolTableRecord
100
AcDbBlockTableRecord
  2
9.12_12
340
0
102
{BLKREFS
331
2CC
102
}
 70
     0
280
     1
281
     0
  0
BLOCK_RECORD
  5
2D3
330
1
100
AcDbSymbolTableRecord
100
AcDbBlockTableRecord
  2
9.12_13
340
0
102
{BLKREFS
331
2D2
102
}
 70
     0
280
     1
281
     0
  0
BLOCK_RECORD
  5
2D9
330
1
100
AcDbSymbolTableRecord
100
AcDbBlockTableRecord
  2
9.12_14
340
0
102
{BLKREFS
331
2D8
102
}
 70
     0
280
     1
281
     0
  0
BLOCK_RECORD
  5
2DF
330
1
100
AcDbSymbolTableRecord
100
AcDbBlockTableRecord
  2
9.12_15
340
0
102
{BLKREFS
331
2DE
102
}
 70
     0
280
     1
281
     0
  0
BLOCK_RECORD
  5
2E5
330
1
100
AcDbSymbolTableRecord
100
AcDbBlockTableRecord
  2
9.12_16
340
0
102
{BLKREFS
331
2E4
102
}
 70
     0
280
     1
281
     0
  0
BLOCK_RECORD
  5
2EB
330
1
100
AcDbSymbolTableRecord
100
AcDbBlockTableRecord
  2
9.12_17
340
0
102
{BLKREFS
331
2EA
102
}
 70
     0
280
     1
281
     0
  0
BLOCK_RECORD
  5
2F1
330
1
100
AcDbSymbolTableRecord
100
AcDbBlockTableRecord
  2
9.12_18
340
0
102
{BLKREFS
331
2F0
102
}
 70
     0
280
     1
281
     0
  0
BLOCK_RECORD
  5
2F7
330
1
100
AcDbSymbolTableRecord
100
AcDbBlockTableRecord
  2
9.12_19
340
0
102
{BLKREFS
331
2F6
102
}
 70
     0
280
     1
281
     0
  0
BLOCK_RECORD
  5
2FD
330
1
100
AcDbSymbolTableRecord
100
AcDbBlockTableRecord
  2
9.12_20
340
0
102
{BLKREFS
331
2FC
102
}
 70
     0
280
     1
281
     0
  0
BLOCK_RECORD
  5
303
330
1
100
AcDbSymbolTableRecord
100
AcDbBlockTableRecord
  2
9.12_21
340
0
102
{BLKREFS
331
302
102
}
 70
     0
280
     1
281
     0
  0
BLOCK_RECORD
  5
309
330
1
100
AcDbSymbolTableRecord
100
AcDbBlockTableRecord
  2
9.12_22
340
0
102
{BLKREFS
331
308
102
}
 70
     0
280
     1
281
     0
  0
BLOCK_RECORD
  5
30F
330
1
100
AcDbSymbolTableRecord
100
AcDbBlockTableRecord
  2
9.12_23
340
0
102
{BLKREFS
331
30E
102
}
 70
     0
280
     1
281
     0
  0
BLOCK_RECORD
  5
315
330
1
100
AcDbSymbolTableRecord
100
AcDbBlockTableRecord
  2
9.12_24
340
0
102
{BLKREFS
331
314
102
}
 70
     0
280
     1
281
     0
  0
BLOCK_RECORD
  5
31B
330
1
100
AcDbSymbolTableRecord
100
AcDbBlockTableRecord
  2
9.12_25
340
0
102
{BLKREFS
331
31A
102
}
 70
     0
280
     1
281
     0
  0
BLOCK_RECORD
  5
321
330
1
100
AcDbSymbolTableRecord
100
AcDbBlockTableRecord
  2
9.12_26
340
0
102
{BLKREFS
331
320
102
}
 70
     0
280
     1
281
     0
  0
BLOCK_RECORD
  5
327
330
1
100
AcDbSymbolTableRecord
100
AcDbBlockTableRecord
  2
9.12_27
340
0
102
{BLKREFS
331
326
102
}
 70
     0
280
     1
281
     0
  0
BLOCK_RECORD
  5
32D
330
1
100
AcDbSymbolTableRecord
100
AcDbBlockTableRecord
  2
9.12_28
340
0
102
{BLKREFS
331
32C
102
}
 70
     0
280
     1
281
     0
  0
BLOCK_RECORD
  5
333
330
1
100
AcDbSymbolTableRecord
100
AcDbBlockTableRecord
  2
9.12_29
340
0
102
{BLKREFS
331
332
102
}
 70
     0
280
     1
281
     0
  0
BLOCK_RECORD
  5
339
330
1
100
AcDbSymbolTableRecord
100
AcDbBlockTableRecord
  2
9.12_30
340
0
102
{BLKREFS
331
338
102
}
 70
     0
280
     1
281
     0
  0
BLOCK_RECORD
  5
33F
330
1
100
AcDbSymbolTableRecord
100
AcDbBlockTableRecord
  2
9.12_31
340
0
102
{BLKREFS
331
33E
102
}
 70
     0
280
     1
281
     0
  0
BLOCK_RECORD
  5
345
330
1
100
AcDbSymbolTableRecord
100
AcDbBlockTableRecord
  2
9.12_32
340
0
102
{BLKREFS
331
344
102
}
 70
     0
280
     1
281
     0
  0
BLOCK_RECORD
  5
34B
330
1
100
AcDbSymbolTableRecord
100
AcDbBlockTableRecord
  2
9.12_33
340
0
102
{BLKREFS
331
34A
102
}
 70
     0
280
     1
281
     0
  0
BLOCK_RECORD
  5
351
330
1
100
AcDbSymbolTableRecord
100
AcDbBlockTableRecord
  2
9.12_34
340
0
102
{BLKREFS
331
350
102
}
 70
     0
280
     1
281
     0
  0
BLOCK_RECORD
  5
357
330
1
100
AcDbSymbolTableRecord
100
AcDbBlockTableRecord
  2
9.12_35
340
0
102
{BLKREFS
331
356
102
}
 70
     0
280
     1
281
     0
  0
BLOCK_RECORD
  5
35D
330
1
100
AcDbSymbolTableRecord
100
AcDbBlockTableRecord
  2
9.12_36
340
0
102
{BLKREFS
331
35C
102
}
 70
     0
280
     1
281
     0
  0
BLOCK_RECORD
  5
363
330
1
100
AcDbSymbolTableRecord
100
AcDbBlockTableRecord
  2
9.12_37
340
0
102
{BLKREFS
331
362
102
}
 70
     0
280
     1
281
     0
  0
BLOCK_RECORD
  5
369
330
1
100
AcDbSymbolTableRecord
100
AcDbBlockTableRecord
  2
9.12_38
340
0
102
{BLKREFS
331
368
102
}
 70
     0
280
     1
281
     0
  0
BLOCK_RECORD
  5
36F
330
1
100
AcDbSymbolTableRecord
100
AcDbBlockTableRecord
  2
9.12_39
340
0
102
{BLKREFS
331
36E
102
}
 70
     0
280
     1
281
     0
  0
BLOCK_RECORD
  5
375
330
1
100
AcDbSymbolTableRecord
100
AcDbBlockTableRecord
  2
9.12_40
340
0
102
{BLKREFS
331
374
102
}
 70
     0
280
     1
281
     0
  0
BLOCK_RECORD
  5
37B
330
1
100
AcDbSymbolTableRecord
100
AcDbBlockTableRecord
  2
9.12_41
340
0
102
{BLKREFS
331
37A
102
}
 70
     0
280
     1
281
     0
  0
BLOCK_RECORD
  5
381
330
1
100
AcDbSymbolTableRecord
100
AcDbBlockTableRecord
  2
9.12_42
340
0
102
{BLKREFS
331
380
102
}
 70
     0
280
     1
281
     0
  0
BLOCK_RECORD
  5
387
330
1
100
AcDbSymbolTableRecord
100
AcDbBlockTableRecord
  2
9.12_43
340
0
102
{BLKREFS
331
386
102
}
 70
     0
280
     1
281
     0
  0
BLOCK_RECORD
  5
38D
330
1
100
AcDbSymbolTableRecord
100
AcDbBlockTableRecord
  2
9.12_44
340
0
102
{BLKREFS
331
38C
102
}
 70
     0
280
     1
281
     0
  0
BLOCK_RECORD
  5
393
330
1
100
AcDbSymbolTableRecord
100
AcDbBlockTableRecord
  2
9.12_45
340
0
102
{BLKREFS
331
392
102
}
 70
     0
280
     1
281
     0
  0
BLOCK_RECORD
  5
399
330
1
100
AcDbSymbolTableRecord
100
AcDbBlockTableRecord
  2
9.12_46
340
0
102
{BLKREFS
331
398
102
}
 70
     0
280
     1
281
     0
  0
BLOCK_RECORD
  5
39F
330
1
100
AcDbSymbolTableRecord
100
AcDbBlockTableRecord
  2
9.12_47
340
0
102
{BLKREFS
331
39E
102
}
 70
     0
280
     1
281
     0
  0
BLOCK_RECORD
  5
3A5
330
1
100
AcDbSymbolTableRecord
100
AcDbBlockTableRecord
  2
9.12_48
340
0
102
{BLKREFS
331
3A4
102
}
 70
     0
280
     1
281
     0
  0
BLOCK_RECORD
  5
3AB
330
1
100
AcDbSymbolTableRecord
100
AcDbBlockTableRecord
  2
9.12_49
340
0
102
{BLKREFS
331
3AA
102
}
 70
     0
280
     1
281
     0
  0
BLOCK_RECORD
  5
3B1
330
1
100
AcDbSymbolTableRecord
100
AcDbBlockTableRecord
  2
9.12_50
340
0
102
{BLKREFS
331
3B0
102
}
 70
     0
280
     1
281
     0
  0
BLOCK_RECORD
  5
3B7
330
1
100
AcDbSymbolTableRecord
100
AcDbBlockTableRecord
  2
9.12_51
340
0
102
{BLKREFS
331
3B6
102
}
 70
     0
280
     1
281
     0
  0
BLOCK_RECORD
  5
3BD
330
1
100
AcDbSymbolTableRecord
100
AcDbBlockTableRecord
  2
9.12_52
340
0
102
{BLKREFS
331
3BC
102
}
 70
     0
280
     1
281
     0
  0
BLOCK_RECORD
  5
3C3
330
1
100
AcDbSymbolTableRecord
100
AcDbBlockTableRecord
  2
9.12_53
340
0
102
{BLKREFS
331
3C2
102
}
 70
     0
280
     1
281
     0
  0
BLOCK_RECORD
  5
3C9
330
1
100
AcDbSymbolTableRecord
100
AcDbBlockTableRecord
  2
9.12_54
340
0
102
{BLKREFS
331
3C8
102
}
 70
     0
280
     1
281
     0
  0
BLOCK_RECORD
  5
3CF
330
1
100
AcDbSymbolTableRecord
100
AcDbBlockTableRecord
  2
9.12_55
340
0
102
{BLKREFS
331
3CE
102
}
 70
     0
280
     1
281
     0
  0
BLOCK_RECORD
  5
3D5
330
1
100
AcDbSymbolTableRecord
100
AcDbBlockTableRecord
  2
9.12_56
340
0
102
{BLKREFS
331
3D4
102
}
 70
     0
280
     1
281
     0
  0
BLOCK_RECORD
  5
3DB
330
1
100
AcDbSymbolTableRecord
100
AcDbBlockTableRecord
  2
9.12_57
340
0
102
{BLKREFS
331
3DA
102
}
 70
     0
280
     1
281
     0
  0
BLOCK_RECORD
  5
3E1
330
1
100
AcDbSymbolTableRecord
100
AcDbBlockTableRecord
  2
9.12_58
340
0
102
{BLKREFS
331
3E0
102
}
 70
     0
280
     1
281
     0
  0
BLOCK_RECORD
  5
3E7
330
1
100
AcDbSymbolTableRecord
100
AcDbBlockTableRecord
  2
9.12_59
340
0
102
{BLKREFS
331
3E6
102
}
 70
     0
280
     1
281
     0
  0
BLOCK_RECORD
  5
3ED
330
1
100
AcDbSymbolTableRecord
100
AcDbBlockTableRecord
  2
9.12_60
340
0
102
{BLKREFS
331
3EC
102
}
 70
     0
280
     1
281
     0
  0
BLOCK_RECORD
  5
3F3
330
1
100
AcDbSymbolTableRecord
100
AcDbBlockTableRecord
  2
9.12_61
340
0
102
{BLKREFS
331
3F2
102
}
 70
     0
280
     1
281
     0
  0
BLOCK_RECORD
  5
3F9
330
1
100
AcDbSymbolTableRecord
100
AcDbBlockTableRecord
  2
9.12_62
340
0
102
{BLKREFS
331
3F8
102
}
 70
     0
280
     1
281
     0
  0
BLOCK_RECORD
  5
3FF
330
1
100
AcDbSymbolTableRecord
100
AcDbBlockTableRecord
  2
9.12_63
340
0
102
{BLKREFS
331
3FE
102
}
 70
     0
280
     1
281
     0
  0
BLOCK_RECORD
  5
405
330
1
100
AcDbSymbolTableRecord
100
AcDbBlockTableRecord
  2
9.12_64
340
0
102
{BLKREFS
331
404
102
}
 70
     0
280
     1
281
     0
  0
BLOCK_RECORD
  5
40B
330
1
100
AcDbSymbolTableRecord
100
AcDbBlockTableRecord
  2
9.12_65
340
0
102
{BLKREFS
331
40A
102
}
 70
     0
280
     1
281
     0
  0
BLOCK_RECORD
  5
411
330
1
100
AcDbSymbolTableRecord
100
AcDbBlockTableRecord
  2
9.12_66
340
0
102
{BLKREFS
331
410
102
}
 70
     0
280
     1
281
     0
  0
BLOCK_RECORD
  5
417
330
1
100
AcDbSymbolTableRecord
100
AcDbBlockTableRecord
  2
9.12_67
340
0
102
{BLKREFS
331
416
102
}
 70
     0
280
     1
281
     0
  0
BLOCK_RECORD
  5
41D
330
1
100
AcDbSymbolTableRecord
100
AcDbBlockTableRecord
  2
9.12_68
340
0
102
{BLKREFS
331
41C
102
}
 70
     0
280
     1
281
     0
  0
BLOCK_RECORD
  5
423
330
1
100
AcDbSymbolTableRecord
100
AcDbBlockTableRecord
  2
9.12_69
340
0
102
{BLKREFS
331
422
102
}
 70
     0
280
     1
281
     0
  0
BLOCK_RECORD
  5
429
330
1
100
AcDbSymbolTableRecord
100
AcDbBlockTableRecord
  2
9.12_70
340
0
102
{BLKREFS
331
428
102
}
 70
     0
280
     1
281
     0
  0
BLOCK_RECORD
  5
42F
330
1
100
AcDbSymbolTableRecord
100
AcDbBlockTableRecord
  2
9.12_71
340
0
102
{BLKREFS
331
42E
102
}
 70
     0
280
     1
281
     0
  0
BLOCK_RECORD
  5
435
330
1
100
AcDbSymbolTableRecord
100
AcDbBlockTableRecord
  2
9.12_72
340
0
102
{BLKREFS
331
434
102
}
 70
     0
280
     1
281
     0
  0
BLOCK_RECORD
  5
43B
330
1
100
AcDbSymbolTableRecord
100
AcDbBlockTableRecord
  2
9.12_73
340
0
102
{BLKREFS
331
43A
102
}
 70
     0
280
     1
281
     0
  0
BLOCK_RECORD
  5
441
330
1
100
AcDbSymbolTableRecord
100
AcDbBlockTableRecord
  2
9.12_74
340
0
102
{BLKREFS
331
440
102
}
 70
     0
280
     1
281
     0
  0
BLOCK_RECORD
  5
447
330
1
100
AcDbSymbolTableRecord
100
AcDbBlockTableRecord
  2
9.12_75
340
0
102
{BLKREFS
331
446
102
}
 70
     0
280
     1
281
     0
  0
BLOCK_RECORD
  5
44D
330
1
100
AcDbSymbolTableRecord
100
AcDbBlockTableRecord
  2
9.12_76
340
0
102
{BLKREFS
331
44C
102
}
 70
     0
280
     1
281
     0
  0
BLOCK_RECORD
  5
453
330
1
100
AcDbSymbolTableRecord
100
AcDbBlockTableRecord
  2
9.12_77
340
0
102
{BLKREFS
331
452
102
}
 70
     0
280
     1
281
     0
  0
BLOCK_RECORD
  5
459
330
1
100
AcDbSymbolTableRecord
100
AcDbBlockTableRecord
  2
9.12_78
340
0
102
{BLKREFS
331
458
102
}
 70
     0
280
     1
281
     0
  0
BLOCK_RECORD
  5
45F
330
1
100
AcDbSymbolTableRecord
100
AcDbBlockTableRecord
  2
9.12_79
340
0
102
{BLKREFS
331
45E
102
}
 70
     0
280
     1
281
     0
  0
BLOCK_RECORD
  5
465
330
1
100
AcDbSymbolTableRecord
100
AcDbBlockTableRecord
  2
9.12_80
340
0
102
{BLKREFS
331
464
102
}
 70
     0
280
     1
281
     0
  0
BLOCK_RECORD
  5
46B
330
1
100
AcDbSymbolTableRecord
100
AcDbBlockTableRecord
  2
9.12_81
340
0
102
{BLKREFS
331
46A
102
}
 70
     0
280
     1
281
     0
  0
BLOCK_RECORD
  5
471
330
1
100
AcDbSymbolTableRecord
100
AcDbBlockTableRecord
  2
9.12_82
340
0
102
{BLKREFS
331
470
102
}
 70
     0
280
     1
281
     0
  0
BLOCK_RECORD
  5
477
330
1
100
AcDbSymbolTableRecord
100
AcDbBlockTableRecord
  2
9.12_83
340
0
102
{BLKREFS
331
476
102
}
 70
     0
280
     1
281
     0
  0
BLOCK_RECORD
  5
47D
330
1
100
AcDbSymbolTableRecord
100
AcDbBlockTableRecord
  2
9.12_84
340
0
102
{BLKREFS
331
47C
102
}
 70
     0
280
     1
281
     0
  0
BLOCK_RECORD
  5
483
330
1
100
AcDbSymbolTableRecord
100
AcDbBlockTableRecord
  2
9.12_85
340
0
102
{BLKREFS
331
482
102
}
 70
     0
280
     1
281
     0
  0
BLOCK_RECORD
  5
489
330
1
100
AcDbSymbolTableRecord
100
AcDbBlockTableRecord
  2
9.12_86
340
0
102
{BLKREFS
331
488
102
}
 70
     0
280
     1
281
     0
  0
BLOCK_RECORD
  5
48F
330
1
100
AcDbSymbolTableRecord
100
AcDbBlockTableRecord
  2
9.12_87
340
0
102
{BLKREFS
331
48E
102
}
 70
     0
280
     1
281
     0
  0
BLOCK_RECORD
  5
495
330
1
100
AcDbSymbolTableRecord
100
AcDbBlockTableRecord
  2
9.12_88
340
0
102
{BLKREFS
331
494
102
}
 70
     0
280
     1
281
     0
  0
BLOCK_RECORD
  5
49B
330
1
100
AcDbSymbolTableRecord
100
AcDbBlockTableRecord
  2
9.12_89
340
0
102
{BLKREFS
331
49A
102
}
 70
     0
280
     1
281
     0
  0
BLOCK_RECORD
  5
4A1
330
1
100
AcDbSymbolTableRecord
100
AcDbBlockTableRecord
  2
9.12_90
340
0
102
{BLKREFS
331
4A0
102
}
 70
     0
280
     1
281
     0
  0
BLOCK_RECORD
  5
4A7
330
1
100
AcDbSymbolTableRecord
100
AcDbBlockTableRecord
  2
9.12_91
340
0
102
{BLKREFS
331
4A6
102
}
 70
     0
280
     1
281
     0
  0
BLOCK_RECORD
  5
4AD
330
1
100
AcDbSymbolTableRecord
100
AcDbBlockTableRecord
  2
9.12_92
340
0
102
{BLKREFS
331
4AC
102
}
 70
     0
280
     1
281
     0
  0
BLOCK_RECORD
  5
4B3
330
1
100
AcDbSymbolTableRecord
100
AcDbBlockTableRecord
  2
9.12_93
340
0
102
{BLKREFS
331
4B2
102
}
 70
     0
280
     1
281
     0
  0
BLOCK_RECORD
  5
4B9
330
1
100
AcDbSymbolTableRecord
100
AcDbBlockTableRecord
  2
9.12_94
340
0
102
{BLKREFS
331
4B8
102
}
 70
     0
280
     1
281
     0
  0
BLOCK_RECORD
  5
4BF
330
1
100
AcDbSymbolTableRecord
100
AcDbBlockTableRecord
  2
9.12_95
340
0
102
{BLKREFS
331
4BE
102
}
 70
     0
280
     1
281
     0
  0
BLOCK_RECORD
  5
4C5
330
1
100
AcDbSymbolTableRecord
100
AcDbBlockTableRecord
  2
9.12_96
340
0
102
{BLKREFS
331
4C4
102
}
 70
     0
280
     1
281
     0
  0
BLOCK_RECORD
  5
4CB
330
1
100
AcDbSymbolTableRecord
100
AcDbBlockTableRecord
  2
9.12_97
340
0
102
{BLKREFS
331
4CA
102
}
 70
     0
280
     1
281
     0
  0
BLOCK_RECORD
  5
4D1
330
1
100
AcDbSymbolTableRecord
100
AcDbBlockTableRecord
  2
9.12_98
340
0
102
{BLKREFS
331
4D0
102
}
 70
     0
280
     1
281
     0
  0
BLOCK_RECORD
  5
4D7
330
1
100
AcDbSymbolTableRecord
100
AcDbBlockTableRecord
  2
9.12_99
340
0
102
{BLKREFS
331
4D6
102
}
 70
     0
280
     1
281
     0
  0
BLOCK_RECORD
  5
4DD
330
1
100
AcDbSymbolTableRecord
100
AcDbBlockTableRecord
  2
9.12_100
340
0
102
{BLKREFS
331
4DC
102
}
 70
     0
280
     1
281
     0
  0
BLOCK_RECORD
  5
4E3
330
1
100
AcDbSymbolTableRecord
100
AcDbBlockTableRecord
  2
9.12_101
340
0
102
{BLKREFS
331
4E2
102
}
 70
     0
280
     1
281
     0
  0
BLOCK_RECORD
  5
4E9
330
1
100
AcDbSymbolTableRecord
100
AcDbBlockTableRecord
  2
9.12_102
340
0
102
{BLKREFS
331
4E8
102
}
 70
     0
280
     1
281
     0
  0
BLOCK_RECORD
  5
4EF
330
1
100
AcDbSymbolTableRecord
100
AcDbBlockTableRecord
  2
9.12_103
340
0
102
{BLKREFS
331
4EE
102
}
 70
     0
280
     1
281
     0
  0
BLOCK_RECORD
  5
4F5
330
1
100
AcDbSymbolTableRecord
100
AcDbBlockTableRecord
  2
9.12_104
340
0
102
{BLKREFS
331
4F4
102
}
 70
     0
280
     1
281
     0
  0
BLOCK_RECORD
  5
4FB
330
1
100
AcDbSymbolTableRecord
100
AcDbBlockTableRecord
  2
9.12_105
340
0
102
{BLKREFS
331
4FA
102
}
 70
     0
280
     1
281
     0
  0
BLOCK_RECORD
  5
501
330
1
100
AcDbSymbolTableRecord
100
AcDbBlockTableRecord
  2
9.12_106
340
0
102
{BLKREFS
331
500
102
}
 70
     0
280
     1
281
     0
  0
BLOCK_RECORD
  5
507
330
1
100
AcDbSymbolTableRecord
100
AcDbBlockTableRecord
  2
9.12_107
340
0
102
{BLKREFS
331
506
102
}
 70
     0
280
     1
281
     0
  0
BLOCK_RECORD
  5
50D
330
1
100
AcDbSymbolTableRecord
100
AcDbBlockTableRecord
  2
9.12_108
340
0
102
{BLKREFS
331
50C
102
}
 70
     0
280
     1
281
     0
  0
BLOCK_RECORD
  5
513
330
1
100
AcDbSymbolTableRecord
100
AcDbBlockTableRecord
  2
9.12_109
340
0
102
{BLKREFS
331
512
102
}
 70
     0
280
     1
281
     0
  0
BLOCK_RECORD
  5
519
330
1
100
AcDbSymbolTableRecord
100
AcDbBlockTableRecord
  2
9.12_110
340
0
102
{BLKREFS
331
518
102
}
 70
     0
280
     1
281
     0
  0
BLOCK_RECORD
  5
51F
330
1
100
AcDbSymbolTableRecord
100
AcDbBlockTableRecord
  2
9.12_111
340
0
102
{BLKREFS
331
51E
102
}
 70
     0
280
     1
281
     0
  0
BLOCK_RECORD
  5
525
330
1
100
AcDbSymbolTableRecord
100
AcDbBlockTableRecord
  2
9.12_112
340
0
102
{BLKREFS
331
524
102
}
 70
     0
280
     1
281
     0
  0
BLOCK_RECORD
  5
52B
330
1
100
AcDbSymbolTableRecord
100
AcDbBlockTableRecord
  2
9.12_113
340
0
102
{BLKREFS
331
52A
102
}
 70
     0
280
     1
281
     0
  0
BLOCK_RECORD
  5
531
330
1
100
AcDbSymbolTableRecord
100
AcDbBlockTableRecord
  2
9.12_114
340
0
102
{BLKREFS
331
530
102
}
 70
     0
280
     1
281
     0
  0
BLOCK_RECORD
  5
537
330
1
100
AcDbSymbolTableRecord
100
AcDbBlockTableRecord
  2
9.12_115
340
0
102
{BLKREFS
331
536
102
}
 70
     0
280
     1
281
     0
  0
BLOCK_RECORD
  5
53D
330
1
100
AcDbSymbolTableRecord
100
AcDbBlockTableRecord
  2
9.12_116
340
0
102
{BLKREFS
331
53C
102
}
 70
     0
280
     1
281
     0
  0
BLOCK_RECORD
  5
543
330
1
100
AcDbSymbolTableRecord
100
AcDbBlockTableRecord
  2
9.12_117
340
0
102
{BLKREFS
331
542
102
}
 70
     0
280
     1
281
     0
  0
BLOCK_RECORD
  5
54A
102
{ACAD_XDICTIONARY
360
54B
102
}
330
1
100
AcDbSymbolTableRecord
100
AcDbBlockTableRecord
  2
1.07
340
0
102
{BLKREFS
331
548
102
}
 70
     0
280
     1
281
     0
  0
BLOCK_RECORD
  5
552
102
{ACAD_XDICTIONARY
360
553
102
}
330
1
100
AcDbSymbolTableRecord
100
AcDbBlockTableRecord
  2
1.07_1
340
0
102
{BLKREFS
331
551
102
}
 70
     0
280
     1
281
     0
  0
BLOCK_RECORD
  5
5EF
330
1
100
AcDbSymbolTableRecord
100
AcDbBlockTableRecord
  2
4.02_3
340
0
102
{BLKREFS
331
5ED
102
}
 70
     0
280
     1
281
     0
  0
BLOCK_RECORD
  5
5F4
330
1
100
AcDbSymbolTableRecord
100
AcDbBlockTableRecord
  2
4.02_4
340
0
102
{BLKREFS
331
5F3
102
}
 70
     0
280
     1
281
     0
  0
BLOCK_RECORD
  5
5FA
330
1
100
AcDbSymbolTableRecord
100
AcDbBlockTableRecord
  2
3.14_10
340
0
102
{BLKREFS
331
5F8
102
}
 70
     0
280
     1
281
     0
  0
BLOCK_RECORD
  5
602
330
1
100
AcDbSymbolTableRecord
100
AcDbBlockTableRecord
  2
3.14_11
340
0
102
{BLKREFS
331
601
102
}
 70
     0
280
     1
281
     0
  0
BLOCK_RECORD
  5
60A
330
1
100
AcDbSymbolTableRecord
100
AcDbBlockTableRecord
  2
3.14_12
340
0
102
{BLKREFS
331
609
102
}
 70
     0
280
     1
281
     0
  0
BLOCK_RECORD
  5
612
330
1
100
AcDbSymbolTableRecord
100
AcDbBlockTableRecord
  2
3.14_13
340
0
102
{BLKREFS
331
611
102
}
 70
     0
280
     1
281
     0
  0
BLOCK_RECORD
  5
61A
330
1
100
AcDbSymbolTableRecord
100
AcDbBlockTableRecord
  2
3.14_14
340
0
102
{BLKREFS
331
619
102
}
 70
     0
280
     1
281
     0
  0
BLOCK_RECORD
  5
622
330
1
100
AcDbSymbolTableRecord
100
AcDbBlockTableRecord
  2
3.14_15
340
0
102
{BLKREFS
331
621
102
}
 70
     0
280
     1
281
     0
  0
BLOCK_RECORD
  5
62A
330
1
100
AcDbSymbolTableRecord
100
AcDbBlockTableRecord
  2
3.14_16
340
0
102
{BLKREFS
331
629
102
}
 70
     0
280
     1
281
     0
  0
BLOCK_RECORD
  5
632
330
1
100
AcDbSymbolTableRecord
100
AcDbBlockTableRecord
  2
3.14_17
340
0
102
{BLKREFS
331
631
102
}
 70
     0
280
     1
281
     0
  0
BLOCK_RECORD
  5
63A
330
1
100
AcDbSymbolTableRecord
100
AcDbBlockTableRecord
  2
3.14_18
340
0
102
{BLKREFS
331
639
102
}
 70
     0
280
     1
281
     0
  0
BLOCK_RECORD
  5
65B
330
1
100
AcDbSymbolTableRecord
100
AcDbBlockTableRecord
  2
9.12_154
340
0
102
{BLKREFS
331
659
102
}
 70
     0
280
     1
281
     0
  0
BLOCK_RECORD
  5
660
330
1
100
AcDbSymbolTableRecord
100
AcDbBlockTableRecord
  2
9.12_155
340
0
102
{BLKREFS
331
65F
102
}
 70
     0
280
     1
281
     0
  0
BLOCK_RECORD
  5
665
330
1
100
AcDbSymbolTableRecord
100
AcDbBlockTableRecord
  2
9.12_156
340
0
102
{BLKREFS
331
664
102
}
 70
     0
280
     1
281
     0
  0
BLOCK_RECORD
  5
66A
330
1
100
AcDbSymbolTableRecord
100
AcDbBlockTableRecord
  2
9.12_157
340
0
102
{BLKREFS
331
669
102
}
 70
     0
280
     1
281
     0
  0
BLOCK_RECORD
  5
66F
330
1
100
AcDbSymbolTableRecord
100
AcDbBlockTableRecord
  2
9.12_158
340
0
102
{BLKREFS
331
66E
102
}
 70
     0
280
     1
281
     0
  0
BLOCK_RECORD
  5
674
330
1
100
AcDbSymbolTableRecord
100
AcDbBlockTableRecord
  2
9.12_159
340
0
102
{BLKREFS
331
673
102
}
 70
     0
280
     1
281
     0
  0
BLOCK_RECORD
  5
679
330
1
100
AcDbSymbolTableRecord
100
AcDbBlockTableRecord
  2
9.12_160
340
0
102
{BLKREFS
331
678
102
}
 70
     0
280
     1
281
     0
  0
BLOCK_RECORD
  5
67E
330
1
100
AcDbSymbolTableRecord
100
AcDbBlockTableRecord
  2
9.12_161
340
0
102
{BLKREFS
331
67D
102
}
 70
     0
280
     1
281
     0
  0
BLOCK_RECORD
  5
683
330
1
100
AcDbSymbolTableRecord
100
AcDbBlockTableRecord
  2
9.12_162
340
0
102
{BLKREFS
331
682
102
}
 70
     0
280
     1
281
     0
  0
BLOCK_RECORD
  5
688
330
1
100
AcDbSymbolTableRecord
100
AcDbBlockTableRecord
  2
9.12_163
340
0
102
{BLKREFS
331
687
102
}
 70
     0
280
     1
281
     0
  0
BLOCK_RECORD
  5
68D
330
1
100
AcDbSymbolTableRecord
100
AcDbBlockTableRecord
  2
9.12_164
340
0
102
{BLKREFS
331
68C
102
}
 70
     0
280
     1
281
     0
  0
BLOCK_RECORD
  5
692
330
1
100
AcDbSymbolTableRecord
100
AcDbBlockTableRecord
  2
9.12_165
340
0
102
{BLKREFS
331
691
102
}
 70
     0
280
     1
281
     0
  0
BLOCK_RECORD
  5
697
330
1
100
AcDbSymbolTableRecord
100
AcDbBlockTableRecord
  2
9.12_166
340
0
102
{BLKREFS
331
696
102
}
 70
     0
280
     1
281
     0
  0
BLOCK_RECORD
  5
69C
330
1
100
AcDbSymbolTableRecord
100
AcDbBlockTableRecord
  2
9.12_167
340
0
102
{BLKREFS
331
69B
102
}
 70
     0
280
     1
281
     0
  0
BLOCK_RECORD
  5
6A1
330
1
100
AcDbSymbolTableRecord
100
AcDbBlockTableRecord
  2
9.12_168
340
0
102
{BLKREFS
331
6A0
102
}
 70
     0
280
     1
281
     0
  0
BLOCK_RECORD
  5
6A6
330
1
100
AcDbSymbolTableRecord
100
AcDbBlockTableRecord
  2
9.12_169
340
0
102
{BLKREFS
331
6A5
102
}
 70
     0
280
     1
281
     0
  0
BLOCK_RECORD
  5
6AB
330
1
100
AcDbSymbolTableRecord
100
AcDbBlockTableRecord
  2
9.12_170
340
0
102
{BLKREFS
331
6AA
102
}
 70
     0
280
     1
281
     0
  0
BLOCK_RECORD
  5
6B0
330
1
100
AcDbSymbolTableRecord
100
AcDbBlockTableRecord
  2
9.12_171
340
0
102
{BLKREFS
331
6AF
102
}
 70
     0
280
     1
281
     0
  0
BLOCK_RECORD
  5
6B5
330
1
100
AcDbSymbolTableRecord
100
AcDbBlockTableRecord
  2
9.12_172
340
0
102
{BLKREFS
331
6B4
102
}
 70
     0
280
     1
281
     0
  0
BLOCK_RECORD
  5
6BA
330
1
100
AcDbSymbolTableRecord
100
AcDbBlockTableRecord
  2
9.12_173
340
0
102
{BLKREFS
331
6B9
102
}
 70
     0
280
     1
281
     0
  0
BLOCK_RECORD
  5
6BF
330
1
100
AcDbSymbolTableRecord
100
AcDbBlockTableRecord
  2
9.12_174
340
0
102
{BLKREFS
331
6BE
102
}
 70
     0
280
     1
281
     0
  0
BLOCK_RECORD
  5
6C4
330
1
100
AcDbSymbolTableRecord
100
AcDbBlockTableRecord
  2
9.12_175
340
0
102
{BLKREFS
331
6C3
102
}
 70
     0
280
     1
281
     0
  0
BLOCK_RECORD
  5
6C9
330
1
100
AcDbSymbolTableRecord
100
AcDbBlockTableRecord
  2
9.12_176
340
0
102
{BLKREFS
331
6C8
102
}
 70
     0
280
     1
281
     0
  0
BLOCK_RECORD
  5
6CE
330
1
100
AcDbSymbolTableRecord
100
AcDbBlockTableRecord
  2
9.12_177
340
0
102
{BLKREFS
331
6CD
102
}
 70
     0
280
     1
281
     0
  0
BLOCK_RECORD
  5
6D3
330
1
100
AcDbSymbolTableRecord
100
AcDbBlockTableRecord
  2
9.12_178
340
0
102
{BLKREFS
331
6D2
102
}
 70
     0
280
     1
281
     0
  0
BLOCK_RECORD
  5
6D8
330
1
100
AcDbSymbolTableRecord
100
AcDbBlockTableRecord
  2
9.12_179
340
0
102
{BLKREFS
331
6D7
102
}
 70
     0
280
     1
281
     0
  0
BLOCK_RECORD
  5
6DD
330
1
100
AcDbSymbolTableRecord
100
AcDbBlockTableRecord
  2
9.12_180
340
0
102
{BLKREFS
331
6DC
102
}
 70
     0
280
     1
281
     0
  0
BLOCK_RECORD
  5
6E2
330
1
100
AcDbSymbolTableRecord
100
AcDbBlockTableRecord
  2
9.12_181
340
0
102
{BLKREFS
331
6E1
102
}
 70
     0
280
     1
281
     0
  0
BLOCK_RECORD
  5
6E7
330
1
100
AcDbSymbolTableRecord
100
AcDbBlockTableRecord
  2
9.12_182
340
0
102
{BLKREFS
331
6E6
102
}
 70
     0
280
     1
281
     0
  0
BLOCK_RECORD
  5
6EC
330
1
100
AcDbSymbolTableRecord
100
AcDbBlockTableRecord
  2
9.12_183
340
0
102
{BLKREFS
331
6EB
102
}
 70
     0
280
     1
281
     0
  0
BLOCK_RECORD
  5
6F1
330
1
100
AcDbSymbolTableRecord
100
AcDbBlockTableRecord
  2
9.12_184
340
0
102
{BLKREFS
331
6F0
102
}
 70
     0
280
     1
281
     0
  0
BLOCK_RECORD
  5
6F6
330
1
100
AcDbSymbolTableRecord
100
AcDbBlockTableRecord
  2
9.12_185
340
0
102
{BLKREFS
331
6F5
102
}
 70
     0
280
     1
281
     0
  0
BLOCK_RECORD
  5
6FB
330
1
100
AcDbSymbolTableRecord
100
AcDbBlockTableRecord
  2
9.12_186
340
0
102
{BLKREFS
331
6FA
102
}
 70
     0
280
     1
281
     0
  0
BLOCK_RECORD
  5
700
330
1
100
AcDbSymbolTableRecord
100
AcDbBlockTableRecord
  2
9.12_187
340
0
102
{BLKREFS
331
6FF
102
}
 70
     0
280
     1
281
     0
  0
BLOCK_RECORD
  5
705
330
1
100
AcDbSymbolTableRecord
100
AcDbBlockTableRecord
  2
9.12_188
340
0
102
{BLKREFS
331
704
102
}
 70
     0
280
     1
281
     0
  0
BLOCK_RECORD
  5
70B
330
1
100
AcDbSymbolTableRecord
100
AcDbBlockTableRecord
  2
9.14_1
340
0
102
{BLKREFS
331
709
102
}
 70
     0
280
     1
281
     0
  0
ENDTAB
  0
ENDSEC
  0
SECTION
  2
BLOCKS
  0
BLOCK
  5
3
330
2
100
AcDbEntity
  8
0
100
AcDbBlockBegin
  2
*Model_Space
 70
     0
 10
0.0
 20
0.0
 30
0.0
  3
*Model_Space
  1

  0
ENDBLK
  5
15
330
2
100
AcDbEntity
  8
0
100
AcDbBlockEnd
  0
BLOCK
  5
1D
330
1A
100
AcDbEntity
 67
     1
  8
0
100
AcDbBlockBegin
  2
*Paper_Space
 70
     0
 10
0.0
 20
0.0
 30
0.0
  3
*Paper_Space
  1

  0
ENDBLK
  5
1E
330
1A
100
AcDbEntity
 67
     1
  8
0
100
AcDbBlockEnd
  0
BLOCK
  5
60
330
5F
100
AcDbEntity
  8
0
100
AcDbBlockBegin
  2
TerminatorOpen_0.5
 70
     0
 10
0.0
 20
0.0
 30
0.0
  3
TerminatorOpen_0.5
  1

  0
LINE
  5
61
330
5F
100
AcDbEntity
  8
0
  6
ByBlock
 62
     0
370
    -2
100
AcDbLine
 10
0.0
 20
0.0
 30
0.0
 11
-1.0
 21
0.0
 31
0.0
  0
LINE
  5
62
330
5F
100
AcDbEntity
  8
0
  6
ByBlock
 62
     0
370
    -2
100
AcDbLine
 10
0.0
 20
0.0
 30
0.0
 11
-1.0
 21
0.25
 31
0.0
  0
LINE
  5
63
330
5F
100
AcDbEntity
  8
0
  6
ByBlock
 62
     0
370
    -2
100
AcDbLine
 10
0.0
 20
0.0
 30
0.0
 11
-1.0
 21
-0.25
 31
0.0
  0
ENDBLK
  5
64
330
5F
100
AcDbEntity
  8
0
100
AcDbBlockEnd
  0
BLOCK
  5
66
330
65
100
AcDbEntity
  8
0
100
AcDbBlockBegin
  2
_Oblique_0.5
 70
     0
 10
0.0
 20
0.0
 30
0.0
  3
_Oblique_0.5
  1

  0
LINE
  5
67
330
65
100
AcDbEntity
  8
0
  6
ByBlock
 62
     0
370
    -2
100
AcDbLine
 10
0.5
 20
0.25
 30
0.0
 11
-0.5
 21
-0.25
 31
0.0
  0
LINE
  5
68
330
65
100
AcDbEntity
  8
0
  6
ByBlock
 62
     0
370
    -2
100
AcDbLine
 10
0.0
 20
0.0
 30
0.0
 11
-1.0
 21
0.0
 31
0.0
  0
ENDBLK
  5
69
330
65
100
AcDbEntity
  8
0
100
AcDbBlockEnd
  0
BLOCK
  5
94
330
93
100
AcDbEntity
  8
0
100
AcDbBlockBegin
  2
Husovice_Včelák_mapa
 70
     0
 10
0.0
 20
0.0
 30
0.0
  3
Husovice_Včelák_mapa
  1

  0
LWPOLYLINE
  5
95
330
93
100
AcDbEntity
  8
GS02-hranice-vozovky
  6
Continuous
 62
     7
370
    30
100
AcDbPolyline
 90
        3
 70
   128
 43
0.0
 10
-595991.467
 20
-1158209.662
 10
-595990.526
 20
-1158219.645
 10
-595990.27
 20
-1158224.11
  0
LINE
  5
97
330
93
100
AcDbEntity
  8
GS02-hranice-vozovky
  6
Continuous
 62
     7
370
    30
100
AcDbLine
 10
-595993.923
 20
-1158234.043
 30
0.0
 11
-595990.888
 21
-1158232.74
 31
0.0
  0
LWPOLYLINE
  5
98
330
93
100
AcDbEntity
  8
GS02-hranice-vozovky
  6
Continuous
 62
     7
370
    30
100
AcDbPolyline
 90
        4
 70
   128
 43
0.0
 10
-595989.149
 20
-1158234.21
 10
-595987.991
 20
-1158245.522
 10
-595987.667
 20
-1158247.603
 10
-595987.013
 20
-1158252.535
  0
LINE
  5
99
330
93
100
AcDbEntity
  8
GS02-hranice-vozovky
  6
Continuous
 62
     7
370
    30
100
AcDbLine
 10
-595983.441
 20
-1158220.33
 30
0.0
 11
-595981.629
 21
-1158238.423
 31
0.0
  0
LINE
  5
9A
330
93
100
AcDbEntity
  8
GS02-hranice-vozovky
  6
Continuous
 62
     7
370
    30
100
AcDbLine
 10
-595980.506
 20
-1158247.982
 30
0.0
 11
-595981.629
 21
-1158238.423
 31
0.0
  0
LWPOLYLINE
  5
9B
330
93
100
AcDbEntity
  8
GS02-hranice-vozovky
  6
Continuous
 62
     7
370
    30
100
AcDbPolyline
 90
        4
 70
   128
 43
0.0
 10
-595983.441
 20
-1158220.33
 10
-595982.498
 20
-1158220.22
 10
-595980.796
 20
-1158220.051
 10
-595978.671
 20
-1158221.345
  0
LWPOLYLINE
  5
9C
330
93
100
AcDbEntity
  8
GS02-hranice-vozovky
  6
Continuous
 62
     7
370
    30
100
AcDbPolyline
 90
        3
 70
   128
 43
0.0
 10
-595978.671
 20
-1158221.345
 10
-595977.22
 20
-1158222.769
 10
-595975.81
 20
-1158224.609
  0
LWPOLYLINE
  5
9D
330
93
100
AcDbEntity
  8
GS02-hranice-vozovky
  6
Continuous
 62
     7
370
    30
100
AcDbPolyline
 90
        5
 70
   128
 43
0.0
 10
-595975.81
 20
-1158224.609
 10
-595974.376
 20
-1158227.28
 10
-595973.346
 20
-1158231.153
 10
-595973.179
 20
-1158231.68
 10
-595971.785
 20
-1158237.104
  0
LWPOLYLINE
  5
9E
330
93
100
AcDbEntity
  8
GS02-hranice-vozovky
  6
Continuous
 62
     7
370
    30
100
AcDbPolyline
 90
        4
 70
   128
 43
0.0
 10
-595965.214
 20
-1158238.981
 10
-595965.64
 20
-1158237.259
 10
-595965.889
 20
-1158236.282
 10
-595968.802
 20
-1158224.545
  0
LWPOLYLINE
  5
9F
330
93
100
AcDbEntity
  8
GS02-hranice-vozovky
  6
Continuous
 62
     7
370
    30
100
AcDbPolyline
 90
        6
 70
   128
 43
0.0
 10
-595964.589
 20
-1158217.292
 10
-595971.36
 20
-1158217.832
 10
-595976.109
 20
-1158216.957
 10
-595979.634
 20
-1158215.71
 10
-595981.049
 20
-1158214.869
 10
-595981.459
 20
-1158211.883
  0
LINE
  5
A0
330
93
100
AcDbEntity
  8
GS02-hranice-vozovky
  6
Continuous
 62
     7
370
    30
100
AcDbLine
 10
-595995.955
 20
-1158234.912
 30
0.0
 11
-595993.923
 21
-1158234.043
 31
0.0
  0
LINE
  5
A1
330
93
100
AcDbEntity
  8
GS02-hranice-vozovky
  6
Continuous
 62
     7
370
    30
100
AcDbLine
 10
-595996.7
 20
-1158227.809
 30
0.0
 11
-595993.672
 21
-1158227.483
 31
0.0
  0
LWPOLYLINE
  5
A2
330
93
100
AcDbEntity
  8
GS02-hranice-vozovky
  6
Continuous
 62
     7
370
    30
100
AcDbPolyline
 90
        3
 70
   128
 43
0.0
 10
-595989.149
 20
-1158234.21
 10
-595989.22
 20
-1158233.588
 10
-595990.27
 20
-1158224.11
  0
LINE
  5
A3
330
93
100
AcDbEntity
  8
GS02-hranice-vozovky
  6
Continuous
 62
     7
370
    30
100
AcDbLine
 10
-595991.467
 20
-1158209.662
 30
0.0
 11
-595991.824
 21
-1158205.89
 31
0.0
  0
LINE
  5
A4
330
93
100
AcDbEntity
  8
GS02-hranice-vozovky
  6
Continuous
 62
     7
370
    30
100
AcDbLine
 10
-595980.506
 20
-1158247.982
 30
0.0
 11
-595980.297
 21
-1158249.828
 31
0.0
  0
LINE
  5
A5
330
93
100
AcDbEntity
  8
GS02-hranice-vozovky
  6
Continuous
 62
     7
370
    30
100
AcDbLine
 10
-595966.374
 20
-1158221.373
 30
0.0
 11
-595959.539
 21
-1158220.839
 31
0.0
  0
LINE
  5
A6
330
93
100
AcDbEntity
  8
GS02-hranice-vozovky
  6
Continuous
 62
     7
370
    30
100
AcDbLine
 10
-595964.589
 20
-1158217.292
 30
0.0
 11
-595959.577
 21
-1158216.908
 31
0.0
  0
LINE
  5
A7
330
93
100
AcDbEntity
  8
GS02-hranice-vozovky
  6
Continuous
 62
     7
370
    30
100
AcDbLine
 10
-595965.214
 20
-1158238.981
 30
0.0
 11
-595964.454
 21
-1158242.128
 31
0.0
  0
LWPOLYLINE
  5
A8
330
93
100
AcDbEntity
  8
GS02-hranice-vozovky
  6
Continuous
 62
     7
370
    30
100
AcDbPolyline
 90
        3
 70
   128
 43
0.0
 10
-595984.64
 20
-1158208.378
 10
-595984.262
 20
-1158212.17
 10
-595981.459
 20
-1158211.883
  0
LWPOLYLINE
  5
A9
330
93
100
AcDbEntity
  8
GS02-hranice-vozovky
  6
Continuous
 62
     7
370
    30
100
AcDbPolyline
 90
        4
 70
   128
 43
0.0
 10
-595984.973
 20
-1158204.957
 10
-595984.921
 20
-1158205.518
 10
-595984.704
 20
-1158207.91
 10
-595984.64
 20
-1158208.378
  0
LINE
  5
AA
330
93
100
AcDbEntity
  8
GS02-hranice-vozovky
  6
Continuous
 62
     7
370
    30
100
AcDbLine
 10
-595981.459
 20
-1158211.883
 30
0.0
 11
-595980.938
 21
-1158211.882
 31
0.0
  0
ELLIPSE
  5
AB
330
93
100
AcDbEntity
  8
GS02-hranice-vozovky
  6
Continuous
 62
     7
370
    30
100
AcDbEllipse
 10
-595994.072053
 20
-1158223.680803
 30
0.0
 11
3.801792992853365
 21
-0.4314929873135744
 31
0.0
210
0.0
220
0.0
230
-1.0
 40
0.9991730008796682
 41
6.282580780040252
 42
7.636311965380413
  0
ELLIPSE
  5
AC
330
93
100
AcDbEntity
  8
GS02-hranice-vozovky
  6
Continuous
 62
     7
370
    30
100
AcDbEllipse
 10
-595990.499253
 20
-1158234.04364
 30
0.0
 11
-1.048965763090356
 21
0.8686670399670298
 31
0.0
210
0.0
220
0.0
230
-1.0
 40
0.9962507843830131
 41
0.5910751984369194
 42
2.570822982437475
  0
ELLIPSE
  5
AD
330
93
100
AcDbEntity
  8
GS02-hranice-vozovky
  6
Continuous
 62
     7
370
    30
100
AcDbEllipse
 10
-595966.490313
 20
-1158223.821989
 30
0.0
 11
0.3152672353588265
 21
2.431641664087661
 31
0.0
210
0.0
220
0.0
230
-0.9999999999999998
 40
0.9852804344055259
 41
4.285943131615896
 42
6.200499472116192
  0
LWPOLYLINE
  5
AE
330
93
100
AcDbEntity
  8
GS02-hranice-jiné komunikace
  6
Continuous
 62
     7
370
     0
100
AcDbPolyline
 90
        4
 70
   128
 43
0.0
 10
-595979.315
 20
-1158247.727
 10
-595980.645
 20
-1158238.391
 10
-595981.52
 20
-1158230.343
 10
-595982.498
 20
-1158220.22
  0
LWPOLYLINE
  5
B0
330
93
100
AcDbEntity
  8
GS02-hranice-jiné komunikace
  6
Continuous
 62
     7
370
     0
100
AcDbPolyline
 90
        4
 70
   128
 43
0.0
 10
-595980.796
 20
-1158220.051
 10
-595980.125
 20
-1158230.087
 10
-595979.185
 20
-1158238.361
 10
-595977.833
 20
-1158247.492
  0
LINE
  5
B1
330
93
100
AcDbEntity
  8
GS02-hranice-jiné komunikace
  6
Continuous
 62
     7
370
     0
100
AcDbLine
 10
-595977.545
 20
-1158249.425
 30
0.0
 11
-595977.833
 21
-1158247.492
 31
0.0
  0
LINE
  5
B2
330
93
100
AcDbEntity
  8
GS02-hranice-jiné komunikace
  6
Continuous
 62
     7
370
     0
100
AcDbLine
 10
-595979.315
 20
-1158247.727
 30
0.0
 11
-595979.039
 21
-1158249.633
 31
0.0
  0
LWPOLYLINE
  5
B3
330
93
100
AcDbEntity
  8
GS02-hranice-jiné komunikace
  6
Continuous
 62
     7
370
     0
100
AcDbPolyline
 90
        4
 70
   128
 43
0.0
 10
-595959.785
 20
-1158234.652
 10
-595964.575
 20
-1158235.934
 10
-595967.733
 20
-1158223.591
 10
-595960.414
 20
-1158221.722
  0
LWPOLYLINE
  5
B4
330
93
100
AcDbEntity
  8
GS02-hranice-jiné komunikace
  6
Continuous
 62
     7
370
     0
100
AcDbPolyline
 90
        3
 70
   128
 43
0.0
 10
-595983.977
 20
-1158204.9
 10
-595983.895
 20
-1158205.744
 10
-595983.697
 20
-1158207.871
  0
LWPOLYLINE
  5
B5
330
93
100
AcDbEntity
  8
GS02-hranice-jiné komunikace
  6
Continuous
 62
     7
370
     0
100
AcDbPolyline
 90
        3
 70
   128
 43
0.0
 10
-595982.185
 20
-1158207.75
 10
-595982.402
 20
-1158205.535
 10
-595982.466
 20
-1158204.807
  0
LINE
  5
B6
330
93
100
AcDbEntity
  8
GS02-hranice-jiné komunikace
  6
Continuous
 62
     7
370
     0
100
AcDbLine
 10
-595983.697
 20
-1158207.871
 30
0.0
 11
-595982.185
 21
-1158207.75
 31
0.0
  0
LINE
  5
B7
330
93
100
AcDbEntity
  8
GS02-hranice-jiné komunikace
  6
Continuous
 62
     7
370
     0
100
AcDbLine
 10
-595984.704
 20
-1158207.91
 30
0.0
 11
-595983.697
 21
-1158207.871
 31
0.0
  0
LWPOLYLINE
  5
B8
330
93
100
AcDbEntity
  8
GS02-hranice-jiné komunikace
  6
Continuous
 62
     7
370
     0
100
AcDbPolyline
 90
        4
 70
   128
 43
0.0
 10
-595980.756
 20
-1158204.771
 10
-595980.636
 20
-1158206.202
 10
-595981.481
 20
-1158206.271
 10
-595981.363
 20
-1158207.7
  0
LINE
  5
B9
330
93
100
AcDbEntity
  8
GS02-hranice-jiné komunikace
  6
Continuous
 62
     7
370
     0
100
AcDbLine
 10
-595982.185
 20
-1158207.75
 30
0.0
 11
-595981.363
 21
-1158207.7
 31
0.0
  0
LINE
  5
BA
330
93
100
AcDbEntity
  8
GS02-hranice-jiné komunikace
  6
Continuous
 62
     7
370
     0
100
AcDbLine
 10
-595980.938
 20
-1158211.882
 30
0.0
 11
-595980.425
 21
-1158211.858
 31
0.0
  0
LINE
  5
BB
330
93
100
AcDbEntity
  8
GS02-hranice-jiné komunikace
  6
Continuous
 62
     7
370
     0
100
AcDbLine
 10
-595980.425
 20
-1158211.858
 30
0.0
 11
-595980.3203
 21
-1158213.1955
 31
0.0
  0
LINE
  5
BC
330
93
100
AcDbEntity
  8
GS02-hranice-jiné komunikace
  6
Continuous
 62
     7
370
     0
100
AcDbLine
 10
-595980.938
 20
-1158211.882
 30
0.0
 11
-595980.873
 21
-1158213.238
 31
0.0
  0
LINE
  5
BD
330
93
100
AcDbEntity
  8
GS02-hranice-plochy zpevněné
  6
Continuous
 62
     7
370
     0
100
AcDbLine
 10
-595965.889
 20
-1158236.282
 30
0.0
 11
-595964.575
 21
-1158235.934
 31
0.0
  0
LINE
  5
BF
330
93
100
AcDbEntity
  8
GS02-hranice-plochy zpevněné
  6
Continuous
 62
     7
370
     0
100
AcDbLine
 10
-595965.64
 20
-1158237.259
 30
0.0
 11
-595959.534
 21
-1158235.633
 31
0.0
  0
LINE
  5
C0
330
93
100
AcDbEntity
  8
GS02-hranice-plochy zpevněné
  6
Continuous
 62
     7
370
     0
100
AcDbLine
 10
-595977.281
 20
-1158238.577
 30
0.0
 11
-595977.509
 21
-1158237.826
 31
0.0
  0
LINE
  5
C1
330
93
100
AcDbEntity
  8
GS02-hranice-plochy zpevněné
  6
Continuous
 62
     7
370
     0
100
AcDbLine
 10
-595977.509
 20
-1158237.826
 30
0.0
 11
-595976.451
 21
-1158237.572
 31
0.0
  0
LINE
  5
C2
330
93
100
AcDbEntity
  8
GS02-hranice-plochy zpevněné
  6
Continuous
 62
     7
370
     0
100
AcDbLine
 10
-595976.451
 20
-1158237.572
 30
0.0
 11
-595976.24
 21
-1158238.224
 31
0.0
  0
LINE
  5
C3
330
93
100
AcDbEntity
  8
GS02-hranice-plochy zpevněné
  6
Continuous
 62
     7
370
     0
100
AcDbLine
 10
-595976.24
 20
-1158238.224
 30
0.0
 11
-595977.281
 21
-1158238.577
 31
0.0
  0
LWPOLYLINE
  5
C4
330
93
100
AcDbEntity
  8
GS02-hranice-ostatní
  6
Continuous
 62
     7
370
     0
100
AcDbPolyline
 90
        5
 70
   128
 43
0.0
 10
-595981.363
 20
-1158207.7
 10
-595980.86
 20
-1158207.66
 10
-595980.94
 20
-1158206.73
 10
-595980.09
 20
-1158206.66
 10
-595980.26
 20
-1158204.73
  0
LWPOLYLINE
  5
C6
330
93
100
AcDbEntity
  8
GS04-objekty-linie
  6
Continuous
 62
     7
370
    40
100
AcDbPolyline
 90
        7
 70
   128
 43
0.0
 10
-595969.71
 20
-1158245.289
 10
-595971.785
 20
-1158237.104
 10
-595972.9018
 20
-1158237.4033
 10
-595973.4618
 20
-1158237.5534
 10
-595977.281
 20
-1158238.577
 10
-595975.148
 20
-1158246.939
 10
-595974.601
 20
-1158249.122
  0
LWPOLYLINE
  5
C8
330
93
100
AcDbEntity
  8
GS04-objekty-linie
  6
Continuous
 62
     7
370
    40
100
AcDbPolyline
 90
        4
 70
   128
 43
0.0
 10
-595960.249
 20
-1158222.37
 10
-595966.916
 20
-1158224.071
 10
-595964.1
 20
-1158235.114
 10
-595958.192
 20
-1158233.605
  0
LWPOLYLINE
  5
C9
330
93
100
AcDbEntity
  8
GS04-objekty-ostatní
  6
Continuous
 62
     7
370
     0
100
AcDbPolyline
 90
        4
 70
   128
 43
0.0
 10
-595973.4618
 20
-1158237.5534
 10
-595973.538
 20
-1158237.23
 10
-595972.984
 20
-1158237.092
 10
-595972.9018
 20
-1158237.4033
  0
LWPOLYLINE
  5
CB
330
93
100
AcDbEntity
  8
GS04-objekty-ostatní
  6
Continuous
 62
     7
370
     0
100
AcDbPolyline
 90
        4
 70
   128
 43
0.0
 10
-595975.163
 20
-1158249.184
 10
-595975.72
 20
-1158246.973
 10
-595977.83
 20
-1158238.63
 10
-595978.947
 20
-1158233.905
  0
LWPOLYLINE
  5
CC
330
93
100
AcDbEntity
  8
GS04-objekty-ostatní
  6
Continuous
 62
     7
370
     0
100
AcDbPolyline
 90
        4
 70
   128
 43
0.0
 10
-595973.346
 20
-1158231.153
 10
-595977.931
 20
-1158233.388
 10
-595978.505
 20
-1158233.703
 10
-595978.947
 20
-1158233.905
  0
LWPOLYLINE
  5
CD
330
93
100
AcDbEntity
  8
GS04-objekty-ostatní
  6
Continuous
 62
     7
370
     0
100
AcDbPolyline
 90
        3
 70
   128
 43
0.0
 10
-595973.179
 20
-1158231.68
 10
-595977.741
 20
-1158233.7979
 10
-595978.437
 20
-1158234.121
  0
LINE
  5
CE
330
93
100
AcDbEntity
  8
GS04-objekty-ostatní
  6
Continuous
 62
     7
370
     0
100
AcDbLine
 10
-595977.931
 20
-1158233.388
 30
0.0
 11
-595977.741
 21
-1158233.7979
 31
0.0
  0
LWPOLYLINE
  5
CF
330
93
100
AcDbEntity
  8
GS05-doprava-zábrany
  6
Continuous
 62
     7
370
     0
100
AcDbPolyline
 90
        4
 70
   128
 43
0.0
 10
-595978.437
 20
-1158234.121
 10
-595977.565
 20
-1158238.565
 10
-595975.43
 20
-1158246.915
 10
-595974.858
 20
-1158249.158
  0
LWPOLYLINE
  5
D1
330
93
100
AcDbEntity
  8
GS02-hranice-rozhrady
  6
Continuous
 62
     7
370
     0
100
AcDbPolyline
 90
        4
 70
   128
 43
0.0
 10
-595980.873
 20
-1158213.238
 10
-595980.3203
 20
-1158213.1955
 10
-595970.249
 20
-1158212.421
 10
-595959.72
 20
-1158211.594
  0
LINE
  5
D3
330
93
100
AcDbEntity
  8
GS02-hranice-rozhrady
  6
Continuous
 62
     7
370
     0
100
AcDbLine
 10
-595980.426
 20
-1158220.641
 30
0.0
 11
-595979.904
 21
-1158223.614
 31
0.0
  0
LINE
  5
D4
330
93
100
AcDbEntity
  8
GS02-hranice-rozhrady
  6
Continuous
 62
     7
370
     0
100
AcDbLine
 10
-595979.764
 20
-1158224.971
 30
0.0
 11
-595978.849
 21
-1158233.194
 31
0.0
  0
HATCH
  5
D5
330
93
100
AcDbEntity
  8
GS02-hranice-rozhrady
  6
Continuous
 62
     7
370
     0
100
AcDbHatch
 10
0.0
 20
0.0
 30
0.0
210
0.0
220
0.0
230
1.0
  2
SOLID
 70
     1
 71
     0
 91
        1
 92
        0
 93
        1
 72
     2
 10
-595981.044
 20
-1158208.959
 40
0.1
 50
0.0
 51
360.0
 73
     1
 97
        0
 75
     0
 76
     1
 98
        1
 10
0.0
 20
0.0
450
        0
451
        0
460
0.0
461
0.0
452
        0
462
0.0
453
        0
470

  0
HATCH
  5
D6
330
93
100
AcDbEntity
  8
GS02-hranice-rozhrady
  6
Continuous
 62
     7
370
     0
100
AcDbHatch
 10
0.0
 20
0.0
 30
0.0
210
0.0
220
0.0
230
1.0
  2
SOLID
 70
     1
 71
     0
 91
        1
 92
        0
 93
        1
 72
     2
 10
-595980.7480000001
 20
-1158211.72
 40
0.1
 50
0.0
 51
360.0
 73
     1
 97
        0
 75
     0
 76
     1
 98
        1
 10
0.0
 20
0.0
450
        0
451
        0
460
0.0
461
0.0
452
        0
462
0.0
453
        0
470

  0
LINE
  5
D7
330
93
100
AcDbEntity
  8
GS04-objekty-vstupy
  6
Continuous
 62
   253
370
    53
100
AcDbLine
 10
-595971.6756
 20
-1158237.5354
 30
0.0
 11
-595971.1237
 21
-1158239.7125
 31
0.0
  0
LWPOLYLINE
  5
D9
330
93
100
AcDbEntity
  8
GS04-objekty-vstupy
  6
Continuous
 62
   253
370
    53
100
AcDbPolyline
 90
        3
 70
   128
 43
0.0
 10
-595980.7299
 20
-1158211.8723
 10
-595981.044
 20
-1158208.959
 10
-595981.1676
 20
-1158207.6845
  0
LINE
  5
DA
330
93
100
AcDbEntity
  8
GS09-výškopis-hrany svahů
  6
Continuous
 62
    30
370
    30
100
AcDbLine
 10
-595980.125
 20
-1158230.087
 30
0.0
 11
-595978.947
 21
-1158233.905
 31
0.0
  0
LWPOLYLINE
  5
DC
330
93
100
AcDbEntity
  8
GS06-sítě-silové vedení_NEROZ
  6
Continuous
 62
     1
370
     0
100
AcDbPolyline
 90
        5
 70
   128
 43
0.0
 10
-595979.904
 20
-1158223.614
 10
-595979.764
 20
-1158224.971
 10
-595979.42
 20
-1158224.94
 10
-595979.56
 20
-1158223.58
 10
-595979.904
 20
-1158223.614
  0
LWPOLYLINE
  5
DE
330
93
100
AcDbEntity
  8
GS06-sítě-sdělovací vedení
  6
Continuous
 62
     6
370
     0
100
AcDbPolyline
 90
        5
 70
   128
 43
0.0
 10
-595982.747
 20
-1158223.892
 10
-595982.327
 20
-1158223.892
 10
-595982.327
 20
-1158224.132
 10
-595982.747
 20
-1158224.132
 10
-595982.747
 20
-1158223.892
  0
INSERT
  5
E0
330
93
100
AcDbEntity
  8
GS06-sítě-veřejné osvětlení
  6
Continuous
 62
     1
370
     0
100
AcDbBlockReference
  2
6.560
 10
-595982.681
 20
-1158222.819
 30
0.0
 41
200.0
 42
200.0
 43
200.0
  0
INSERT
  5
EA
330
93
100
AcDbEntity
  8
GS06-sítě-veřejné osvětlení
  6
Continuous
 62
     1
370
     0
100
AcDbBlockReference
  2
6.560_1
 10
-595976.573
 20
-1158231.34
 30
0.0
 41
200.0
 42
200.0
 43
200.0
  0
INSERT
  5
F3
330
93
100
AcDbEntity
  8
GS06-sítě-kanalizace_DEST
  6
Continuous
 62
     3
370
     0
100
AcDbBlockReference
  2
6.30
 10
-595982.74
 20
-1158231.344
 30
0.0
 41
200.0
 42
200.0
 43
200.0
  0
INSERT
  5
F9
330
93
100
AcDbEntity
  8
GS06-sítě-kanalizace_DEST
  6
Continuous
 62
     3
370
     0
100
AcDbBlockReference
  2
6.30_1
 10
-595973.367
 20
-1158236.164
 30
0.0
 41
200.0
 42
200.0
 43
200.0
  0
INSERT
  5
FF
330
93
100
AcDbEntity
  8
GS03-stromy
  6
Continuous
 62
    96
370
     0
100
AcDbBlockReference
  2
3.13
 10
-595976.594
 20
-1158226.994
 30
0.0
 41
200.0
 42
200.0
 43
200.0
  0
INSERT
  5
109
330
93
100
AcDbEntity
  8
GS03-stromy
  6
Continuous
 62
    96
370
     0
100
AcDbBlockReference
  2
3.13_1
 10
-595976.6
 20
-1158228.564
 30
0.0
 41
200.0
 42
200.0
 43
200.0
  0
INSERT
  5
112
330
93
100
AcDbEntity
  8
GS03-stromy
  6
Continuous
 62
    96
370
     0
100
AcDbBlockReference
  2
3.13_2
 10
-595975.67
 20
-1158230.445
 30
0.0
 41
200.0
 42
200.0
 43
200.0
  0
POINT
  5
11B
330
93
100
AcDbEntity
  8
GS01-body-poloha
  6
Continuous
 62
     6
370
    53
100
AcDbPoint
 10
-595975.72
 20
-1158246.973
 30
0.0
  0
TEXT
  5
11D
330
93
100
AcDbEntity
  8
GS01-body-čísla
  6
Continuous
 62
     6
370
     0
100
AcDbText
 10
-595975.718
 20
-1158247.035
 30
0.0
 40
0.06
  1
1
  7
Style-Arial Narrow IF
 11
-595975.718
 21
-1158246.975
 31
0.0
100
AcDbText
 73
     3
  0
POINT
  5
120
330
93
100
AcDbEntity
  8
GS01-body-info
  6
Continuous
 62
     6
370
    53
100
AcDbPoint
 10
-595975.72
 20
-1158246.973
 30
0.0
  0
POINT
  5
122
330
93
100
AcDbEntity
  8
GS01-body-poloha
  6
Continuous
 62
     6
370
    53
100
AcDbPoint
 10
-595975.43
 20
-1158246.915
 30
0.0
  0
TEXT
  5
123
330
93
100
AcDbEntity
  8
GS01-body-čísla
  6
Continuous
 62
     6
370
     0
100
AcDbText
 10
-595975.428
 20
-1158246.977
 30
0.0
 40
0.06
  1
2
  7
Style-Arial Narrow IF
 11
-595975.428
 21
-1158246.917
 31
0.0
100
AcDbText
 73
     3
  0
POINT
  5
124
330
93
100
AcDbEntity
  8
GS01-body-info
  6
Continuous
 62
     6
370
    53
100
AcDbPoint
 10
-595975.43
 20
-1158246.915
 30
0.0
  0
POINT
  5
125
330
93
100
AcDbEntity
  8
GS01-body-poloha
  6
Continuous
 62
     6
370
    53
100
AcDbPoint
 10
-595975.148
 20
-1158246.939
 30
0.0
  0
TEXT
  5
126
330
93
100
AcDbEntity
  8
GS01-body-čísla
  6
Continuous
 62
     6
370
     0
100
AcDbText
 10
-595975.146
 20
-1158247.001
 30
0.0
 40
0.06
  1
3
  7
Style-Arial Narrow IF
 11
-595975.146
 21
-1158246.941
 31
0.0
100
AcDbText
 73
     3
  0
POINT
  5
127
330
93
100
AcDbEntity
  8
GS01-body-info
  6
Continuous
 62
     6
370
    53
100
AcDbPoint
 10
-595975.148
 20
-1158246.939
 30
0.0
  0
POINT
  5
128
330
93
100
AcDbEntity
  8
GS01-body-poloha
  6
Continuous
 62
     6
370
    53
100
AcDbPoint
 10
-595977.833
 20
-1158247.492
 30
0.0
  0
TEXT
  5
129
330
93
100
AcDbEntity
  8
GS01-body-čísla
  6
Continuous
 62
     6
370
     0
100
AcDbText
 10
-595977.831
 20
-1158247.554
 30
0.0
 40
0.06
  1
4
  7
Style-Arial Narrow IF
 11
-595977.831
 21
-1158247.494
 31
0.0
100
AcDbText
 73
     3
  0
POINT
  5
12A
330
93
100
AcDbEntity
  8
GS01-body-info
  6
Continuous
 62
     6
370
    53
100
AcDbPoint
 10
-595977.833
 20
-1158247.492
 30
0.0
  0
POINT
  5
12B
330
93
100
AcDbEntity
  8
GS01-body-poloha
  6
Continuous
 62
     6
370
    53
100
AcDbPoint
 10
-595979.315
 20
-1158247.727
 30
0.0
  0
TEXT
  5
12C
330
93
100
AcDbEntity
  8
GS01-body-čísla
  6
Continuous
 62
     6
370
     0
100
AcDbText
 10
-595979.313
 20
-1158247.789
 30
0.0
 40
0.06
  1
5
  7
Style-Arial Narrow IF
 11
-595979.313
 21
-1158247.729
 31
0.0
100
AcDbText
 73
     3
  0
POINT
  5
12D
330
93
100
AcDbEntity
  8
GS01-body-info
  6
Continuous
 62
     6
370
    53
100
AcDbPoint
 10
-595979.315
 20
-1158247.727
 30
0.0
  0
POINT
  5
12E
330
93
100
AcDbEntity
  8
GS01-body-poloha
  6
Continuous
 62
     6
370
    53
100
AcDbPoint
 10
-595980.506
 20
-1158247.982
 30
0.0
  0
TEXT
  5
12F
330
93
100
AcDbEntity
  8
GS01-body-čísla
  6
Continuous
 62
     6
370
     0
100
AcDbText
 10
-595980.504
 20
-1158248.044
 30
0.0
 40
0.06
  1
6
  7
Style-Arial Narrow IF
 11
-595980.504
 21
-1158247.984
 31
0.0
100
AcDbText
 73
     3
  0
POINT
  5
130
330
93
100
AcDbEntity
  8
GS01-body-info
  6
Continuous
 62
     6
370
    53
100
AcDbPoint
 10
-595980.506
 20
-1158247.982
 30
0.0
  0
POINT
  5
131
330
93
100
AcDbEntity
  8
GS01-body-poloha
  6
Continuous
 62
     6
370
    53
100
AcDbPoint
 10
-595987.667
 20
-1158247.603
 30
0.0
  0
TEXT
  5
132
330
93
100
AcDbEntity
  8
GS01-body-čísla
  6
Continuous
 62
     6
370
     0
100
AcDbText
 10
-595987.665
 20
-1158247.665
 30
0.0
 40
0.06
  1
7
  7
Style-Arial Narrow IF
 11
-595987.665
 21
-1158247.605
 31
0.0
100
AcDbText
 73
     3
  0
POINT
  5
133
330
93
100
AcDbEntity
  8
GS01-body-info
  6
Continuous
 62
     6
370
    53
100
AcDbPoint
 10
-595987.667
 20
-1158247.603
 30
0.0
  0
POINT
  5
134
330
93
100
AcDbEntity
  8
GS01-body-poloha
  6
Continuous
 62
     6
370
    53
100
AcDbPoint
 10
-595977.83
 20
-1158238.63
 30
0.0
  0
TEXT
  5
135
330
93
100
AcDbEntity
  8
GS01-body-čísla
  6
Continuous
 62
     6
370
     0
100
AcDbText
 10
-595977.828
 20
-1158238.692
 30
0.0
 40
0.06
  1
8
  7
Style-Arial Narrow IF
 11
-595977.828
 21
-1158238.632
 31
0.0
100
AcDbText
 73
     3
  0
POINT
  5
136
330
93
100
AcDbEntity
  8
GS01-body-info
  6
Continuous
 62
     6
370
    53
100
AcDbPoint
 10
-595977.83
 20
-1158238.63
 30
0.0
  0
POINT
  5
137
330
93
100
AcDbEntity
  8
GS01-body-poloha
  6
Continuous
 62
     6
370
    53
100
AcDbPoint
 10
-595977.565
 20
-1158238.565
 30
0.0
  0
TEXT
  5
138
330
93
100
AcDbEntity
  8
GS01-body-čísla
  6
Continuous
 62
     6
370
     0
100
AcDbText
 10
-595977.563
 20
-1158238.627
 30
0.0
 40
0.06
  1
9
  7
Style-Arial Narrow IF
 11
-595977.563
 21
-1158238.567
 31
0.0
100
AcDbText
 73
     3
  0
POINT
  5
139
330
93
100
AcDbEntity
  8
GS01-body-info
  6
Continuous
 62
     6
370
    53
100
AcDbPoint
 10
-595977.565
 20
-1158238.565
 30
0.0
  0
POINT
  5
13A
330
93
100
AcDbEntity
  8
GS01-body-poloha
  6
Continuous
 62
     6
370
    53
100
AcDbPoint
 10
-595977.281
 20
-1158238.577
 30
0.0
  0
TEXT
  5
13B
330
93
100
AcDbEntity
  8
GS01-body-čísla
  6
Continuous
 62
     6
370
     0
100
AcDbText
 10
-595977.279
 20
-1158238.639
 30
0.0
 40
0.06
  1
10
  7
Style-Arial Narrow IF
 11
-595977.279
 21
-1158238.579
 31
0.0
100
AcDbText
 73
     3
  0
POINT
  5
13C
330
93
100
AcDbEntity
  8
GS01-body-info
  6
Continuous
 62
     6
370
    53
100
AcDbPoint
 10
-595977.281
 20
-1158238.577
 30
0.0
  0
POINT
  5
13D
330
93
100
AcDbEntity
  8
GS01-body-poloha
  6
Continuous
 62
     6
370
    53
100
AcDbPoint
 10
-595979.185
 20
-1158238.361
 30
0.0
  0
TEXT
  5
13E
330
93
100
AcDbEntity
  8
GS01-body-čísla
  6
Continuous
 62
     6
370
     0
100
AcDbText
 10
-595979.183
 20
-1158238.423
 30
0.0
 40
0.06
  1
11
  7
Style-Arial Narrow IF
 11
-595979.183
 21
-1158238.363
 31
0.0
100
AcDbText
 73
     3
  0
POINT
  5
13F
330
93
100
AcDbEntity
  8
GS01-body-info
  6
Continuous
 62
     6
370
    53
100
AcDbPoint
 10
-595979.185
 20
-1158238.361
 30
0.0
  0
POINT
  5
140
330
93
100
AcDbEntity
  8
GS01-body-poloha
  6
Continuous
 62
     6
370
    53
100
AcDbPoint
 10
-595980.645
 20
-1158238.391
 30
0.0
  0
TEXT
  5
141
330
93
100
AcDbEntity
  8
GS01-body-čísla
  6
Continuous
 62
     6
370
     0
100
AcDbText
 10
-595980.643
 20
-1158238.453
 30
0.0
 40
0.06
  1
12
  7
Style-Arial Narrow IF
 11
-595980.643
 21
-1158238.393
 31
0.0
100
AcDbText
 73
     3
  0
POINT
  5
142
330
93
100
AcDbEntity
  8
GS01-body-info
  6
Continuous
 62
     6
370
    53
100
AcDbPoint
 10
-595980.645
 20
-1158238.391
 30
0.0
  0
POINT
  5
143
330
93
100
AcDbEntity
  8
GS01-body-poloha
  6
Continuous
 62
     6
370
    53
100
AcDbPoint
 10
-595981.629
 20
-1158238.423
 30
0.0
  0
TEXT
  5
144
330
93
100
AcDbEntity
  8
GS01-body-čísla
  6
Continuous
 62
     6
370
     0
100
AcDbText
 10
-595981.627
 20
-1158238.485
 30
0.0
 40
0.06
  1
13
  7
Style-Arial Narrow IF
 11
-595981.627
 21
-1158238.425
 31
0.0
100
AcDbText
 73
     3
  0
POINT
  5
145
330
93
100
AcDbEntity
  8
GS01-body-info
  6
Continuous
 62
     6
370
    53
100
AcDbPoint
 10
-595981.629
 20
-1158238.423
 30
0.0
  0
POINT
  5
146
330
93
100
AcDbEntity
  8
GS01-body-poloha
  6
Continuous
 62
     6
370
    53
100
AcDbPoint
 10
-595978.947
 20
-1158233.905
 30
0.0
  0
TEXT
  5
147
330
93
100
AcDbEntity
  8
GS01-body-čísla
  6
Continuous
 62
     6
370
     0
100
AcDbText
 10
-595978.945
 20
-1158233.967
 30
0.0
 40
0.06
  1
14
  7
Style-Arial Narrow IF
 11
-595978.945
 21
-1158233.907
 31
0.0
100
AcDbText
 73
     3
  0
POINT
  5
148
330
93
100
AcDbEntity
  8
GS01-body-info
  6
Continuous
 62
     6
370
    53
100
AcDbPoint
 10
-595978.947
 20
-1158233.905
 30
0.0
  0
POINT
  5
149
330
93
100
AcDbEntity
  8
GS01-body-poloha
  6
Continuous
 62
     6
370
    53
100
AcDbPoint
 10
-595978.505
 20
-1158233.703
 30
0.0
  0
TEXT
  5
14A
330
93
100
AcDbEntity
  8
GS01-body-čísla
  6
Continuous
 62
     6
370
     0
100
AcDbText
 10
-595978.503
 20
-1158233.765
 30
0.0
 40
0.06
  1
15
  7
Style-Arial Narrow IF
 11
-595978.503
 21
-1158233.705
 31
0.0
100
AcDbText
 73
     3
  0
POINT
  5
14B
330
93
100
AcDbEntity
  8
GS01-body-info
  6
Continuous
 62
     6
370
    53
100
AcDbPoint
 10
-595978.505
 20
-1158233.703
 30
0.0
  0
POINT
  5
14C
330
93
100
AcDbEntity
  8
GS01-body-poloha
  6
Continuous
 62
     6
370
    53
100
AcDbPoint
 10
-595978.849
 20
-1158233.194
 30
0.0
  0
TEXT
  5
14D
330
93
100
AcDbEntity
  8
GS01-body-čísla
  6
Continuous
 62
     6
370
     0
100
AcDbText
 10
-595978.847
 20
-1158233.256
 30
0.0
 40
0.06
  1
16
  7
Style-Arial Narrow IF
 11
-595978.847
 21
-1158233.196
 31
0.0
100
AcDbText
 73
     3
  0
POINT
  5
14E
330
93
100
AcDbEntity
  8
GS01-body-info
  6
Continuous
 62
     6
370
    53
100
AcDbPoint
 10
-595978.849
 20
-1158233.194
 30
0.0
  0
POINT
  5
14F
330
93
100
AcDbEntity
  8
GS01-body-poloha
  6
Continuous
 62
     6
370
    53
100
AcDbPoint
 10
-595978.719
 20
-1158232.804
 30
0.0
  0
TEXT
  5
150
330
93
100
AcDbEntity
  8
GS01-body-čísla
  6
Continuous
 62
     6
370
     0
100
AcDbText
 10
-595978.717
 20
-1158232.866
 30
0.0
 40
0.06
  1
17
  7
Style-Arial Narrow IF
 11
-595978.717
 21
-1158232.806
 31
0.0
100
AcDbText
 73
     3
  0
POINT
  5
151
330
93
100
AcDbEntity
  8
GS01-body-info
  6
Continuous
 62
     6
370
    53
100
AcDbPoint
 10
-595978.719
 20
-1158232.804
 30
0.0
  0
POINT
  5
152
330
93
100
AcDbEntity
  8
GS01-body-poloha
  6
Continuous
 62
     6
370
    53
100
AcDbPoint
 10
-595980.125
 20
-1158230.087
 30
0.0
  0
TEXT
  5
153
330
93
100
AcDbEntity
  8
GS01-body-čísla
  6
Continuous
 62
     6
370
     0
100
AcDbText
 10
-595980.123
 20
-1158230.149
 30
0.0
 40
0.06
  1
18
  7
Style-Arial Narrow IF
 11
-595980.123
 21
-1158230.089
 31
0.0
100
AcDbText
 73
     3
  0
POINT
  5
154
330
93
100
AcDbEntity
  8
GS01-body-info
  6
Continuous
 62
     6
370
    53
100
AcDbPoint
 10
-595980.125
 20
-1158230.087
 30
0.0
  0
POINT
  5
155
330
93
100
AcDbEntity
  8
GS01-body-poloha
  6
Continuous
 62
     6
370
    53
100
AcDbPoint
 10
-595981.52
 20
-1158230.343
 30
0.0
  0
TEXT
  5
156
330
93
100
AcDbEntity
  8
GS01-body-čísla
  6
Continuous
 62
     6
370
     0
100
AcDbText
 10
-595981.518
 20
-1158230.405
 30
0.0
 40
0.06
  1
19
  7
Style-Arial Narrow IF
 11
-595981.518
 21
-1158230.345
 31
0.0
100
AcDbText
 73
     3
  0
POINT
  5
157
330
93
100
AcDbEntity
  8
GS01-body-info
  6
Continuous
 62
     6
370
    53
100
AcDbPoint
 10
-595981.52
 20
-1158230.343
 30
0.0
  0
POINT
  5
158
330
93
100
AcDbEntity
  8
GS01-body-poloha
  6
Continuous
 62
     6
370
    53
100
AcDbPoint
 10
-595982.74
 20
-1158231.344
 30
0.0
  0
TEXT
  5
159
330
93
100
AcDbEntity
  8
GS01-body-čísla
  6
Continuous
 62
     6
370
     0
100
AcDbText
 10
-595982.738
 20
-1158231.406
 30
0.0
 40
0.06
  1
20
  7
Style-Arial Narrow IF
 11
-595982.738
 21
-1158231.346
 31
0.0
100
AcDbText
 73
     3
  0
POINT
  5
15A
330
93
100
AcDbEntity
  8
GS01-body-info
  6
Continuous
 62
     6
370
    53
100
AcDbPoint
 10
-595982.74
 20
-1158231.344
 30
0.0
  0
POINT
  5
15B
330
93
100
AcDbEntity
  8
GS01-body-poloha
  6
Continuous
 62
     6
370
    53
100
AcDbPoint
 10
-595979.764
 20
-1158224.971
 30
0.0
  0
TEXT
  5
15C
330
93
100
AcDbEntity
  8
GS01-body-čísla
  6
Continuous
 62
     6
370
     0
100
AcDbText
 10
-595979.762
 20
-1158225.033
 30
0.0
 40
0.06
  1
21
  7
Style-Arial Narrow IF
 11
-595979.762
 21
-1158224.973
 31
0.0
100
AcDbText
 73
     3
  0
POINT
  5
15D
330
93
100
AcDbEntity
  8
GS01-body-info
  6
Continuous
 62
     6
370
    53
100
AcDbPoint
 10
-595979.764
 20
-1158224.971
 30
0.0
  0
POINT
  5
15E
330
93
100
AcDbEntity
  8
GS01-body-poloha
  6
Continuous
 62
     6
370
    53
100
AcDbPoint
 10
-595979.904
 20
-1158223.614
 30
0.0
  0
TEXT
  5
15F
330
93
100
AcDbEntity
  8
GS01-body-čísla
  6
Continuous
 62
     6
370
     0
100
AcDbText
 10
-595979.902
 20
-1158223.676
 30
0.0
 40
0.06
  1
22
  7
Style-Arial Narrow IF
 11
-595979.902
 21
-1158223.616
 31
0.0
100
AcDbText
 73
     3
  0
POINT
  5
160
330
93
100
AcDbEntity
  8
GS01-body-info
  6
Continuous
 62
     6
370
    53
100
AcDbPoint
 10
-595979.904
 20
-1158223.614
 30
0.0
  0
POINT
  5
161
330
93
100
AcDbEntity
  8
GS01-body-poloha
  6
Continuous
 62
     6
370
    53
100
AcDbPoint
 10
-595982.537
 20
-1158224.012
 30
0.0
  0
TEXT
  5
162
330
93
100
AcDbEntity
  8
GS01-body-čísla
  6
Continuous
 62
     6
370
     0
100
AcDbText
 10
-595982.535
 20
-1158224.074
 30
0.0
 40
0.06
  1
23
  7
Style-Arial Narrow IF
 11
-595982.535
 21
-1158224.014
 31
0.0
100
AcDbText
 73
     3
  0
POINT
  5
163
330
93
100
AcDbEntity
  8
GS01-body-info
  6
Continuous
 62
     6
370
    53
100
AcDbPoint
 10
-595982.537
 20
-1158224.012
 30
0.0
  0
POINT
  5
164
330
93
100
AcDbEntity
  8
GS01-body-poloha
  6
Continuous
 62
     6
370
    53
100
AcDbPoint
 10
-595982.681
 20
-1158222.819
 30
0.0
  0
TEXT
  5
165
330
93
100
AcDbEntity
  8
GS01-body-čísla
  6
Continuous
 62
     6
370
     0
100
AcDbText
 10
-595982.679
 20
-1158222.881
 30
0.0
 40
0.06
  1
24
  7
Style-Arial Narrow IF
 11
-595982.679
 21
-1158222.821
 31
0.0
100
AcDbText
 73
     3
  0
POINT
  5
166
330
93
100
AcDbEntity
  8
GS01-body-info
  6
Continuous
 62
     6
370
    53
100
AcDbPoint
 10
-595982.681
 20
-1158222.819
 30
0.0
  0
POINT
  5
167
330
93
100
AcDbEntity
  8
GS01-body-poloha
  6
Continuous
 62
     6
370
    53
100
AcDbPoint
 10
-595982.498
 20
-1158220.22
 30
0.0
  0
TEXT
  5
168
330
93
100
AcDbEntity
  8
GS01-body-čísla
  6
Continuous
 62
     6
370
     0
100
AcDbText
 10
-595982.496
 20
-1158220.282
 30
0.0
 40
0.06
  1
25
  7
Style-Arial Narrow IF
 11
-595982.496
 21
-1158220.222
 31
0.0
100
AcDbText
 73
     3
  0
POINT
  5
169
330
93
100
AcDbEntity
  8
GS01-body-info
  6
Continuous
 62
     6
370
    53
100
AcDbPoint
 10
-595982.498
 20
-1158220.22
 30
0.0
  0
POINT
  5
16A
330
93
100
AcDbEntity
  8
GS01-body-poloha
  6
Continuous
 62
     6
370
    53
100
AcDbPoint
 10
-595983.441
 20
-1158220.33
 30
0.0
  0
TEXT
  5
16B
330
93
100
AcDbEntity
  8
GS01-body-čísla
  6
Continuous
 62
     6
370
     0
100
AcDbText
 10
-595983.439
 20
-1158220.392
 30
0.0
 40
0.06
  1
26
  7
Style-Arial Narrow IF
 11
-595983.439
 21
-1158220.332
 31
0.0
100
AcDbText
 73
     3
  0
POINT
  5
16C
330
93
100
AcDbEntity
  8
GS01-body-info
  6
Continuous
 62
     6
370
    53
100
AcDbPoint
 10
-595983.441
 20
-1158220.33
 30
0.0
  0
POINT
  5
16D
330
93
100
AcDbEntity
  8
GS01-body-poloha
  6
Continuous
 62
     6
370
    53
100
AcDbPoint
 10
-595980.796
 20
-1158220.051
 30
0.0
  0
TEXT
  5
16E
330
93
100
AcDbEntity
  8
GS01-body-čísla
  6
Continuous
 62
     6
370
     0
100
AcDbText
 10
-595980.794
 20
-1158220.113
 30
0.0
 40
0.06
  1
27
  7
Style-Arial Narrow IF
 11
-595980.794
 21
-1158220.053
 31
0.0
100
AcDbText
 73
     3
  0
POINT
  5
16F
330
93
100
AcDbEntity
  8
GS01-body-info
  6
Continuous
 62
     6
370
    53
100
AcDbPoint
 10
-595980.796
 20
-1158220.051
 30
0.0
  0
POINT
  5
170
330
93
100
AcDbEntity
  8
GS01-body-poloha
  6
Continuous
 62
     6
370
    53
100
AcDbPoint
 10
-595980.426
 20
-1158220.641
 30
0.0
  0
TEXT
  5
171
330
93
100
AcDbEntity
  8
GS01-body-čísla
  6
Continuous
 62
     6
370
     0
100
AcDbText
 10
-595980.424
 20
-1158220.703
 30
0.0
 40
0.06
  1
28
  7
Style-Arial Narrow IF
 11
-595980.424
 21
-1158220.643
 31
0.0
100
AcDbText
 73
     3
  0
POINT
  5
172
330
93
100
AcDbEntity
  8
GS01-body-info
  6
Continuous
 62
     6
370
    53
100
AcDbPoint
 10
-595980.426
 20
-1158220.641
 30
0.0
  0
POINT
  5
173
330
93
100
AcDbEntity
  8
GS01-body-poloha
  6
Continuous
 62
     6
370
    53
100
AcDbPoint
 10
-595984.64
 20
-1158208.378
 30
0.0
  0
TEXT
  5
174
330
93
100
AcDbEntity
  8
GS01-body-čísla
  6
Continuous
 62
     6
370
     0
100
AcDbText
 10
-595984.638
 20
-1158208.44
 30
0.0
 40
0.06
  1
29
  7
Style-Arial Narrow IF
 11
-595984.638
 21
-1158208.38
 31
0.0
100
AcDbText
 73
     3
  0
POINT
  5
175
330
93
100
AcDbEntity
  8
GS01-body-info
  6
Continuous
 62
     6
370
    53
100
AcDbPoint
 10
-595984.64
 20
-1158208.378
 30
0.0
  0
POINT
  5
176
330
93
100
AcDbEntity
  8
GS01-body-poloha
  6
Continuous
 62
     6
370
    53
100
AcDbPoint
 10
-595984.921
 20
-1158205.518
 30
0.0
  0
TEXT
  5
177
330
93
100
AcDbEntity
  8
GS01-body-čísla
  6
Continuous
 62
     6
370
     0
100
AcDbText
 10
-595984.919
 20
-1158205.58
 30
0.0
 40
0.06
  1
30
  7
Style-Arial Narrow IF
 11
-595984.919
 21
-1158205.52
 31
0.0
100
AcDbText
 73
     3
  0
POINT
  5
178
330
93
100
AcDbEntity
  8
GS01-body-info
  6
Continuous
 62
     6
370
    53
100
AcDbPoint
 10
-595984.921
 20
-1158205.518
 30
0.0
  0
POINT
  5
179
330
93
100
AcDbEntity
  8
GS01-body-poloha
  6
Continuous
 62
     6
370
    53
100
AcDbPoint
 10
-595983.895
 20
-1158205.744
 30
0.0
  0
TEXT
  5
17A
330
93
100
AcDbEntity
  8
GS01-body-čísla
  6
Continuous
 62
     6
370
     0
100
AcDbText
 10
-595983.893
 20
-1158205.806
 30
0.0
 40
0.06
  1
31
  7
Style-Arial Narrow IF
 11
-595983.893
 21
-1158205.746
 31
0.0
100
AcDbText
 73
     3
  0
POINT
  5
17B
330
93
100
AcDbEntity
  8
GS01-body-info
  6
Continuous
 62
     6
370
    53
100
AcDbPoint
 10
-595983.895
 20
-1158205.744
 30
0.0
  0
POINT
  5
17C
330
93
100
AcDbEntity
  8
GS01-body-poloha
  6
Continuous
 62
     6
370
    53
100
AcDbPoint
 10
-595982.402
 20
-1158205.535
 30
0.0
  0
TEXT
  5
17D
330
93
100
AcDbEntity
  8
GS01-body-čísla
  6
Continuous
 62
     6
370
     0
100
AcDbText
 10
-595982.4
 20
-1158205.597
 30
0.0
 40
0.06
  1
32
  7
Style-Arial Narrow IF
 11
-595982.4
 21
-1158205.537
 31
0.0
100
AcDbText
 73
     3
  0
POINT
  5
17E
330
93
100
AcDbEntity
  8
GS01-body-info
  6
Continuous
 62
     6
370
    53
100
AcDbPoint
 10
-595982.402
 20
-1158205.535
 30
0.0
  0
POINT
  5
17F
330
93
100
AcDbEntity
  8
GS01-body-poloha
  6
Continuous
 62
     6
370
    53
100
AcDbPoint
 10
-595981.481
 20
-1158206.271
 30
0.0
  0
TEXT
  5
180
330
93
100
AcDbEntity
  8
GS01-body-čísla
  6
Continuous
 62
     6
370
     0
100
AcDbText
 10
-595981.479
 20
-1158206.333
 30
0.0
 40
0.06
  1
33
  7
Style-Arial Narrow IF
 11
-595981.479
 21
-1158206.273
 31
0.0
100
AcDbText
 73
     3
  0
POINT
  5
181
330
93
100
AcDbEntity
  8
GS01-body-info
  6
Continuous
 62
     6
370
    53
100
AcDbPoint
 10
-595981.481
 20
-1158206.271
 30
0.0
  0
POINT
  5
182
330
93
100
AcDbEntity
  8
GS01-body-poloha
  6
Continuous
 62
     6
370
    53
100
AcDbPoint
 10
-595982.185
 20
-1158207.75
 30
0.0
  0
TEXT
  5
183
330
93
100
AcDbEntity
  8
GS01-body-čísla
  6
Continuous
 62
     6
370
     0
100
AcDbText
 10
-595982.183
 20
-1158207.812
 30
0.0
 40
0.06
  1
34
  7
Style-Arial Narrow IF
 11
-595982.183
 21
-1158207.752
 31
0.0
100
AcDbText
 73
     3
  0
POINT
  5
184
330
93
100
AcDbEntity
  8
GS01-body-info
  6
Continuous
 62
     6
370
    53
100
AcDbPoint
 10
-595982.185
 20
-1158207.75
 30
0.0
  0
POINT
  5
185
330
93
100
AcDbEntity
  8
GS01-body-poloha
  6
Continuous
 62
     6
370
    53
100
AcDbPoint
 10
-595981.363
 20
-1158207.7
 30
0.0
  0
TEXT
  5
186
330
93
100
AcDbEntity
  8
GS01-body-čísla
  6
Continuous
 62
     6
370
     0
100
AcDbText
 10
-595981.361
 20
-1158207.762
 30
0.0
 40
0.06
  1
35
  7
Style-Arial Narrow IF
 11
-595981.361
 21
-1158207.702
 31
0.0
100
AcDbText
 73
     3
  0
POINT
  5
187
330
93
100
AcDbEntity
  8
GS01-body-info
  6
Continuous
 62
     6
370
    53
100
AcDbPoint
 10
-595981.363
 20
-1158207.7
 30
0.0
  0
POINT
  5
188
330
93
100
AcDbEntity
  8
GS01-body-poloha
  6
Continuous
 62
     6
370
    53
100
AcDbPoint
 10
-595981.166
 20
-1158207.704
 30
0.0
  0
TEXT
  5
189
330
93
100
AcDbEntity
  8
GS01-body-čísla
  6
Continuous
 62
     6
370
     0
100
AcDbText
 10
-595981.164
 20
-1158207.766
 30
0.0
 40
0.06
  1
36
  7
Style-Arial Narrow IF
 11
-595981.164
 21
-1158207.706
 31
0.0
100
AcDbText
 73
     3
  0
POINT
  5
18A
330
93
100
AcDbEntity
  8
GS01-body-info
  6
Continuous
 62
     6
370
    53
100
AcDbPoint
 10
-595981.166
 20
-1158207.704
 30
0.0
  0
POINT
  5
18B
330
93
100
AcDbEntity
  8
GS01-body-poloha
  6
Continuous
 62
     6
370
    53
100
AcDbPoint
 10
-595981.044
 20
-1158208.959
 30
0.0
  0
TEXT
  5
18C
330
93
100
AcDbEntity
  8
GS01-body-čísla
  6
Continuous
 62
     6
370
     0
100
AcDbText
 10
-595981.042
 20
-1158209.021
 30
0.0
 40
0.06
  1
37
  7
Style-Arial Narrow IF
 11
-595981.042
 21
-1158208.961
 31
0.0
100
AcDbText
 73
     3
  0
POINT
  5
18D
330
93
100
AcDbEntity
  8
GS01-body-info
  6
Continuous
 62
     6
370
    53
100
AcDbPoint
 10
-595981.044
 20
-1158208.959
 30
0.0
  0
POINT
  5
18E
330
93
100
AcDbEntity
  8
GS01-body-poloha
  6
Continuous
 62
     6
370
    53
100
AcDbPoint
 10
-595980.748
 20
-1158211.72
 30
0.0
  0
TEXT
  5
18F
330
93
100
AcDbEntity
  8
GS01-body-čísla
  6
Continuous
 62
     6
370
     0
100
AcDbText
 10
-595980.746
 20
-1158211.782
 30
0.0
 40
0.06
  1
38
  7
Style-Arial Narrow IF
 11
-595980.746
 21
-1158211.722
 31
0.0
100
AcDbText
 73
     3
  0
POINT
  5
190
330
93
100
AcDbEntity
  8
GS01-body-info
  6
Continuous
 62
     6
370
    53
100
AcDbPoint
 10
-595980.748
 20
-1158211.72
 30
0.0
  0
POINT
  5
191
330
93
100
AcDbEntity
  8
GS01-body-poloha
  6
Continuous
 62
     6
370
    53
100
AcDbPoint
 10
-595980.938
 20
-1158211.882
 30
0.0
  0
TEXT
  5
192
330
93
100
AcDbEntity
  8
GS01-body-čísla
  6
Continuous
 62
     6
370
     0
100
AcDbText
 10
-595980.936
 20
-1158211.944
 30
0.0
 40
0.06
  1
39
  7
Style-Arial Narrow IF
 11
-595980.936
 21
-1158211.884
 31
0.0
100
AcDbText
 73
     3
  0
POINT
  5
193
330
93
100
AcDbEntity
  8
GS01-body-info
  6
Continuous
 62
     6
370
    53
100
AcDbPoint
 10
-595980.938
 20
-1158211.882
 30
0.0
  0
POINT
  5
194
330
93
100
AcDbEntity
  8
GS01-body-poloha
  6
Continuous
 62
     6
370
    53
100
AcDbPoint
 10
-595980.873
 20
-1158213.238
 30
0.0
  0
TEXT
  5
195
330
93
100
AcDbEntity
  8
GS01-body-čísla
  6
Continuous
 62
     6
370
     0
100
AcDbText
 10
-595980.871
 20
-1158213.3
 30
0.0
 40
0.06
  1
40
  7
Style-Arial Narrow IF
 11
-595980.871
 21
-1158213.24
 31
0.0
100
AcDbText
 73
     3
  0
POINT
  5
196
330
93
100
AcDbEntity
  8
GS01-body-info
  6
Continuous
 62
     6
370
    53
100
AcDbPoint
 10
-595980.873
 20
-1158213.238
 30
0.0
  0
POINT
  5
197
330
93
100
AcDbEntity
  8
GS01-body-poloha
  6
Continuous
 62
     6
370
    53
100
AcDbPoint
 10
-595981.459
 20
-1158211.883
 30
0.0
  0
TEXT
  5
198
330
93
100
AcDbEntity
  8
GS01-body-čísla
  6
Continuous
 62
     6
370
     0
100
AcDbText
 10
-595981.457
 20
-1158211.945
 30
0.0
 40
0.06
  1
41
  7
Style-Arial Narrow IF
 11
-595981.457
 21
-1158211.885
 31
0.0
100
AcDbText
 73
     3
  0
POINT
  5
199
330
93
100
AcDbEntity
  8
GS01-body-info
  6
Continuous
 62
     6
370
    53
100
AcDbPoint
 10
-595981.459
 20
-1158211.883
 30
0.0
  0
POINT
  5
19A
330
93
100
AcDbEntity
  8
GS01-body-poloha
  6
Continuous
 62
     6
370
    53
100
AcDbPoint
 10
-595981.049
 20
-1158214.869
 30
0.0
  0
TEXT
  5
19B
330
93
100
AcDbEntity
  8
GS01-body-čísla
  6
Continuous
 62
     6
370
     0
100
AcDbText
 10
-595981.047
 20
-1158214.931
 30
0.0
 40
0.06
  1
42
  7
Style-Arial Narrow IF
 11
-595981.047
 21
-1158214.871
 31
0.0
100
AcDbText
 73
     3
  0
POINT
  5
19C
330
93
100
AcDbEntity
  8
GS01-body-info
  6
Continuous
 62
     6
370
    53
100
AcDbPoint
 10
-595981.049
 20
-1158214.869
 30
0.0
  0
POINT
  5
19D
330
93
100
AcDbEntity
  8
GS01-body-poloha
  6
Continuous
 62
     6
370
    53
100
AcDbPoint
 10
-595979.634
 20
-1158215.71
 30
0.0
  0
TEXT
  5
19E
330
93
100
AcDbEntity
  8
GS01-body-čísla
  6
Continuous
 62
     6
370
     0
100
AcDbText
 10
-595979.632
 20
-1158215.772
 30
0.0
 40
0.06
  1
43
  7
Style-Arial Narrow IF
 11
-595979.632
 21
-1158215.712
 31
0.0
100
AcDbText
 73
     3
  0
POINT
  5
19F
330
93
100
AcDbEntity
  8
GS01-body-info
  6
Continuous
 62
     6
370
    53
100
AcDbPoint
 10
-595979.634
 20
-1158215.71
 30
0.0
  0
POINT
  5
1A0
330
93
100
AcDbEntity
  8
GS01-body-poloha
  6
Continuous
 62
     6
370
    53
100
AcDbPoint
 10
-595976.109
 20
-1158216.957
 30
0.0
  0
TEXT
  5
1A1
330
93
100
AcDbEntity
  8
GS01-body-čísla
  6
Continuous
 62
     6
370
     0
100
AcDbText
 10
-595976.107
 20
-1158217.019
 30
0.0
 40
0.06
  1
44
  7
Style-Arial Narrow IF
 11
-595976.107
 21
-1158216.959
 31
0.0
100
AcDbText
 73
     3
  0
POINT
  5
1A2
330
93
100
AcDbEntity
  8
GS01-body-info
  6
Continuous
 62
     6
370
    53
100
AcDbPoint
 10
-595976.109
 20
-1158216.957
 30
0.0
  0
POINT
  5
1A3
330
93
100
AcDbEntity
  8
GS01-body-poloha
  6
Continuous
 62
     6
370
    53
100
AcDbPoint
 10
-595991.467
 20
-1158209.662
 30
0.0
  0
TEXT
  5
1A4
330
93
100
AcDbEntity
  8
GS01-body-čísla
  6
Continuous
 62
     6
370
     0
100
AcDbText
 10
-595991.465
 20
-1158209.724
 30
0.0
 40
0.06
  1
45
  7
Style-Arial Narrow IF
 11
-595991.465
 21
-1158209.664
 31
0.0
100
AcDbText
 73
     3
  0
POINT
  5
1A5
330
93
100
AcDbEntity
  8
GS01-body-info
  6
Continuous
 62
     6
370
    53
100
AcDbPoint
 10
-595991.467
 20
-1158209.662
 30
0.0
  0
POINT
  5
1A6
330
93
100
AcDbEntity
  8
GS01-body-poloha
  6
Continuous
 62
     6
370
    53
100
AcDbPoint
 10
-595990.526
 20
-1158219.645
 30
0.0
  0
TEXT
  5
1A7
330
93
100
AcDbEntity
  8
GS01-body-čísla
  6
Continuous
 62
     6
370
     0
100
AcDbText
 10
-595990.524
 20
-1158219.707
 30
0.0
 40
0.06
  1
46
  7
Style-Arial Narrow IF
 11
-595990.524
 21
-1158219.647
 31
0.0
100
AcDbText
 73
     3
  0
POINT
  5
1A8
330
93
100
AcDbEntity
  8
GS01-body-info
  6
Continuous
 62
     6
370
    53
100
AcDbPoint
 10
-595990.526
 20
-1158219.645
 30
0.0
  0
POINT
  5
1A9
330
93
100
AcDbEntity
  8
GS01-body-poloha
  6
Continuous
 62
     6
370
    53
100
AcDbPoint
 10
-595991.458
 20
-1158226.473
 30
0.0
  0
TEXT
  5
1AA
330
93
100
AcDbEntity
  8
GS01-body-čísla
  6
Continuous
 62
     6
370
     0
100
AcDbText
 10
-595991.456
 20
-1158226.535
 30
0.0
 40
0.06
  1
47
  7
Style-Arial Narrow IF
 11
-595991.456
 21
-1158226.475
 31
0.0
100
AcDbText
 73
     3
  0
POINT
  5
1AB
330
93
100
AcDbEntity
  8
GS01-body-info
  6
Continuous
 62
     6
370
    53
100
AcDbPoint
 10
-595991.458
 20
-1158226.473
 30
0.0
  0
POINT
  5
1AC
330
93
100
AcDbEntity
  8
GS01-body-poloha
  6
Continuous
 62
     6
370
    53
100
AcDbPoint
 10
-595993.672
 20
-1158227.483
 30
0.0
  0
TEXT
  5
1AD
330
93
100
AcDbEntity
  8
GS01-body-čísla
  6
Continuous
 62
     6
370
     0
100
AcDbText
 10
-595993.67
 20
-1158227.545
 30
0.0
 40
0.06
  1
48
  7
Style-Arial Narrow IF
 11
-595993.67
 21
-1158227.485
 31
0.0
100
AcDbText
 73
     3
  0
POINT
  5
1AE
330
93
100
AcDbEntity
  8
GS01-body-info
  6
Continuous
 62
     6
370
    53
100
AcDbPoint
 10
-595993.672
 20
-1158227.483
 30
0.0
  0
POINT
  5
1AF
330
93
100
AcDbEntity
  8
GS01-body-poloha
  6
Continuous
 62
     6
370
    53
100
AcDbPoint
 10
-595993.923
 20
-1158234.043
 30
0.0
  0
TEXT
  5
1B0
330
93
100
AcDbEntity
  8
GS01-body-čísla
  6
Continuous
 62
     6
370
     0
100
AcDbText
 10
-595993.921
 20
-1158234.105
 30
0.0
 40
0.06
  1
49
  7
Style-Arial Narrow IF
 11
-595993.921
 21
-1158234.045
 31
0.0
100
AcDbText
 73
     3
  0
POINT
  5
1B1
330
93
100
AcDbEntity
  8
GS01-body-info
  6
Continuous
 62
     6
370
    53
100
AcDbPoint
 10
-595993.923
 20
-1158234.043
 30
0.0
  0
POINT
  5
1B2
330
93
100
AcDbEntity
  8
GS01-body-poloha
  6
Continuous
 62
     6
370
    53
100
AcDbPoint
 10
-595990.888
 20
-1158232.74
 30
0.0
  0
TEXT
  5
1B3
330
93
100
AcDbEntity
  8
GS01-body-čísla
  6
Continuous
 62
     6
370
     0
100
AcDbText
 10
-595990.886
 20
-1158232.802
 30
0.0
 40
0.06
  1
50
  7
Style-Arial Narrow IF
 11
-595990.886
 21
-1158232.742
 31
0.0
100
AcDbText
 73
     3
  0
POINT
  5
1B4
330
93
100
AcDbEntity
  8
GS01-body-info
  6
Continuous
 62
     6
370
    53
100
AcDbPoint
 10
-595990.888
 20
-1158232.74
 30
0.0
  0
POINT
  5
1B5
330
93
100
AcDbEntity
  8
GS01-body-poloha
  6
Continuous
 62
     6
370
    53
100
AcDbPoint
 10
-595989.85
 20
-1158232.852
 30
0.0
  0
TEXT
  5
1B6
330
93
100
AcDbEntity
  8
GS01-body-čísla
  6
Continuous
 62
     6
370
     0
100
AcDbText
 10
-595989.848
 20
-1158232.914
 30
0.0
 40
0.06
  1
51
  7
Style-Arial Narrow IF
 11
-595989.848
 21
-1158232.854
 31
0.0
100
AcDbText
 73
     3
  0
POINT
  5
1B7
330
93
100
AcDbEntity
  8
GS01-body-info
  6
Continuous
 62
     6
370
    53
100
AcDbPoint
 10
-595989.85
 20
-1158232.852
 30
0.0
  0
POINT
  5
1B8
330
93
100
AcDbEntity
  8
GS01-body-poloha
  6
Continuous
 62
     6
370
    53
100
AcDbPoint
 10
-595989.149
 20
-1158234.21
 30
0.0
  0
TEXT
  5
1B9
330
93
100
AcDbEntity
  8
GS01-body-čísla
  6
Continuous
 62
     6
370
     0
100
AcDbText
 10
-595989.147
 20
-1158234.272
 30
0.0
 40
0.06
  1
52
  7
Style-Arial Narrow IF
 11
-595989.147
 21
-1158234.212
 31
0.0
100
AcDbText
 73
     3
  0
POINT
  5
1BA
330
93
100
AcDbEntity
  8
GS01-body-info
  6
Continuous
 62
     6
370
    53
100
AcDbPoint
 10
-595989.149
 20
-1158234.21
 30
0.0
  0
POINT
  5
1BB
330
93
100
AcDbEntity
  8
GS01-body-poloha
  6
Continuous
 62
     6
370
    53
100
AcDbPoint
 10
-595987.013
 20
-1158252.535
 30
0.0
  0
TEXT
  5
1BC
330
93
100
AcDbEntity
  8
GS01-body-čísla
  6
Continuous
 62
     6
370
     0
100
AcDbText
 10
-595987.011
 20
-1158252.597
 30
0.0
 40
0.06
  1
53
  7
Style-Arial Narrow IF
 11
-595987.011
 21
-1158252.537
 31
0.0
100
AcDbText
 73
     3
  0
POINT
  5
1BD
330
93
100
AcDbEntity
  8
GS01-body-info
  6
Continuous
 62
     6
370
    53
100
AcDbPoint
 10
-595987.013
 20
-1158252.535
 30
0.0
  0
POINT
  5
1BE
330
93
100
AcDbEntity
  8
GS01-body-poloha
  6
Continuous
 62
     6
370
    53
100
AcDbPoint
 10
-595987.991
 20
-1158245.522
 30
0.0
  0
TEXT
  5
1BF
330
93
100
AcDbEntity
  8
GS01-body-čísla
  6
Continuous
 62
     6
370
     0
100
AcDbText
 10
-595987.989
 20
-1158245.584
 30
0.0
 40
0.06
  1
54
  7
Style-Arial Narrow IF
 11
-595987.989
 21
-1158245.524
 31
0.0
100
AcDbText
 73
     3
  0
POINT
  5
1C0
330
93
100
AcDbEntity
  8
GS01-body-info
  6
Continuous
 62
     6
370
    53
100
AcDbPoint
 10
-595987.991
 20
-1158245.522
 30
0.0
  0
POINT
  5
1C1
330
93
100
AcDbEntity
  8
GS01-body-poloha
  6
Continuous
 62
     6
370
    53
100
AcDbPoint
 10
-595980.297
 20
-1158249.828
 30
0.0
  0
TEXT
  5
1C2
330
93
100
AcDbEntity
  8
GS01-body-čísla
  6
Continuous
 62
     6
370
     0
100
AcDbText
 10
-595980.295
 20
-1158249.89
 30
0.0
 40
0.06
  1
100
  7
Style-Arial Narrow IF
 11
-595980.295
 21
-1158249.83
 31
0.0
100
AcDbText
 73
     3
  0
POINT
  5
1C3
330
93
100
AcDbEntity
  8
GS01-body-info
  6
Continuous
 62
     6
370
    53
100
AcDbPoint
 10
-595980.297
 20
-1158249.828
 30
0.0
  0
POINT
  5
1C4
330
93
100
AcDbEntity
  8
GS01-body-poloha
  6
Continuous
 62
     6
370
    53
100
AcDbPoint
 10
-595979.039
 20
-1158249.633
 30
0.0
  0
TEXT
  5
1C5
330
93
100
AcDbEntity
  8
GS01-body-čísla
  6
Continuous
 62
     6
370
     0
100
AcDbText
 10
-595979.037
 20
-1158249.695
 30
0.0
 40
0.06
  1
101
  7
Style-Arial Narrow IF
 11
-595979.037
 21
-1158249.635
 31
0.0
100
AcDbText
 73
     3
  0
POINT
  5
1C6
330
93
100
AcDbEntity
  8
GS01-body-info
  6
Continuous
 62
     6
370
    53
100
AcDbPoint
 10
-595979.039
 20
-1158249.633
 30
0.0
  0
POINT
  5
1C7
330
93
100
AcDbEntity
  8
GS01-body-poloha
  6
Continuous
 62
     6
370
    53
100
AcDbPoint
 10
-595977.545
 20
-1158249.425
 30
0.0
  0
TEXT
  5
1C8
330
93
100
AcDbEntity
  8
GS01-body-čísla
  6
Continuous
 62
     6
370
     0
100
AcDbText
 10
-595977.543
 20
-1158249.487
 30
0.0
 40
0.06
  1
102
  7
Style-Arial Narrow IF
 11
-595977.543
 21
-1158249.427
 31
0.0
100
AcDbText
 73
     3
  0
POINT
  5
1C9
330
93
100
AcDbEntity
  8
GS01-body-info
  6
Continuous
 62
     6
370
    53
100
AcDbPoint
 10
-595977.545
 20
-1158249.425
 30
0.0
  0
POINT
  5
1CA
330
93
100
AcDbEntity
  8
GS01-body-poloha
  6
Continuous
 62
     6
370
    53
100
AcDbPoint
 10
-595975.163
 20
-1158249.184
 30
0.0
  0
TEXT
  5
1CB
330
93
100
AcDbEntity
  8
GS01-body-čísla
  6
Continuous
 62
     6
370
     0
100
AcDbText
 10
-595975.161
 20
-1158249.246
 30
0.0
 40
0.06
  1
103
  7
Style-Arial Narrow IF
 11
-595975.161
 21
-1158249.186
 31
0.0
100
AcDbText
 73
     3
  0
POINT
  5
1CC
330
93
100
AcDbEntity
  8
GS01-body-info
  6
Continuous
 62
     6
370
    53
100
AcDbPoint
 10
-595975.163
 20
-1158249.184
 30
0.0
  0
POINT
  5
1CD
330
93
100
AcDbEntity
  8
GS01-body-poloha
  6
Continuous
 62
     6
370
    53
100
AcDbPoint
 10
-595974.858
 20
-1158249.158
 30
0.0
  0
TEXT
  5
1CE
330
93
100
AcDbEntity
  8
GS01-body-čísla
  6
Continuous
 62
     6
370
     0
100
AcDbText
 10
-595974.856
 20
-1158249.22
 30
0.0
 40
0.06
  1
104
  7
Style-Arial Narrow IF
 11
-595974.856
 21
-1158249.16
 31
0.0
100
AcDbText
 73
     3
  0
POINT
  5
1CF
330
93
100
AcDbEntity
  8
GS01-body-info
  6
Continuous
 62
     6
370
    53
100
AcDbPoint
 10
-595974.858
 20
-1158249.158
 30
0.0
  0
POINT
  5
1D0
330
93
100
AcDbEntity
  8
GS01-body-poloha
  6
Continuous
 62
     6
370
    53
100
AcDbPoint
 10
-595974.601
 20
-1158249.122
 30
0.0
  0
TEXT
  5
1D1
330
93
100
AcDbEntity
  8
GS01-body-čísla
  6
Continuous
 62
     6
370
     0
100
AcDbText
 10
-595974.599
 20
-1158249.184
 30
0.0
 40
0.06
  1
105
  7
Style-Arial Narrow IF
 11
-595974.599
 21
-1158249.124
 31
0.0
100
AcDbText
 73
     3
  0
POINT
  5
1D2
330
93
100
AcDbEntity
  8
GS01-body-info
  6
Continuous
 62
     6
370
    53
100
AcDbPoint
 10
-595974.601
 20
-1158249.122
 30
0.0
  0
POINT
  5
1D3
330
93
100
AcDbEntity
  8
GS01-body-poloha
  6
Continuous
 62
     6
370
    53
100
AcDbPoint
 10
-595969.71
 20
-1158245.289
 30
0.0
  0
TEXT
  5
1D4
330
93
100
AcDbEntity
  8
GS01-body-čísla
  6
Continuous
 62
     6
370
     0
100
AcDbText
 10
-595969.708
 20
-1158245.351
 30
0.0
 40
0.06
  1
106
  7
Style-Arial Narrow IF
 11
-595969.708
 21
-1158245.291
 31
0.0
100
AcDbText
 73
     3
  0
POINT
  5
1D5
330
93
100
AcDbEntity
  8
GS01-body-info
  6
Continuous
 62
     6
370
    53
100
AcDbPoint
 10
-595969.71
 20
-1158245.289
 30
0.0
  0
POINT
  5
1D6
330
93
100
AcDbEntity
  8
GS01-body-poloha
  6
Continuous
 62
     6
370
    53
100
AcDbPoint
 10
-595964.454
 20
-1158242.128
 30
0.0
  0
TEXT
  5
1D7
330
93
100
AcDbEntity
  8
GS01-body-čísla
  6
Continuous
 62
     6
370
     0
100
AcDbText
 10
-595964.452
 20
-1158242.19
 30
0.0
 40
0.06
  1
107
  7
Style-Arial Narrow IF
 11
-595964.452
 21
-1158242.13
 31
0.0
100
AcDbText
 73
     3
  0
POINT
  5
1D8
330
93
100
AcDbEntity
  8
GS01-body-info
  6
Continuous
 62
     6
370
    53
100
AcDbPoint
 10
-595964.454
 20
-1158242.128
 30
0.0
  0
POINT
  5
1D9
330
93
100
AcDbEntity
  8
GS01-body-poloha
  6
Continuous
 62
     6
370
    53
100
AcDbPoint
 10
-595959.534
 20
-1158235.633
 30
0.0
  0
TEXT
  5
1DA
330
93
100
AcDbEntity
  8
GS01-body-čísla
  6
Continuous
 62
     6
370
     0
100
AcDbText
 10
-595959.532
 20
-1158235.695
 30
0.0
 40
0.06
  1
108
  7
Style-Arial Narrow IF
 11
-595959.532
 21
-1158235.635
 31
0.0
100
AcDbText
 73
     3
  0
POINT
  5
1DB
330
93
100
AcDbEntity
  8
GS01-body-info
  6
Continuous
 62
     6
370
    53
100
AcDbPoint
 10
-595959.534
 20
-1158235.633
 30
0.0
  0
POINT
  5
1DC
330
93
100
AcDbEntity
  8
GS01-body-poloha
  6
Continuous
 62
     6
370
    53
100
AcDbPoint
 10
-595959.785
 20
-1158234.652
 30
0.0
  0
TEXT
  5
1DD
330
93
100
AcDbEntity
  8
GS01-body-čísla
  6
Continuous
 62
     6
370
     0
100
AcDbText
 10
-595959.783
 20
-1158234.714
 30
0.0
 40
0.06
  1
109
  7
Style-Arial Narrow IF
 11
-595959.783
 21
-1158234.654
 31
0.0
100
AcDbText
 73
     3
  0
POINT
  5
1DE
330
93
100
AcDbEntity
  8
GS01-body-info
  6
Continuous
 62
     6
370
    53
100
AcDbPoint
 10
-595959.785
 20
-1158234.652
 30
0.0
  0
POINT
  5
1DF
330
93
100
AcDbEntity
  8
GS01-body-poloha
  6
Continuous
 62
     6
370
    53
100
AcDbPoint
 10
-595958.192
 20
-1158233.605
 30
0.0
  0
TEXT
  5
1E0
330
93
100
AcDbEntity
  8
GS01-body-čísla
  6
Continuous
 62
     6
370
     0
100
AcDbText
 10
-595958.19
 20
-1158233.667
 30
0.0
 40
0.06
  1
110
  7
Style-Arial Narrow IF
 11
-595958.19
 21
-1158233.607
 31
0.0
100
AcDbText
 73
     3
  0
POINT
  5
1E1
330
93
100
AcDbEntity
  8
GS01-body-info
  6
Continuous
 62
     6
370
    53
100
AcDbPoint
 10
-595958.192
 20
-1158233.605
 30
0.0
  0
POINT
  5
1E2
330
93
100
AcDbEntity
  8
GS01-body-poloha
  6
Continuous
 62
     6
370
    53
100
AcDbPoint
 10
-595960.249
 20
-1158222.37
 30
0.0
  0
TEXT
  5
1E3
330
93
100
AcDbEntity
  8
GS01-body-čísla
  6
Continuous
 62
     6
370
     0
100
AcDbText
 10
-595960.247
 20
-1158222.432
 30
0.0
 40
0.06
  1
111
  7
Style-Arial Narrow IF
 11
-595960.247
 21
-1158222.372
 31
0.0
100
AcDbText
 73
     3
  0
POINT
  5
1E4
330
93
100
AcDbEntity
  8
GS01-body-info
  6
Continuous
 62
     6
370
    53
100
AcDbPoint
 10
-595960.249
 20
-1158222.37
 30
0.0
  0
POINT
  5
1E5
330
93
100
AcDbEntity
  8
GS01-body-poloha
  6
Continuous
 62
     6
370
    53
100
AcDbPoint
 10
-595960.414
 20
-1158221.722
 30
0.0
  0
TEXT
  5
1E6
330
93
100
AcDbEntity
  8
GS01-body-čísla
  6
Continuous
 62
     6
370
     0
100
AcDbText
 10
-595960.412
 20
-1158221.784
 30
0.0
 40
0.06
  1
112
  7
Style-Arial Narrow IF
 11
-595960.412
 21
-1158221.724
 31
0.0
100
AcDbText
 73
     3
  0
POINT
  5
1E7
330
93
100
AcDbEntity
  8
GS01-body-info
  6
Continuous
 62
     6
370
    53
100
AcDbPoint
 10
-595960.414
 20
-1158221.722
 30
0.0
  0
POINT
  5
1E8
330
93
100
AcDbEntity
  8
GS01-body-poloha
  6
Continuous
 62
     6
370
    53
100
AcDbPoint
 10
-595967.733
 20
-1158223.591
 30
0.0
  0
TEXT
  5
1E9
330
93
100
AcDbEntity
  8
GS01-body-čísla
  6
Continuous
 62
     6
370
     0
100
AcDbText
 10
-595967.731
 20
-1158223.653
 30
0.0
 40
0.06
  1
113
  7
Style-Arial Narrow IF
 11
-595967.731
 21
-1158223.593
 31
0.0
100
AcDbText
 73
     3
  0
POINT
  5
1EA
330
93
100
AcDbEntity
  8
GS01-body-info
  6
Continuous
 62
     6
370
    53
100
AcDbPoint
 10
-595967.733
 20
-1158223.591
 30
0.0
  0
POINT
  5
1EB
330
93
100
AcDbEntity
  8
GS01-body-poloha
  6
Continuous
 62
     6
370
    53
100
AcDbPoint
 10
-595959.539
 20
-1158220.839
 30
0.0
  0
TEXT
  5
1EC
330
93
100
AcDbEntity
  8
GS01-body-čísla
  6
Continuous
 62
     6
370
     0
100
AcDbText
 10
-595959.537
 20
-1158220.901
 30
0.0
 40
0.06
  1
114
  7
Style-Arial Narrow IF
 11
-595959.537
 21
-1158220.841
 31
0.0
100
AcDbText
 73
     3
  0
POINT
  5
1ED
330
93
100
AcDbEntity
  8
GS01-body-info
  6
Continuous
 62
     6
370
    53
100
AcDbPoint
 10
-595959.539
 20
-1158220.839
 30
0.0
  0
POINT
  5
1EE
330
93
100
AcDbEntity
  8
GS01-body-poloha
  6
Continuous
 62
     6
370
    53
100
AcDbPoint
 10
-595959.577
 20
-1158216.908
 30
0.0
  0
TEXT
  5
1EF
330
93
100
AcDbEntity
  8
GS01-body-čísla
  6
Continuous
 62
     6
370
     0
100
AcDbText
 10
-595959.575
 20
-1158216.97
 30
0.0
 40
0.06
  1
115
  7
Style-Arial Narrow IF
 11
-595959.575
 21
-1158216.91
 31
0.0
100
AcDbText
 73
     3
  0
POINT
  5
1F0
330
93
100
AcDbEntity
  8
GS01-body-info
  6
Continuous
 62
     6
370
    53
100
AcDbPoint
 10
-595959.577
 20
-1158216.908
 30
0.0
  0
POINT
  5
1F1
330
93
100
AcDbEntity
  8
GS01-body-poloha
  6
Continuous
 62
     6
370
    53
100
AcDbPoint
 10
-595959.72
 20
-1158211.594
 30
0.0
  0
TEXT
  5
1F2
330
93
100
AcDbEntity
  8
GS01-body-čísla
  6
Continuous
 62
     6
370
     0
100
AcDbText
 10
-595959.718
 20
-1158211.656
 30
0.0
 40
0.06
  1
116
  7
Style-Arial Narrow IF
 11
-595959.718
 21
-1158211.596
 31
0.0
100
AcDbText
 73
     3
  0
POINT
  5
1F3
330
93
100
AcDbEntity
  8
GS01-body-info
  6
Continuous
 62
     6
370
    53
100
AcDbPoint
 10
-595959.72
 20
-1158211.594
 30
0.0
  0
POINT
  5
1F4
330
93
100
AcDbEntity
  8
GS01-body-poloha
  6
Continuous
 62
     6
370
    53
100
AcDbPoint
 10
-595980.425
 20
-1158211.858
 30
0.0
  0
TEXT
  5
1F5
330
93
100
AcDbEntity
  8
GS01-body-čísla
  6
Continuous
 62
     6
370
     0
100
AcDbText
 10
-595980.423
 20
-1158211.92
 30
0.0
 40
0.06
  1
117
  7
Style-Arial Narrow IF
 11
-595980.423
 21
-1158211.86
 31
0.0
100
AcDbText
 73
     3
  0
POINT
  5
1F6
330
93
100
AcDbEntity
  8
GS01-body-info
  6
Continuous
 62
     6
370
    53
100
AcDbPoint
 10
-595980.425
 20
-1158211.858
 30
0.0
  0
POINT
  5
1F7
330
93
100
AcDbEntity
  8
GS01-body-poloha
  6
Continuous
 62
     6
370
    53
100
AcDbPoint
 10
-595984.262
 20
-1158212.17
 30
0.0
  0
TEXT
  5
1F8
330
93
100
AcDbEntity
  8
GS01-body-čísla
  6
Continuous
 62
     6
370
     0
100
AcDbText
 10
-595984.26
 20
-1158212.232
 30
0.0
 40
0.06
  1
118
  7
Style-Arial Narrow IF
 11
-595984.26
 21
-1158212.172
 31
0.0
100
AcDbText
 73
     3
  0
POINT
  5
1F9
330
93
100
AcDbEntity
  8
GS01-body-info
  6
Continuous
 62
     6
370
    53
100
AcDbPoint
 10
-595984.262
 20
-1158212.17
 30
0.0
  0
POINT
  5
1FA
330
93
100
AcDbEntity
  8
GS01-body-poloha
  6
Continuous
 62
     6
370
    53
100
AcDbPoint
 10
-595983.977
 20
-1158204.9
 30
0.0
  0
TEXT
  5
1FB
330
93
100
AcDbEntity
  8
GS01-body-čísla
  6
Continuous
 62
     6
370
     0
100
AcDbText
 10
-595983.975
 20
-1158204.962
 30
0.0
 40
0.06
  1
119
  7
Style-Arial Narrow IF
 11
-595983.975
 21
-1158204.902
 31
0.0
100
AcDbText
 73
     3
  0
POINT
  5
1FC
330
93
100
AcDbEntity
  8
GS01-body-info
  6
Continuous
 62
     6
370
    53
100
AcDbPoint
 10
-595983.977
 20
-1158204.9
 30
0.0
  0
POINT
  5
1FD
330
93
100
AcDbEntity
  8
GS01-body-poloha
  6
Continuous
 62
     6
370
    53
100
AcDbPoint
 10
-595982.466
 20
-1158204.807
 30
0.0
  0
TEXT
  5
1FE
330
93
100
AcDbEntity
  8
GS01-body-čísla
  6
Continuous
 62
     6
370
     0
100
AcDbText
 10
-595982.464
 20
-1158204.869
 30
0.0
 40
0.06
  1
120
  7
Style-Arial Narrow IF
 11
-595982.464
 21
-1158204.809
 31
0.0
100
AcDbText
 73
     3
  0
POINT
  5
1FF
330
93
100
AcDbEntity
  8
GS01-body-info
  6
Continuous
 62
     6
370
    53
100
AcDbPoint
 10
-595982.466
 20
-1158204.807
 30
0.0
  0
POINT
  5
200
330
93
100
AcDbEntity
  8
GS01-body-poloha
  6
Continuous
 62
     6
370
    53
100
AcDbPoint
 10
-595984.973
 20
-1158204.957
 30
0.0
  0
TEXT
  5
201
330
93
100
AcDbEntity
  8
GS01-body-čísla
  6
Continuous
 62
     6
370
     0
100
AcDbText
 10
-595984.971
 20
-1158205.019
 30
0.0
 40
0.06
  1
121
  7
Style-Arial Narrow IF
 11
-595984.971
 21
-1158204.959
 31
0.0
100
AcDbText
 73
     3
  0
POINT
  5
202
330
93
100
AcDbEntity
  8
GS01-body-info
  6
Continuous
 62
     6
370
    53
100
AcDbPoint
 10
-595984.973
 20
-1158204.957
 30
0.0
  0
POINT
  5
203
330
93
100
AcDbEntity
  8
GS01-body-poloha
  6
Continuous
 62
     6
370
    53
100
AcDbPoint
 10
-595980.636
 20
-1158206.202
 30
0.0
  0
TEXT
  5
204
330
93
100
AcDbEntity
  8
GS01-body-čísla
  6
Continuous
 62
     6
370
     0
100
AcDbText
 10
-595980.634
 20
-1158206.264
 30
0.0
 40
0.06
  1
122
  7
Style-Arial Narrow IF
 11
-595980.634
 21
-1158206.204
 31
0.0
100
AcDbText
 73
     3
  0
POINT
  5
205
330
93
100
AcDbEntity
  8
GS01-body-info
  6
Continuous
 62
     6
370
    53
100
AcDbPoint
 10
-595980.636
 20
-1158206.202
 30
0.0
  0
POINT
  5
206
330
93
100
AcDbEntity
  8
GS01-body-poloha
  6
Continuous
 62
     6
370
    53
100
AcDbPoint
 10
-595980.756
 20
-1158204.771
 30
0.0
  0
TEXT
  5
207
330
93
100
AcDbEntity
  8
GS01-body-čísla
  6
Continuous
 62
     6
370
     0
100
AcDbText
 10
-595980.754
 20
-1158204.833
 30
0.0
 40
0.06
  1
123
  7
Style-Arial Narrow IF
 11
-595980.754
 21
-1158204.773
 31
0.0
100
AcDbText
 73
     3
  0
POINT
  5
208
330
93
100
AcDbEntity
  8
GS01-body-info
  6
Continuous
 62
     6
370
    53
100
AcDbPoint
 10
-595980.756
 20
-1158204.771
 30
0.0
  0
POINT
  5
209
330
93
100
AcDbEntity
  8
GS01-body-poloha
  6
Continuous
 62
     6
370
    53
100
AcDbPoint
 10
-595991.824
 20
-1158205.89
 30
0.0
  0
TEXT
  5
20A
330
93
100
AcDbEntity
  8
GS01-body-čísla
  6
Continuous
 62
     6
370
     0
100
AcDbText
 10
-595991.822
 20
-1158205.952
 30
0.0
 40
0.06
  1
124
  7
Style-Arial Narrow IF
 11
-595991.822
 21
-1158205.892
 31
0.0
100
AcDbText
 73
     3
  0
POINT
  5
20B
330
93
100
AcDbEntity
  8
GS01-body-info
  6
Continuous
 62
     6
370
    53
100
AcDbPoint
 10
-595991.824
 20
-1158205.89
 30
0.0
  0
POINT
  5
20C
330
93
100
AcDbEntity
  8
GS01-body-poloha
  6
Continuous
 62
     6
370
    53
100
AcDbPoint
 10
-595996.7
 20
-1158227.809
 30
0.0
  0
TEXT
  5
20D
330
93
100
AcDbEntity
  8
GS01-body-čísla
  6
Continuous
 62
     6
370
     0
100
AcDbText
 10
-595996.698
 20
-1158227.871
 30
0.0
 40
0.06
  1
125
  7
Style-Arial Narrow IF
 11
-595996.698
 21
-1158227.811
 31
0.0
100
AcDbText
 73
     3
  0
POINT
  5
20E
330
93
100
AcDbEntity
  8
GS01-body-info
  6
Continuous
 62
     6
370
    53
100
AcDbPoint
 10
-595996.7
 20
-1158227.809
 30
0.0
  0
POINT
  5
20F
330
93
100
AcDbEntity
  8
GS01-body-poloha
  6
Continuous
 62
     6
370
    53
100
AcDbPoint
 10
-595995.955
 20
-1158234.912
 30
0.0
  0
TEXT
  5
210
330
93
100
AcDbEntity
  8
GS01-body-čísla
  6
Continuous
 62
     6
370
     0
100
AcDbText
 10
-595995.953
 20
-1158234.974
 30
0.0
 40
0.06
  1
126
  7
Style-Arial Narrow IF
 11
-595995.953
 21
-1158234.914
 31
0.0
100
AcDbText
 73
     3
  0
POINT
  5
211
330
93
100
AcDbEntity
  8
GS01-body-info
  6
Continuous
 62
     6
370
    53
100
AcDbPoint
 10
-595995.955
 20
-1158234.912
 30
0.0
  0
POINT
  5
212
330
93
100
AcDbEntity
  8
GS01-body-poloha
  6
Continuous
 62
     6
370
    53
100
AcDbPoint
 10
-595989.22
 20
-1158233.588
 30
0.0
  0
TEXT
  5
213
330
93
100
AcDbEntity
  8
GS01-body-čísla
  6
Continuous
 62
     6
370
     0
100
AcDbText
 10
-595989.218
 20
-1158233.65
 30
0.0
 40
0.06
  1
127
  7
Style-Arial Narrow IF
 11
-595989.218
 21
-1158233.59
 31
0.0
100
AcDbText
 73
     3
  0
POINT
  5
214
330
93
100
AcDbEntity
  8
GS01-body-info
  6
Continuous
 62
     6
370
    53
100
AcDbPoint
 10
-595989.22
 20
-1158233.588
 30
0.0
  0
POINT
  5
215
330
93
100
AcDbEntity
  8
GS01-body-poloha
  6
Continuous
 62
     6
370
    53
100
AcDbPoint
 10
-595983.697
 20
-1158207.871
 30
0.0
  0
TEXT
  5
216
330
93
100
AcDbEntity
  8
GS01-body-čísla
  6
Continuous
 62
     6
370
     0
100
AcDbText
 10
-595983.695
 20
-1158207.933
 30
0.0
 40
0.06
  1
128
  7
Style-Arial Narrow IF
 11
-595983.695
 21
-1158207.873
 31
0.0
100
AcDbText
 73
     3
  0
POINT
  5
217
330
93
100
AcDbEntity
  8
GS01-body-info
  6
Continuous
 62
     6
370
    53
100
AcDbPoint
 10
-595983.697
 20
-1158207.871
 30
0.0
  0
POINT
  5
218
330
93
100
AcDbEntity
  8
GS01-body-poloha
  6
Continuous
 62
     6
370
    53
100
AcDbPoint
 10
-595977.22
 20
-1158222.769
 30
0.0
  0
TEXT
  5
219
330
93
100
AcDbEntity
  8
GS01-body-čísla
  6
Continuous
 62
     6
370
     0
100
AcDbText
 10
-595977.218
 20
-1158222.831
 30
0.0
 40
0.06
  1
129
  7
Style-Arial Narrow IF
 11
-595977.218
 21
-1158222.771
 31
0.0
100
AcDbText
 73
     3
  0
POINT
  5
21A
330
93
100
AcDbEntity
  8
GS01-body-info
  6
Continuous
 62
     6
370
    53
100
AcDbPoint
 10
-595977.22
 20
-1158222.769
 30
0.0
  0
POINT
  5
21B
330
93
100
AcDbEntity
  8
GS01-body-poloha
  6
Continuous
 62
     6
370
    53
100
AcDbPoint
 10
-595984.704
 20
-1158207.91
 30
0.0
  0
TEXT
  5
21C
330
93
100
AcDbEntity
  8
GS01-body-čísla
  6
Continuous
 62
     6
370
     0
100
AcDbText
 10
-595984.702
 20
-1158207.972
 30
0.0
 40
0.06
  1
130
  7
Style-Arial Narrow IF
 11
-595984.702
 21
-1158207.912
 31
0.0
100
AcDbText
 73
     3
  0
POINT
  5
21D
330
93
100
AcDbEntity
  8
GS01-body-info
  6
Continuous
 62
     6
370
    53
100
AcDbPoint
 10
-595984.704
 20
-1158207.91
 30
0.0
  0
POINT
  5
21E
330
93
100
AcDbEntity
  8
GS01-body-poloha
  6
Continuous
 62
     6
370
    53
100
AcDbPoint
 10
-595978.671
 20
-1158221.345
 30
0.0
  0
TEXT
  5
21F
330
93
100
AcDbEntity
  8
GS01-body-čísla
  6
Continuous
 62
     6
370
     0
100
AcDbText
 10
-595978.669
 20
-1158221.407
 30
0.0
 40
0.06
  1
55
  7
Style-Arial Narrow IF
 11
-595978.669
 21
-1158221.347
 31
0.0
100
AcDbText
 73
     3
  0
POINT
  5
220
330
93
100
AcDbEntity
  8
GS01-body-info
  6
Continuous
 62
     6
370
    53
100
AcDbPoint
 10
-595978.671
 20
-1158221.345
 30
0.0
  0
POINT
  5
221
330
93
100
AcDbEntity
  8
GS01-body-poloha
  6
Continuous
 62
     6
370
    53
100
AcDbPoint
 10
-595976.594
 20
-1158226.994
 30
0.0
  0
TEXT
  5
222
330
93
100
AcDbEntity
  8
GS01-body-čísla
  6
Continuous
 62
     6
370
     0
100
AcDbText
 10
-595976.592
 20
-1158227.056
 30
0.0
 40
0.06
  1
56
  7
Style-Arial Narrow IF
 11
-595976.592
 21
-1158226.996
 31
0.0
100
AcDbText
 73
     3
  0
POINT
  5
223
330
93
100
AcDbEntity
  8
GS01-body-info
  6
Continuous
 62
     6
370
    53
100
AcDbPoint
 10
-595976.594
 20
-1158226.994
 30
0.0
  0
POINT
  5
224
330
93
100
AcDbEntity
  8
GS01-body-poloha
  6
Continuous
 62
     6
370
    53
100
AcDbPoint
 10
-595976.6
 20
-1158228.564
 30
0.0
  0
TEXT
  5
225
330
93
100
AcDbEntity
  8
GS01-body-čísla
  6
Continuous
 62
     6
370
     0
100
AcDbText
 10
-595976.598
 20
-1158228.626
 30
0.0
 40
0.06
  1
57
  7
Style-Arial Narrow IF
 11
-595976.598
 21
-1158228.566
 31
0.0
100
AcDbText
 73
     3
  0
POINT
  5
226
330
93
100
AcDbEntity
  8
GS01-body-info
  6
Continuous
 62
     6
370
    53
100
AcDbPoint
 10
-595976.6
 20
-1158228.564
 30
0.0
  0
POINT
  5
227
330
93
100
AcDbEntity
  8
GS01-body-poloha
  6
Continuous
 62
     6
370
    53
100
AcDbPoint
 10
-595975.67
 20
-1158230.445
 30
0.0
  0
TEXT
  5
228
330
93
100
AcDbEntity
  8
GS01-body-čísla
  6
Continuous
 62
     6
370
     0
100
AcDbText
 10
-595975.668
 20
-1158230.507
 30
0.0
 40
0.06
  1
58
  7
Style-Arial Narrow IF
 11
-595975.668
 21
-1158230.447
 31
0.0
100
AcDbText
 73
     3
  0
POINT
  5
229
330
93
100
AcDbEntity
  8
GS01-body-info
  6
Continuous
 62
     6
370
    53
100
AcDbPoint
 10
-595975.67
 20
-1158230.445
 30
0.0
  0
POINT
  5
22A
330
93
100
AcDbEntity
  8
GS01-body-poloha
  6
Continuous
 62
     6
370
    53
100
AcDbPoint
 10
-595976.573
 20
-1158231.34
 30
0.0
  0
TEXT
  5
22B
330
93
100
AcDbEntity
  8
GS01-body-čísla
  6
Continuous
 62
     6
370
     0
100
AcDbText
 10
-595976.571
 20
-1158231.402
 30
0.0
 40
0.06
  1
59
  7
Style-Arial Narrow IF
 11
-595976.571
 21
-1158231.342
 31
0.0
100
AcDbText
 73
     3
  0
POINT
  5
22C
330
93
100
AcDbEntity
  8
GS01-body-info
  6
Continuous
 62
     6
370
    53
100
AcDbPoint
 10
-595976.573
 20
-1158231.34
 30
0.0
  0
POINT
  5
22D
330
93
100
AcDbEntity
  8
GS01-body-poloha
  6
Continuous
 62
     6
370
    53
100
AcDbPoint
 10
-595977.931
 20
-1158233.388
 30
0.0
  0
TEXT
  5
22E
330
93
100
AcDbEntity
  8
GS01-body-čísla
  6
Continuous
 62
     6
370
     0
100
AcDbText
 10
-595977.929
 20
-1158233.45
 30
0.0
 40
0.06
  1
60
  7
Style-Arial Narrow IF
 11
-595977.929
 21
-1158233.39
 31
0.0
100
AcDbText
 73
     3
  0
POINT
  5
22F
330
93
100
AcDbEntity
  8
GS01-body-info
  6
Continuous
 62
     6
370
    53
100
AcDbPoint
 10
-595977.931
 20
-1158233.388
 30
0.0
  0
POINT
  5
230
330
93
100
AcDbEntity
  8
GS01-body-poloha
  6
Continuous
 62
     6
370
    53
100
AcDbPoint
 10
-595973.346
 20
-1158231.153
 30
0.0
  0
TEXT
  5
231
330
93
100
AcDbEntity
  8
GS01-body-čísla
  6
Continuous
 62
     6
370
     0
100
AcDbText
 10
-595973.344
 20
-1158231.215
 30
0.0
 40
0.06
  1
61
  7
Style-Arial Narrow IF
 11
-595973.344
 21
-1158231.155
 31
0.0
100
AcDbText
 73
     3
  0
POINT
  5
232
330
93
100
AcDbEntity
  8
GS01-body-info
  6
Continuous
 62
     6
370
    53
100
AcDbPoint
 10
-595973.346
 20
-1158231.153
 30
0.0
  0
POINT
  5
233
330
93
100
AcDbEntity
  8
GS01-body-poloha
  6
Continuous
 62
     6
370
    53
100
AcDbPoint
 10
-595973.179
 20
-1158231.68
 30
0.0
  0
TEXT
  5
234
330
93
100
AcDbEntity
  8
GS01-body-čísla
  6
Continuous
 62
     6
370
     0
100
AcDbText
 10
-595973.177
 20
-1158231.742
 30
0.0
 40
0.06
  1
62
  7
Style-Arial Narrow IF
 11
-595973.177
 21
-1158231.682
 31
0.0
100
AcDbText
 73
     3
  0
POINT
  5
235
330
93
100
AcDbEntity
  8
GS01-body-info
  6
Continuous
 62
     6
370
    53
100
AcDbPoint
 10
-595973.179
 20
-1158231.68
 30
0.0
  0
POINT
  5
236
330
93
100
AcDbEntity
  8
GS01-body-poloha
  6
Continuous
 62
     6
370
    53
100
AcDbPoint
 10
-595974.376
 20
-1158227.28
 30
0.0
  0
TEXT
  5
237
330
93
100
AcDbEntity
  8
GS01-body-čísla
  6
Continuous
 62
     6
370
     0
100
AcDbText
 10
-595974.374
 20
-1158227.342
 30
0.0
 40
0.06
  1
63
  7
Style-Arial Narrow IF
 11
-595974.374
 21
-1158227.282
 31
0.0
100
AcDbText
 73
     3
  0
POINT
  5
238
330
93
100
AcDbEntity
  8
GS01-body-info
  6
Continuous
 62
     6
370
    53
100
AcDbPoint
 10
-595974.376
 20
-1158227.28
 30
0.0
  0
POINT
  5
239
330
93
100
AcDbEntity
  8
GS01-body-poloha
  6
Continuous
 62
     6
370
    53
100
AcDbPoint
 10
-595975.81
 20
-1158224.609
 30
0.0
  0
TEXT
  5
23A
330
93
100
AcDbEntity
  8
GS01-body-čísla
  6
Continuous
 62
     6
370
     0
100
AcDbText
 10
-595975.808
 20
-1158224.671
 30
0.0
 40
0.06
  1
64
  7
Style-Arial Narrow IF
 11
-595975.808
 21
-1158224.611
 31
0.0
100
AcDbText
 73
     3
  0
POINT
  5
23B
330
93
100
AcDbEntity
  8
GS01-body-info
  6
Continuous
 62
     6
370
    53
100
AcDbPoint
 10
-595975.81
 20
-1158224.609
 30
0.0
  0
POINT
  5
23C
330
93
100
AcDbEntity
  8
GS01-body-poloha
  6
Continuous
 62
     6
370
    53
100
AcDbPoint
 10
-595978.437
 20
-1158234.121
 30
0.0
  0
TEXT
  5
23D
330
93
100
AcDbEntity
  8
GS01-body-čísla
  6
Continuous
 62
     6
370
     0
100
AcDbText
 10
-595978.435
 20
-1158234.183
 30
0.0
 40
0.06
  1
65
  7
Style-Arial Narrow IF
 11
-595978.435
 21
-1158234.123
 31
0.0
100
AcDbText
 73
     3
  0
POINT
  5
23E
330
93
100
AcDbEntity
  8
GS01-body-info
  6
Continuous
 62
     6
370
    53
100
AcDbPoint
 10
-595978.437
 20
-1158234.121
 30
0.0
  0
POINT
  5
23F
330
93
100
AcDbEntity
  8
GS01-body-poloha
  6
Continuous
 62
     6
370
    53
100
AcDbPoint
 10
-595977.509
 20
-1158237.826
 30
0.0
  0
TEXT
  5
240
330
93
100
AcDbEntity
  8
GS01-body-čísla
  6
Continuous
 62
     6
370
     0
100
AcDbText
 10
-595977.507
 20
-1158237.888
 30
0.0
 40
0.06
  1
66
  7
Style-Arial Narrow IF
 11
-595977.507
 21
-1158237.828
 31
0.0
100
AcDbText
 73
     3
  0
POINT
  5
241
330
93
100
AcDbEntity
  8
GS01-body-info
  6
Continuous
 62
     6
370
    53
100
AcDbPoint
 10
-595977.509
 20
-1158237.826
 30
0.0
  0
POINT
  5
242
330
93
100
AcDbEntity
  8
GS01-body-poloha
  6
Continuous
 62
     6
370
    53
100
AcDbPoint
 10
-595976.451
 20
-1158237.572
 30
0.0
  0
TEXT
  5
243
330
93
100
AcDbEntity
  8
GS01-body-čísla
  6
Continuous
 62
     6
370
     0
100
AcDbText
 10
-595976.449
 20
-1158237.634
 30
0.0
 40
0.06
  1
67
  7
Style-Arial Narrow IF
 11
-595976.449
 21
-1158237.574
 31
0.0
100
AcDbText
 73
     3
  0
POINT
  5
244
330
93
100
AcDbEntity
  8
GS01-body-info
  6
Continuous
 62
     6
370
    53
100
AcDbPoint
 10
-595976.451
 20
-1158237.572
 30
0.0
  0
POINT
  5
245
330
93
100
AcDbEntity
  8
GS01-body-poloha
  6
Continuous
 62
     6
370
    53
100
AcDbPoint
 10
-595976.24
 20
-1158238.224
 30
0.0
  0
TEXT
  5
246
330
93
100
AcDbEntity
  8
GS01-body-čísla
  6
Continuous
 62
     6
370
     0
100
AcDbText
 10
-595976.238
 20
-1158238.286
 30
0.0
 40
0.06
  1
68
  7
Style-Arial Narrow IF
 11
-595976.238
 21
-1158238.226
 31
0.0
100
AcDbText
 73
     3
  0
POINT
  5
247
330
93
100
AcDbEntity
  8
GS01-body-info
  6
Continuous
 62
     6
370
    53
100
AcDbPoint
 10
-595976.24
 20
-1158238.224
 30
0.0
  0
POINT
  5
248
330
93
100
AcDbEntity
  8
GS01-body-poloha
  6
Continuous
 62
     6
370
    53
100
AcDbPoint
 10
-595973.367
 20
-1158236.164
 30
0.0
  0
TEXT
  5
249
330
93
100
AcDbEntity
  8
GS01-body-čísla
  6
Continuous
 62
     6
370
     0
100
AcDbText
 10
-595973.365
 20
-1158236.226
 30
0.0
 40
0.06
  1
69
  7
Style-Arial Narrow IF
 11
-595973.365
 21
-1158236.166
 31
0.0
100
AcDbText
 73
     3
  0
POINT
  5
24A
330
93
100
AcDbEntity
  8
GS01-body-info
  6
Continuous
 62
     6
370
    53
100
AcDbPoint
 10
-595973.367
 20
-1158236.164
 30
0.0
  0
POINT
  5
24B
330
93
100
AcDbEntity
  8
GS01-body-poloha
  6
Continuous
 62
     6
370
    53
100
AcDbPoint
 10
-595973.538
 20
-1158237.23
 30
0.0
  0
TEXT
  5
24C
330
93
100
AcDbEntity
  8
GS01-body-čísla
  6
Continuous
 62
     6
370
     0
100
AcDbText
 10
-595973.536
 20
-1158237.292
 30
0.0
 40
0.06
  1
70
  7
Style-Arial Narrow IF
 11
-595973.536
 21
-1158237.232
 31
0.0
100
AcDbText
 73
     3
  0
POINT
  5
24D
330
93
100
AcDbEntity
  8
GS01-body-info
  6
Continuous
 62
     6
370
    53
100
AcDbPoint
 10
-595973.538
 20
-1158237.23
 30
0.0
  0
POINT
  5
24E
330
93
100
AcDbEntity
  8
GS01-body-poloha
  6
Continuous
 62
     6
370
    53
100
AcDbPoint
 10
-595972.984
 20
-1158237.092
 30
0.0
  0
TEXT
  5
24F
330
93
100
AcDbEntity
  8
GS01-body-čísla
  6
Continuous
 62
     6
370
     0
100
AcDbText
 10
-595972.982
 20
-1158237.154
 30
0.0
 40
0.06
  1
71
  7
Style-Arial Narrow IF
 11
-595972.982
 21
-1158237.094
 31
0.0
100
AcDbText
 73
     3
  0
POINT
  5
250
330
93
100
AcDbEntity
  8
GS01-body-info
  6
Continuous
 62
     6
370
    53
100
AcDbPoint
 10
-595972.984
 20
-1158237.092
 30
0.0
  0
POINT
  5
251
330
93
100
AcDbEntity
  8
GS01-body-poloha
  6
Continuous
 62
     6
370
    53
100
AcDbPoint
 10
-595971.785
 20
-1158237.104
 30
0.0
  0
TEXT
  5
252
330
93
100
AcDbEntity
  8
GS01-body-čísla
  6
Continuous
 62
     6
370
     0
100
AcDbText
 10
-595971.783
 20
-1158237.166
 30
0.0
 40
0.06
  1
72
  7
Style-Arial Narrow IF
 11
-595971.783
 21
-1158237.106
 31
0.0
100
AcDbText
 73
     3
  0
POINT
  5
253
330
93
100
AcDbEntity
  8
GS01-body-info
  6
Continuous
 62
     6
370
    53
100
AcDbPoint
 10
-595971.785
 20
-1158237.104
 30
0.0
  0
POINT
  5
254
330
93
100
AcDbEntity
  8
GS01-body-poloha
  6
Continuous
 62
     6
370
    53
100
AcDbPoint
 10
-595971.67
 20
-1158237.534
 30
0.0
  0
TEXT
  5
255
330
93
100
AcDbEntity
  8
GS01-body-čísla
  6
Continuous
 62
     6
370
     0
100
AcDbText
 10
-595971.668
 20
-1158237.596
 30
0.0
 40
0.06
  1
73
  7
Style-Arial Narrow IF
 11
-595971.668
 21
-1158237.536
 31
0.0
100
AcDbText
 73
     3
  0
POINT
  5
256
330
93
100
AcDbEntity
  8
GS01-body-info
  6
Continuous
 62
     6
370
    53
100
AcDbPoint
 10
-595971.67
 20
-1158237.534
 30
0.0
  0
POINT
  5
257
330
93
100
AcDbEntity
  8
GS01-body-poloha
  6
Continuous
 62
     6
370
    53
100
AcDbPoint
 10
-595971.118
 20
-1158239.711
 30
0.0
  0
TEXT
  5
258
330
93
100
AcDbEntity
  8
GS01-body-čísla
  6
Continuous
 62
     6
370
     0
100
AcDbText
 10
-595971.116
 20
-1158239.773
 30
0.0
 40
0.06
  1
74
  7
Style-Arial Narrow IF
 11
-595971.116
 21
-1158239.713
 31
0.0
100
AcDbText
 73
     3
  0
POINT
  5
259
330
93
100
AcDbEntity
  8
GS01-body-info
  6
Continuous
 62
     6
370
    53
100
AcDbPoint
 10
-595971.118
 20
-1158239.711
 30
0.0
  0
POINT
  5
25A
330
93
100
AcDbEntity
  8
GS01-body-poloha
  6
Continuous
 62
     6
370
    53
100
AcDbPoint
 10
-595965.214
 20
-1158238.981
 30
0.0
  0
TEXT
  5
25B
330
93
100
AcDbEntity
  8
GS01-body-čísla
  6
Continuous
 62
     6
370
     0
100
AcDbText
 10
-595965.212
 20
-1158239.043
 30
0.0
 40
0.06
  1
75
  7
Style-Arial Narrow IF
 11
-595965.212
 21
-1158238.983
 31
0.0
100
AcDbText
 73
     3
  0
POINT
  5
25C
330
93
100
AcDbEntity
  8
GS01-body-info
  6
Continuous
 62
     6
370
    53
100
AcDbPoint
 10
-595965.214
 20
-1158238.981
 30
0.0
  0
POINT
  5
25D
330
93
100
AcDbEntity
  8
GS01-body-poloha
  6
Continuous
 62
     6
370
    53
100
AcDbPoint
 10
-595965.64
 20
-1158237.259
 30
0.0
  0
TEXT
  5
25E
330
93
100
AcDbEntity
  8
GS01-body-čísla
  6
Continuous
 62
     6
370
     0
100
AcDbText
 10
-595965.638
 20
-1158237.321
 30
0.0
 40
0.06
  1
76
  7
Style-Arial Narrow IF
 11
-595965.638
 21
-1158237.261
 31
0.0
100
AcDbText
 73
     3
  0
POINT
  5
25F
330
93
100
AcDbEntity
  8
GS01-body-info
  6
Continuous
 62
     6
370
    53
100
AcDbPoint
 10
-595965.64
 20
-1158237.259
 30
0.0
  0
POINT
  5
260
330
93
100
AcDbEntity
  8
GS01-body-poloha
  6
Continuous
 62
     6
370
    53
100
AcDbPoint
 10
-595965.889
 20
-1158236.282
 30
0.0
  0
TEXT
  5
261
330
93
100
AcDbEntity
  8
GS01-body-čísla
  6
Continuous
 62
     6
370
     0
100
AcDbText
 10
-595965.887
 20
-1158236.344
 30
0.0
 40
0.06
  1
77
  7
Style-Arial Narrow IF
 11
-595965.887
 21
-1158236.284
 31
0.0
100
AcDbText
 73
     3
  0
POINT
  5
262
330
93
100
AcDbEntity
  8
GS01-body-info
  6
Continuous
 62
     6
370
    53
100
AcDbPoint
 10
-595965.889
 20
-1158236.282
 30
0.0
  0
POINT
  5
263
330
93
100
AcDbEntity
  8
GS01-body-poloha
  6
Continuous
 62
     6
370
    53
100
AcDbPoint
 10
-595964.1
 20
-1158235.114
 30
0.0
  0
TEXT
  5
264
330
93
100
AcDbEntity
  8
GS01-body-čísla
  6
Continuous
 62
     6
370
     0
100
AcDbText
 10
-595964.098
 20
-1158235.176
 30
0.0
 40
0.06
  1
78
  7
Style-Arial Narrow IF
 11
-595964.098
 21
-1158235.116
 31
0.0
100
AcDbText
 73
     3
  0
POINT
  5
265
330
93
100
AcDbEntity
  8
GS01-body-info
  6
Continuous
 62
     6
370
    53
100
AcDbPoint
 10
-595964.1
 20
-1158235.114
 30
0.0
  0
POINT
  5
266
330
93
100
AcDbEntity
  8
GS01-body-poloha
  6
Continuous
 62
     6
370
    53
100
AcDbPoint
 10
-595964.575
 20
-1158235.934
 30
0.0
  0
TEXT
  5
267
330
93
100
AcDbEntity
  8
GS01-body-čísla
  6
Continuous
 62
     6
370
     0
100
AcDbText
 10
-595964.573
 20
-1158235.996
 30
0.0
 40
0.06
  1
79
  7
Style-Arial Narrow IF
 11
-595964.573
 21
-1158235.936
 31
0.0
100
AcDbText
 73
     3
  0
POINT
  5
268
330
93
100
AcDbEntity
  8
GS01-body-info
  6
Continuous
 62
     6
370
    53
100
AcDbPoint
 10
-595964.575
 20
-1158235.934
 30
0.0
  0
POINT
  5
269
330
93
100
AcDbEntity
  8
GS01-body-poloha
  6
Continuous
 62
     6
370
    53
100
AcDbPoint
 10
-595968.802
 20
-1158224.545
 30
0.0
  0
TEXT
  5
26A
330
93
100
AcDbEntity
  8
GS01-body-čísla
  6
Continuous
 62
     6
370
     0
100
AcDbText
 10
-595968.8
 20
-1158224.607
 30
0.0
 40
0.06
  1
80
  7
Style-Arial Narrow IF
 11
-595968.8
 21
-1158224.547
 31
0.0
100
AcDbText
 73
     3
  0
POINT
  5
26B
330
93
100
AcDbEntity
  8
GS01-body-info
  6
Continuous
 62
     6
370
    53
100
AcDbPoint
 10
-595968.802
 20
-1158224.545
 30
0.0
  0
POINT
  5
26C
330
93
100
AcDbEntity
  8
GS01-body-poloha
  6
Continuous
 62
     6
370
    53
100
AcDbPoint
 10
-595968.837
 20
-1158223.246
 30
0.0
  0
TEXT
  5
26D
330
93
100
AcDbEntity
  8
GS01-body-čísla
  6
Continuous
 62
     6
370
     0
100
AcDbText
 10
-595968.835
 20
-1158223.308
 30
0.0
 40
0.06
  1
81
  7
Style-Arial Narrow IF
 11
-595968.835
 21
-1158223.248
 31
0.0
100
AcDbText
 73
     3
  0
POINT
  5
26E
330
93
100
AcDbEntity
  8
GS01-body-info
  6
Continuous
 62
     6
370
    53
100
AcDbPoint
 10
-595968.837
 20
-1158223.246
 30
0.0
  0
POINT
  5
26F
330
93
100
AcDbEntity
  8
GS01-body-poloha
  6
Continuous
 62
     6
370
    53
100
AcDbPoint
 10
-595966.374
 20
-1158221.373
 30
0.0
  0
TEXT
  5
270
330
93
100
AcDbEntity
  8
GS01-body-čísla
  6
Continuous
 62
     6
370
     0
100
AcDbText
 10
-595966.372
 20
-1158221.435
 30
0.0
 40
0.06
  1
82
  7
Style-Arial Narrow IF
 11
-595966.372
 21
-1158221.375
 31
0.0
100
AcDbText
 73
     3
  0
POINT
  5
271
330
93
100
AcDbEntity
  8
GS01-body-info
  6
Continuous
 62
     6
370
    53
100
AcDbPoint
 10
-595966.374
 20
-1158221.373
 30
0.0
  0
POINT
  5
272
330
93
100
AcDbEntity
  8
GS01-body-poloha
  6
Continuous
 62
     6
370
    53
100
AcDbPoint
 10
-595964.589
 20
-1158217.292
 30
0.0
  0
TEXT
  5
273
330
93
100
AcDbEntity
  8
GS01-body-čísla
  6
Continuous
 62
     6
370
     0
100
AcDbText
 10
-595964.587
 20
-1158217.354
 30
0.0
 40
0.06
  1
83
  7
Style-Arial Narrow IF
 11
-595964.587
 21
-1158217.294
 31
0.0
100
AcDbText
 73
     3
  0
POINT
  5
274
330
93
100
AcDbEntity
  8
GS01-body-info
  6
Continuous
 62
     6
370
    53
100
AcDbPoint
 10
-595964.589
 20
-1158217.292
 30
0.0
  0
POINT
  5
275
330
93
100
AcDbEntity
  8
GS01-body-poloha
  6
Continuous
 62
     6
370
    53
100
AcDbPoint
 10
-595971.36
 20
-1158217.832
 30
0.0
  0
TEXT
  5
276
330
93
100
AcDbEntity
  8
GS01-body-čísla
  6
Continuous
 62
     6
370
     0
100
AcDbText
 10
-595971.358
 20
-1158217.894
 30
0.0
 40
0.06
  1
84
  7
Style-Arial Narrow IF
 11
-595971.358
 21
-1158217.834
 31
0.0
100
AcDbText
 73
     3
  0
POINT
  5
277
330
93
100
AcDbEntity
  8
GS01-body-info
  6
Continuous
 62
     6
370
    53
100
AcDbPoint
 10
-595971.36
 20
-1158217.832
 30
0.0
  0
POINT
  5
278
330
93
100
AcDbEntity
  8
GS01-body-poloha
  6
Continuous
 62
     6
370
    53
100
AcDbPoint
 10
-595966.916
 20
-1158224.071
 30
0.0
  0
TEXT
  5
279
330
93
100
AcDbEntity
  8
GS01-body-čísla
  6
Continuous
 62
     6
370
     0
100
AcDbText
 10
-595966.914
 20
-1158224.133
 30
0.0
 40
0.06
  1
85
  7
Style-Arial Narrow IF
 11
-595966.914
 21
-1158224.073
 31
0.0
100
AcDbText
 73
     3
  0
POINT
  5
27A
330
93
100
AcDbEntity
  8
GS01-body-info
  6
Continuous
 62
     6
370
    53
100
AcDbPoint
 10
-595966.916
 20
-1158224.071
 30
0.0
  0
POINT
  5
27B
330
93
100
AcDbEntity
  8
GS01-body-poloha
  6
Continuous
 62
     6
370
    53
100
AcDbPoint
 10
-595970.249
 20
-1158212.421
 30
0.0
  0
TEXT
  5
27C
330
93
100
AcDbEntity
  8
GS01-body-čísla
  6
Continuous
 62
     6
370
     0
100
AcDbText
 10
-595970.247
 20
-1158212.483
 30
0.0
 40
0.06
  1
86
  7
Style-Arial Narrow IF
 11
-595970.247
 21
-1158212.423
 31
0.0
100
AcDbText
 73
     3
  0
POINT
  5
27D
330
93
100
AcDbEntity
  8
GS01-body-info
  6
Continuous
 62
     6
370
    53
100
AcDbPoint
 10
-595970.249
 20
-1158212.421
 30
0.0
  0
POINT
  5
27E
330
93
100
AcDbEntity
  8
GS01-body-poloha
  6
Continuous
 62
     6
370
    53
100
AcDbPoint
 10
-595971.791
 20
-1158237.103
 30
0.0
  0
TEXT
  5
27F
330
93
100
AcDbEntity
  8
GS01-body-čísla
  6
Continuous
 62
     6
370
     0
100
AcDbText
 10
-595971.789
 20
-1158237.165
 30
0.0
 40
0.06
  1
87
  7
Style-Arial Narrow IF
 11
-595971.789
 21
-1158237.105
 31
0.0
100
AcDbText
 73
     3
  0
POINT
  5
280
330
93
100
AcDbEntity
  8
GS01-body-info
  6
Continuous
 62
     6
370
    53
100
AcDbPoint
 10
-595971.791
 20
-1158237.103
 30
0.0
  0
INSERT
  5
281
330
93
100
AcDbEntity
  8
GS09-výškopis-body podrobné-buňky
  6
Continuous
 62
    32
370
     0
100
AcDbBlockReference
  2
9.12
 10
-595975.72
 20
-1158246.973
 30
0.0
 41
0.2
 42
0.2
 43
0.2
  0
TEXT
  5
287
330
93
100
AcDbEntity
  8
GS09-výškopis-body podrobné-výšky
  6
Continuous
 62
    32
370
     0
100
AcDbText
 10
-595975.825123
 20
-1158246.973
 30
0.0
 40
0.12
  1
258.27
 41
0.5
  7
Style-Arial Narrow
 72
     1
 11
-595975.72
 21
-1158246.973
 31
0.0
100
AcDbText
  0
INSERT
  5
28A
330
93
100
AcDbEntity
  8
GS09-výškopis-body podrobné-buňky
  6
Continuous
 62
    32
370
     0
100
AcDbBlockReference
  2
9.12_1
 10
-595975.43
 20
-1158246.915
 30
0.0
 41
0.2
 42
0.2
 43
0.2
  0
TEXT
  5
28F
330
93
100
AcDbEntity
  8
GS09-výškopis-body podrobné-výšky
  6
Continuous
 62
    32
370
     0
100
AcDbText
 10
-595975.535123
 20
-1158246.915
 30
0.0
 40
0.12
  1
258.76
 41
0.5
  7
Style-Arial Narrow
 72
     1
 11
-595975.43
 21
-1158246.915
 31
0.0
100
AcDbText
  0
INSERT
  5
290
330
93
100
AcDbEntity
  8
GS09-výškopis-body podrobné-buňky
  6
Continuous
 62
    32
370
     0
100
AcDbBlockReference
  2
9.12_2
 10
-595975.148
 20
-1158246.939
 30
0.0
 41
0.2
 42
0.2
 43
0.2
  0
TEXT
  5
295
330
93
100
AcDbEntity
  8
GS09-výškopis-body podrobné-výšky
  6
Continuous
 62
    32
370
     0
100
AcDbText
 10
-595975.253123
 20
-1158246.939
 30
0.0
 40
0.12
  1
258.52
 41
0.5
  7
Style-Arial Narrow
 72
     1
 11
-595975.148
 21
-1158246.939
 31
0.0
100
AcDbText
  0
INSERT
  5
296
330
93
100
AcDbEntity
  8
GS09-výškopis-body podrobné-buňky
  6
Continuous
 62
    32
370
     0
100
AcDbBlockReference
  2
9.12_3
 10
-595977.833
 20
-1158247.492
 30
0.0
 41
0.2
 42
0.2
 43
0.2
  0
TEXT
  5
29B
330
93
100
AcDbEntity
  8
GS09-výškopis-body podrobné-výšky
  6
Continuous
 62
    32
370
     0
100
AcDbText
 10
-595977.938123
 20
-1158247.492
 30
0.0
 40
0.12
  1
258.23
 41
0.5
  7
Style-Arial Narrow
 72
     1
 11
-595977.833
 21
-1158247.492
 31
0.0
100
AcDbText
  0
INSERT
  5
29C
330
93
100
AcDbEntity
  8
GS09-výškopis-body podrobné-buňky
  6
Continuous
 62
    32
370
     0
100
AcDbBlockReference
  2
9.12_4
 10
-595979.315
 20
-1158247.727
 30
0.0
 41
0.2
 42
0.2
 43
0.2
  0
TEXT
  5
2A1
330
93
100
AcDbEntity
  8
GS09-výškopis-body podrobné-výšky
  6
Continuous
 62
    32
370
     0
100
AcDbText
 10
-595979.420123
 20
-1158247.727
 30
0.0
 40
0.12
  1
258.28
 41
0.5
  7
Style-Arial Narrow
 72
     1
 11
-595979.315
 21
-1158247.727
 31
0.0
100
AcDbText
  0
INSERT
  5
2A2
330
93
100
AcDbEntity
  8
GS09-výškopis-body podrobné-buňky
  6
Continuous
 62
    32
370
     0
100
AcDbBlockReference
  2
9.12_5
 10
-595980.506
 20
-1158247.982
 30
0.0
 41
0.2
 42
0.2
 43
0.2
  0
TEXT
  5
2A7
330
93
100
AcDbEntity
  8
GS09-výškopis-body podrobné-výšky
  6
Continuous
 62
    32
370
     0
100
AcDbText
 10
-595980.611123
 20
-1158247.982
 30
0.0
 40
0.12
  1
258.24
 41
0.5
  7
Style-Arial Narrow
 72
     1
 11
-595980.506
 21
-1158247.982
 31
0.0
100
AcDbText
  0
INSERT
  5
2A8
330
93
100
AcDbEntity
  8
GS09-výškopis-body podrobné-buňky
  6
Continuous
 62
    32
370
     0
100
AcDbBlockReference
  2
9.12_6
 10
-595987.667
 20
-1158247.603
 30
0.0
 41
0.2
 42
0.2
 43
0.2
  0
TEXT
  5
2AD
330
93
100
AcDbEntity
  8
GS09-výškopis-body podrobné-výšky
  6
Continuous
 62
    32
370
     0
100
AcDbText
 10
-595987.772123
 20
-1158247.603
 30
0.0
 40
0.12
  1
258.43
 41
0.5
  7
Style-Arial Narrow
 72
     1
 11
-595987.667
 21
-1158247.603
 31
0.0
100
AcDbText
  0
INSERT
  5
2AE
330
93
100
AcDbEntity
  8
GS09-výškopis-body podrobné-buňky
  6
Continuous
 62
    32
370
     0
100
AcDbBlockReference
  2
9.12_7
 10
-595977.83
 20
-1158238.63
 30
0.0
 41
0.2
 42
0.2
 43
0.2
  0
TEXT
  5
2B3
330
93
100
AcDbEntity
  8
GS09-výškopis-body podrobné-výšky
  6
Continuous
 62
    32
370
     0
100
AcDbText
 10
-595977.935123
 20
-1158238.63
 30
0.0
 40
0.12
  1
258.33
 41
0.5
  7
Style-Arial Narrow
 72
     1
 11
-595977.83
 21
-1158238.63
 31
0.0
100
AcDbText
  0
INSERT
  5
2B4
330
93
100
AcDbEntity
  8
GS09-výškopis-body podrobné-buňky
  6
Continuous
 62
    32
370
     0
100
AcDbBlockReference
  2
9.12_8
 10
-595977.565
 20
-1158238.565
 30
0.0
 41
0.2
 42
0.2
 43
0.2
  0
TEXT
  5
2B9
330
93
100
AcDbEntity
  8
GS09-výškopis-body podrobné-výšky
  6
Continuous
 62
    32
370
     0
100
AcDbText
 10
-595977.670123
 20
-1158238.565
 30
0.0
 40
0.12
  1
258.79
 41
0.5
  7
Style-Arial Narrow
 72
     1
 11
-595977.565
 21
-1158238.565
 31
0.0
100
AcDbText
  0
INSERT
  5
2BA
330
93
100
AcDbEntity
  8
GS09-výškopis-body podrobné-buňky
  6
Continuous
 62
    32
370
     0
100
AcDbBlockReference
  2
9.12_9
 10
-595977.281
 20
-1158238.577
 30
0.0
 41
0.2
 42
0.2
 43
0.2
  0
TEXT
  5
2BF
330
93
100
AcDbEntity
  8
GS09-výškopis-body podrobné-výšky
  6
Continuous
 62
    32
370
     0
100
AcDbText
 10
-595977.386123
 20
-1158238.577
 30
0.0
 40
0.12
  1
258.55
 41
0.5
  7
Style-Arial Narrow
 72
     1
 11
-595977.281
 21
-1158238.577
 31
0.0
100
AcDbText
  0
INSERT
  5
2C0
330
93
100
AcDbEntity
  8
GS09-výškopis-body podrobné-buňky
  6
Continuous
 62
    32
370
     0
100
AcDbBlockReference
  2
9.12_10
 10
-595979.185
 20
-1158238.361
 30
0.0
 41
0.2
 42
0.2
 43
0.2
  0
TEXT
  5
2C5
330
93
100
AcDbEntity
  8
GS09-výškopis-body podrobné-výšky
  6
Continuous
 62
    32
370
     0
100
AcDbText
 10
-595979.290123
 20
-1158238.361
 30
0.0
 40
0.12
  1
258.24
 41
0.5
  7
Style-Arial Narrow
 72
     1
 11
-595979.185
 21
-1158238.361
 31
0.0
100
AcDbText
  0
INSERT
  5
2C6
330
93
100
AcDbEntity
  8
GS09-výškopis-body podrobné-buňky
  6
Continuous
 62
    32
370
     0
100
AcDbBlockReference
  2
9.12_11
 10
-595980.645
 20
-1158238.391
 30
0.0
 41
0.2
 42
0.2
 43
0.2
  0
TEXT
  5
2CB
330
93
100
AcDbEntity
  8
GS09-výškopis-body podrobné-výšky
  6
Continuous
 62
    32
370
     0
100
AcDbText
 10
-595980.750123
 20
-1158238.391
 30
0.0
 40
0.12
  1
258.25
 41
0.5
  7
Style-Arial Narrow
 72
     1
 11
-595980.645
 21
-1158238.391
 31
0.0
100
AcDbText
  0
INSERT
  5
2CC
330
93
100
AcDbEntity
  8
GS09-výškopis-body podrobné-buňky
  6
Continuous
 62
    32
370
     0
100
AcDbBlockReference
  2
9.12_12
 10
-595981.629
 20
-1158238.423
 30
0.0
 41
0.2
 42
0.2
 43
0.2
  0
TEXT
  5
2D1
330
93
100
AcDbEntity
  8
GS09-výškopis-body podrobné-výšky
  6
Continuous
 62
    32
370
     0
100
AcDbText
 10
-595981.734123
 20
-1158238.423
 30
0.0
 40
0.12
  1
258.21
 41
0.5
  7
Style-Arial Narrow
 72
     1
 11
-595981.629
 21
-1158238.423
 31
0.0
100
AcDbText
  0
INSERT
  5
2D2
330
93
100
AcDbEntity
  8
GS09-výškopis-body podrobné-buňky
  6
Continuous
 62
    32
370
     0
100
AcDbBlockReference
  2
9.12_13
 10
-595978.947
 20
-1158233.905
 30
0.0
 41
0.2
 42
0.2
 43
0.2
  0
TEXT
  5
2D7
330
93
100
AcDbEntity
  8
GS09-výškopis-body podrobné-výšky
  6
Continuous
 62
    32
370
     0
100
AcDbText
 10
-595979.052123
 20
-1158233.905
 30
0.0
 40
0.12
  1
258.32
 41
0.5
  7
Style-Arial Narrow
 72
     1
 11
-595978.947
 21
-1158233.905
 31
0.0
100
AcDbText
  0
INSERT
  5
2D8
330
93
100
AcDbEntity
  8
GS09-výškopis-body podrobné-buňky
  6
Continuous
 62
    32
370
     0
100
AcDbBlockReference
  2
9.12_14
 10
-595978.505
 20
-1158233.703
 30
0.0
 41
0.2
 42
0.2
 43
0.2
  0
TEXT
  5
2DD
330
93
100
AcDbEntity
  8
GS09-výškopis-body podrobné-výšky
  6
Continuous
 62
    32
370
     0
100
AcDbText
 10
-595978.610123
 20
-1158233.703
 30
0.0
 40
0.12
  1
258.71
 41
0.5
  7
Style-Arial Narrow
 72
     1
 11
-595978.505
 21
-1158233.703
 31
0.0
100
AcDbText
  0
INSERT
  5
2DE
330
93
100
AcDbEntity
  8
GS09-výškopis-body podrobné-buňky
  6
Continuous
 62
    32
370
     0
100
AcDbBlockReference
  2
9.12_15
 10
-595978.849
 20
-1158233.194
 30
0.0
 41
0.2
 42
0.2
 43
0.2
  0
TEXT
  5
2E3
330
93
100
AcDbEntity
  8
GS09-výškopis-body podrobné-výšky
  6
Continuous
 62
    32
370
     0
100
AcDbText
 10
-595978.954123
 20
-1158233.194
 30
0.0
 40
0.12
  1
258.13
 41
0.5
  7
Style-Arial Narrow
 72
     1
 11
-595978.849
 21
-1158233.194
 31
0.0
100
AcDbText
  0
INSERT
  5
2E4
330
93
100
AcDbEntity
  8
GS09-výškopis-body podrobné-buňky
  6
Continuous
 62
    32
370
     0
100
AcDbBlockReference
  2
9.12_16
 10
-595978.719
 20
-1158232.804
 30
0.0
 41
0.2
 42
0.2
 43
0.2
  0
TEXT
  5
2E9
330
93
100
AcDbEntity
  8
GS09-výškopis-body podrobné-výšky
  6
Continuous
 62
    32
370
     0
100
AcDbText
 10
-595978.824123
 20
-1158232.804
 30
0.0
 40
0.12
  1
257.87
 41
0.5
  7
Style-Arial Narrow
 72
     1
 11
-595978.719
 21
-1158232.804
 31
0.0
100
AcDbText
  0
INSERT
  5
2EA
330
93
100
AcDbEntity
  8
GS09-výškopis-body podrobné-buňky
  6
Continuous
 62
    32
370
     0
100
AcDbBlockReference
  2
9.12_17
 10
-595980.125
 20
-1158230.087
 30
0.0
 41
0.2
 42
0.2
 43
0.2
  0
TEXT
  5
2EF
330
93
100
AcDbEntity
  8
GS09-výškopis-body podrobné-výšky
  6
Continuous
 62
    32
370
     0
100
AcDbText
 10
-595980.230123
 20
-1158230.087
 30
0.0
 40
0.12
  1
258.22
 41
0.5
  7
Style-Arial Narrow
 72
     1
 11
-595980.125
 21
-1158230.087
 31
0.0
100
AcDbText
  0
INSERT
  5
2F0
330
93
100
AcDbEntity
  8
GS09-výškopis-body podrobné-buňky
  6
Continuous
 62
    32
370
     0
100
AcDbBlockReference
  2
9.12_18
 10
-595981.52
 20
-1158230.343
 30
0.0
 41
0.2
 42
0.2
 43
0.2
  0
TEXT
  5
2F5
330
93
100
AcDbEntity
  8
GS09-výškopis-body podrobné-výšky
  6
Continuous
 62
    32
370
     0
100
AcDbText
 10
-595981.625123
 20
-1158230.343
 30
0.0
 40
0.12
  1
258.27
 41
0.5
  7
Style-Arial Narrow
 72
     1
 11
-595981.52
 21
-1158230.343
 31
0.0
100
AcDbText
  0
INSERT
  5
2F6
330
93
100
AcDbEntity
  8
GS09-výškopis-body podrobné-buňky
  6
Continuous
 62
    32
370
     0
100
AcDbBlockReference
  2
9.12_19
 10
-595982.74
 20
-1158231.344
 30
0.0
 41
0.2
 42
0.2
 43
0.2
  0
TEXT
  5
2FB
330
93
100
AcDbEntity
  8
GS09-výškopis-body podrobné-výšky
  6
Continuous
 62
    32
370
     0
100
AcDbText
 10
-595982.845123
 20
-1158231.344
 30
0.0
 40
0.12
  1
258.17
 41
0.5
  7
Style-Arial Narrow
 72
     1
 11
-595982.74
 21
-1158231.344
 31
0.0
100
AcDbText
  0
INSERT
  5
2FC
330
93
100
AcDbEntity
  8
GS09-výškopis-body podrobné-buňky
  6
Continuous
 62
    32
370
     0
100
AcDbBlockReference
  2
9.12_20
 10
-595979.764
 20
-1158224.971
 30
0.0
 41
0.2
 42
0.2
 43
0.2
  0
TEXT
  5
301
330
93
100
AcDbEntity
  8
GS09-výškopis-body podrobné-výšky
  6
Continuous
 62
    32
370
     0
100
AcDbText
 10
-595979.869123
 20
-1158224.971
 30
0.0
 40
0.12
  1
258.21
 41
0.5
  7
Style-Arial Narrow
 72
     1
 11
-595979.764
 21
-1158224.971
 31
0.0
100
AcDbText
  0
INSERT
  5
302
330
93
100
AcDbEntity
  8
GS09-výškopis-body podrobné-buňky
  6
Continuous
 62
    32
370
     0
100
AcDbBlockReference
  2
9.12_21
 10
-595979.904
 20
-1158223.614
 30
0.0
 41
0.2
 42
0.2
 43
0.2
  0
TEXT
  5
307
330
93
100
AcDbEntity
  8
GS09-výškopis-body podrobné-výšky
  6
Continuous
 62
    32
370
     0
100
AcDbText
 10
-595980.009123
 20
-1158223.614
 30
0.0
 40
0.12
  1
258.18
 41
0.5
  7
Style-Arial Narrow
 72
     1
 11
-595979.904
 21
-1158223.614
 31
0.0
100
AcDbText
  0
INSERT
  5
308
330
93
100
AcDbEntity
  8
GS09-výškopis-body podrobné-buňky
  6
Continuous
 62
    32
370
     0
100
AcDbBlockReference
  2
9.12_22
 10
-595982.537
 20
-1158224.012
 30
0.0
 41
0.2
 42
0.2
 43
0.2
  0
TEXT
  5
30D
330
93
100
AcDbEntity
  8
GS09-výškopis-body podrobné-výšky
  6
Continuous
 62
    32
370
     0
100
AcDbText
 10
-595982.642123
 20
-1158224.012
 30
0.0
 40
0.12
  1
258.34
 41
0.5
  7
Style-Arial Narrow
 72
     1
 11
-595982.537
 21
-1158224.012
 31
0.0
100
AcDbText
  0
INSERT
  5
30E
330
93
100
AcDbEntity
  8
GS09-výškopis-body podrobné-buňky
  6
Continuous
 62
    32
370
     0
100
AcDbBlockReference
  2
9.12_23
 10
-595982.681
 20
-1158222.819
 30
0.0
 41
0.2
 42
0.2
 43
0.2
  0
TEXT
  5
313
330
93
100
AcDbEntity
  8
GS09-výškopis-body podrobné-výšky
  6
Continuous
 62
    32
370
     0
100
AcDbText
 10
-595982.786123
 20
-1158222.819
 30
0.0
 40
0.12
  1
258.39
 41
0.5
  7
Style-Arial Narrow
 72
     1
 11
-595982.681
 21
-1158222.819
 31
0.0
100
AcDbText
  0
INSERT
  5
314
330
93
100
AcDbEntity
  8
GS09-výškopis-body podrobné-buňky
  6
Continuous
 62
    32
370
     0
100
AcDbBlockReference
  2
9.12_24
 10
-595982.498
 20
-1158220.22
 30
0.0
 41
0.2
 42
0.2
 43
0.2
  0
TEXT
  5
319
330
93
100
AcDbEntity
  8
GS09-výškopis-body podrobné-výšky
  6
Continuous
 62
    32
370
     0
100
AcDbText
 10
-595982.603123
 20
-1158220.22
 30
0.0
 40
0.12
  1
258.19
 41
0.5
  7
Style-Arial Narrow
 72
     1
 11
-595982.498
 21
-1158220.22
 31
0.0
100
AcDbText
  0
INSERT
  5
31A
330
93
100
AcDbEntity
  8
GS09-výškopis-body podrobné-buňky
  6
Continuous
 62
    32
370
     0
100
AcDbBlockReference
  2
9.12_25
 10
-595983.441
 20
-1158220.33
 30
0.0
 41
0.2
 42
0.2
 43
0.2
  0
TEXT
  5
31F
330
93
100
AcDbEntity
  8
GS09-výškopis-body podrobné-výšky
  6
Continuous
 62
    32
370
     0
100
AcDbText
 10
-595983.546123
 20
-1158220.33
 30
0.0
 40
0.12
  1
258.23
 41
0.5
  7
Style-Arial Narrow
 72
     1
 11
-595983.441
 21
-1158220.33
 31
0.0
100
AcDbText
  0
INSERT
  5
320
330
93
100
AcDbEntity
  8
GS09-výškopis-body podrobné-buňky
  6
Continuous
 62
    32
370
     0
100
AcDbBlockReference
  2
9.12_26
 10
-595980.796
 20
-1158220.051
 30
0.0
 41
0.2
 42
0.2
 43
0.2
  0
TEXT
  5
325
330
93
100
AcDbEntity
  8
GS09-výškopis-body podrobné-výšky
  6
Continuous
 62
    32
370
     0
100
AcDbText
 10
-595980.901123
 20
-1158220.051
 30
0.0
 40
0.12
  1
258.02
 41
0.5
  7
Style-Arial Narrow
 72
     1
 11
-595980.796
 21
-1158220.051
 31
0.0
100
AcDbText
  0
INSERT
  5
326
330
93
100
AcDbEntity
  8
GS09-výškopis-body podrobné-buňky
  6
Continuous
 62
    32
370
     0
100
AcDbBlockReference
  2
9.12_27
 10
-595980.426
 20
-1158220.641
 30
0.0
 41
0.2
 42
0.2
 43
0.2
  0
TEXT
  5
32B
330
93
100
AcDbEntity
  8
GS09-výškopis-body podrobné-výšky
  6
Continuous
 62
    32
370
     0
100
AcDbText
 10
-595980.531123
 20
-1158220.641
 30
0.0
 40
0.12
  1
258.00
 41
0.5
  7
Style-Arial Narrow
 72
     1
 11
-595980.426
 21
-1158220.641
 31
0.0
100
AcDbText
  0
INSERT
  5
32C
330
93
100
AcDbEntity
  8
GS09-výškopis-body podrobné-buňky
  6
Continuous
 62
    32
370
     0
100
AcDbBlockReference
  2
9.12_28
 10
-595984.64
 20
-1158208.378
 30
0.0
 41
0.2
 42
0.2
 43
0.2
  0
TEXT
  5
331
330
93
100
AcDbEntity
  8
GS09-výškopis-body podrobné-výšky
  6
Continuous
 62
    32
370
     0
100
AcDbText
 10
-595984.745123
 20
-1158208.378
 30
0.0
 40
0.12
  1
258.40
 41
0.5
  7
Style-Arial Narrow
 72
     1
 11
-595984.64
 21
-1158208.378
 31
0.0
100
AcDbText
  0
INSERT
  5
332
330
93
100
AcDbEntity
  8
GS09-výškopis-body podrobné-buňky
  6
Continuous
 62
    32
370
     0
100
AcDbBlockReference
  2
9.12_29
 10
-595984.921
 20
-1158205.518
 30
0.0
 41
0.2
 42
0.2
 43
0.2
  0
TEXT
  5
337
330
93
100
AcDbEntity
  8
GS09-výškopis-body podrobné-výšky
  6
Continuous
 62
    32
370
     0
100
AcDbText
 10
-595985.026123
 20
-1158205.518
 30
0.0
 40
0.12
  1
258.40
 41
0.5
  7
Style-Arial Narrow
 72
     1
 11
-595984.921
 21
-1158205.518
 31
0.0
100
AcDbText
  0
INSERT
  5
338
330
93
100
AcDbEntity
  8
GS09-výškopis-body podrobné-buňky
  6
Continuous
 62
    32
370
     0
100
AcDbBlockReference
  2
9.12_30
 10
-595983.895
 20
-1158205.744
 30
0.0
 41
0.2
 42
0.2
 43
0.2
  0
TEXT
  5
33D
330
93
100
AcDbEntity
  8
GS09-výškopis-body podrobné-výšky
  6
Continuous
 62
    32
370
     0
100
AcDbText
 10
-595984.000123
 20
-1158205.744
 30
0.0
 40
0.12
  1
258.43
 41
0.5
  7
Style-Arial Narrow
 72
     1
 11
-595983.895
 21
-1158205.744
 31
0.0
100
AcDbText
  0
INSERT
  5
33E
330
93
100
AcDbEntity
  8
GS09-výškopis-body podrobné-buňky
  6
Continuous
 62
    32
370
     0
100
AcDbBlockReference
  2
9.12_31
 10
-595982.402
 20
-1158205.535
 30
0.0
 41
0.2
 42
0.2
 43
0.2
  0
TEXT
  5
343
330
93
100
AcDbEntity
  8
GS09-výškopis-body podrobné-výšky
  6
Continuous
 62
    32
370
     0
100
AcDbText
 10
-595982.507123
 20
-1158205.535
 30
0.0
 40
0.12
  1
258.46
 41
0.5
  7
Style-Arial Narrow
 72
     1
 11
-595982.402
 21
-1158205.535
 31
0.0
100
AcDbText
  0
INSERT
  5
344
330
93
100
AcDbEntity
  8
GS09-výškopis-body podrobné-buňky
  6
Continuous
 62
    32
370
     0
100
AcDbBlockReference
  2
9.12_32
 10
-595981.481
 20
-1158206.271
 30
0.0
 41
0.2
 42
0.2
 43
0.2
  0
TEXT
  5
349
330
93
100
AcDbEntity
  8
GS09-výškopis-body podrobné-výšky
  6
Continuous
 62
    32
370
     0
100
AcDbText
 10
-595981.586123
 20
-1158206.271
 30
0.0
 40
0.12
  1
258.45
 41
0.5
  7
Style-Arial Narrow
 72
     1
 11
-595981.481
 21
-1158206.271
 31
0.0
100
AcDbText
  0
INSERT
  5
34A
330
93
100
AcDbEntity
  8
GS09-výškopis-body podrobné-buňky
  6
Continuous
 62
    32
370
     0
100
AcDbBlockReference
  2
9.12_33
 10
-595982.185
 20
-1158207.75
 30
0.0
 41
0.2
 42
0.2
 43
0.2
  0
TEXT
  5
34F
330
93
100
AcDbEntity
  8
GS09-výškopis-body podrobné-výšky
  6
Continuous
 62
    32
370
     0
100
AcDbText
 10
-595982.290123
 20
-1158207.75
 30
0.0
 40
0.12
  1
258.39
 41
0.5
  7
Style-Arial Narrow
 72
     1
 11
-595982.185
 21
-1158207.75
 31
0.0
100
AcDbText
  0
INSERT
  5
350
330
93
100
AcDbEntity
  8
GS09-výškopis-body podrobné-buňky
  6
Continuous
 62
    32
370
     0
100
AcDbBlockReference
  2
9.12_34
 10
-595981.363
 20
-1158207.7
 30
0.0
 41
0.2
 42
0.2
 43
0.2
  0
TEXT
  5
355
330
93
100
AcDbEntity
  8
GS09-výškopis-body podrobné-výšky
  6
Continuous
 62
    32
370
     0
100
AcDbText
 10
-595981.468123
 20
-1158207.7
 30
0.0
 40
0.12
  1
258.40
 41
0.5
  7
Style-Arial Narrow
 72
     1
 11
-595981.363
 21
-1158207.7
 31
0.0
100
AcDbText
  0
INSERT
  5
356
330
93
100
AcDbEntity
  8
GS09-výškopis-body podrobné-buňky
  6
Continuous
 62
    32
370
     0
100
AcDbBlockReference
  2
9.12_35
 10
-595981.166
 20
-1158207.704
 30
0.0
 41
0.2
 42
0.2
 43
0.2
  0
TEXT
  5
35B
330
93
100
AcDbEntity
  8
GS09-výškopis-body podrobné-výšky
  6
Continuous
 62
    32
370
     0
100
AcDbText
 10
-595981.271123
 20
-1158207.704
 30
0.0
 40
0.12
  1
258.38
 41
0.5
  7
Style-Arial Narrow
 72
     1
 11
-595981.166
 21
-1158207.704
 31
0.0
100
AcDbText
  0
INSERT
  5
35C
330
93
100
AcDbEntity
  8
GS09-výškopis-body podrobné-buňky
  6
Continuous
 62
    32
370
     0
100
AcDbBlockReference
  2
9.12_36
 10
-595981.044
 20
-1158208.959
 30
0.0
 41
0.2
 42
0.2
 43
0.2
  0
TEXT
  5
361
330
93
100
AcDbEntity
  8
GS09-výškopis-body podrobné-výšky
  6
Continuous
 62
    32
370
     0
100
AcDbText
 10
-595981.149123
 20
-1158208.959
 30
0.0
 40
0.12
  1
258.36
 41
0.5
  7
Style-Arial Narrow
 72
     1
 11
-595981.044
 21
-1158208.959
 31
0.0
100
AcDbText
  0
INSERT
  5
362
330
93
100
AcDbEntity
  8
GS09-výškopis-body podrobné-buňky
  6
Continuous
 62
    32
370
     0
100
AcDbBlockReference
  2
9.12_37
 10
-595980.748
 20
-1158211.72
 30
0.0
 41
0.2
 42
0.2
 43
0.2
  0
TEXT
  5
367
330
93
100
AcDbEntity
  8
GS09-výškopis-body podrobné-výšky
  6
Continuous
 62
    32
370
     0
100
AcDbText
 10
-595980.853123
 20
-1158211.72
 30
0.0
 40
0.12
  1
258.36
 41
0.5
  7
Style-Arial Narrow
 72
     1
 11
-595980.748
 21
-1158211.72
 31
0.0
100
AcDbText
  0
INSERT
  5
368
330
93
100
AcDbEntity
  8
GS09-výškopis-body podrobné-buňky
  6
Continuous
 62
    32
370
     0
100
AcDbBlockReference
  2
9.12_38
 10
-595980.938
 20
-1158211.882
 30
0.0
 41
0.2
 42
0.2
 43
0.2
  0
TEXT
  5
36D
330
93
100
AcDbEntity
  8
GS09-výškopis-body podrobné-výšky
  6
Continuous
 62
    32
370
     0
100
AcDbText
 10
-595981.043123
 20
-1158211.882
 30
0.0
 40
0.12
  1
258.37
 41
0.5
  7
Style-Arial Narrow
 72
     1
 11
-595980.938
 21
-1158211.882
 31
0.0
100
AcDbText
  0
INSERT
  5
36E
330
93
100
AcDbEntity
  8
GS09-výškopis-body podrobné-buňky
  6
Continuous
 62
    32
370
     0
100
AcDbBlockReference
  2
9.12_39
 10
-595980.873
 20
-1158213.238
 30
0.0
 41
0.2
 42
0.2
 43
0.2
  0
TEXT
  5
373
330
93
100
AcDbEntity
  8
GS09-výškopis-body podrobné-výšky
  6
Continuous
 62
    32
370
     0
100
AcDbText
 10
-595980.978123
 20
-1158213.238
 30
0.0
 40
0.12
  1
258.48
 41
0.5
  7
Style-Arial Narrow
 72
     1
 11
-595980.873
 21
-1158213.238
 31
0.0
100
AcDbText
  0
INSERT
  5
374
330
93
100
AcDbEntity
  8
GS09-výškopis-body podrobné-buňky
  6
Continuous
 62
    32
370
     0
100
AcDbBlockReference
  2
9.12_40
 10
-595981.459
 20
-1158211.883
 30
0.0
 41
0.2
 42
0.2
 43
0.2
  0
TEXT
  5
379
330
93
100
AcDbEntity
  8
GS09-výškopis-body podrobné-výšky
  6
Continuous
 62
    32
370
     0
100
AcDbText
 10
-595981.564123
 20
-1158211.883
 30
0.0
 40
0.12
  1
258.35
 41
0.5
  7
Style-Arial Narrow
 72
     1
 11
-595981.459
 21
-1158211.883
 31
0.0
100
AcDbText
  0
INSERT
  5
37A
330
93
100
AcDbEntity
  8
GS09-výškopis-body podrobné-buňky
  6
Continuous
 62
    32
370
     0
100
AcDbBlockReference
  2
9.12_41
 10
-595981.049
 20
-1158214.869
 30
0.0
 41
0.2
 42
0.2
 43
0.2
  0
TEXT
  5
37F
330
93
100
AcDbEntity
  8
GS09-výškopis-body podrobné-výšky
  6
Continuous
 62
    32
370
     0
100
AcDbText
 10
-595981.154123
 20
-1158214.869
 30
0.0
 40
0.12
  1
258.13
 41
0.5
  7
Style-Arial Narrow
 72
     1
 11
-595981.049
 21
-1158214.869
 31
0.0
100
AcDbText
  0
INSERT
  5
380
330
93
100
AcDbEntity
  8
GS09-výškopis-body podrobné-buňky
  6
Continuous
 62
    32
370
     0
100
AcDbBlockReference
  2
9.12_42
 10
-595979.634
 20
-1158215.71
 30
0.0
 41
0.2
 42
0.2
 43
0.2
  0
TEXT
  5
385
330
93
100
AcDbEntity
  8
GS09-výškopis-body podrobné-výšky
  6
Continuous
 62
    32
370
     0
100
AcDbText
 10
-595979.739123
 20
-1158215.71
 30
0.0
 40
0.12
  1
257.92
 41
0.5
  7
Style-Arial Narrow
 72
     1
 11
-595979.634
 21
-1158215.71
 31
0.0
100
AcDbText
  0
INSERT
  5
386
330
93
100
AcDbEntity
  8
GS09-výškopis-body podrobné-buňky
  6
Continuous
 62
    32
370
     0
100
AcDbBlockReference
  2
9.12_43
 10
-595976.109
 20
-1158216.957
 30
0.0
 41
0.2
 42
0.2
 43
0.2
  0
TEXT
  5
38B
330
93
100
AcDbEntity
  8
GS09-výškopis-body podrobné-výšky
  6
Continuous
 62
    32
370
     0
100
AcDbText
 10
-595976.214123
 20
-1158216.957
 30
0.0
 40
0.12
  1
257.38
 41
0.5
  7
Style-Arial Narrow
 72
     1
 11
-595976.109
 21
-1158216.957
 31
0.0
100
AcDbText
  0
INSERT
  5
38C
330
93
100
AcDbEntity
  8
GS09-výškopis-body podrobné-buňky
  6
Continuous
 62
    32
370
     0
100
AcDbBlockReference
  2
9.12_44
 10
-595991.467
 20
-1158209.662
 30
0.0
 41
0.2
 42
0.2
 43
0.2
  0
TEXT
  5
391
330
93
100
AcDbEntity
  8
GS09-výškopis-body podrobné-výšky
  6
Continuous
 62
    32
370
     0
100
AcDbText
 10
-595991.572123
 20
-1158209.662
 30
0.0
 40
0.12
  1
258.59
 41
0.5
  7
Style-Arial Narrow
 72
     1
 11
-595991.467
 21
-1158209.662
 31
0.0
100
AcDbText
  0
INSERT
  5
392
330
93
100
AcDbEntity
  8
GS09-výškopis-body podrobné-buňky
  6
Continuous
 62
    32
370
     0
100
AcDbBlockReference
  2
9.12_45
 10
-595990.526
 20
-1158219.645
 30
0.0
 41
0.2
 42
0.2
 43
0.2
  0
TEXT
  5
397
330
93
100
AcDbEntity
  8
GS09-výškopis-body podrobné-výšky
  6
Continuous
 62
    32
370
     0
100
AcDbText
 10
-595990.631123
 20
-1158219.645
 30
0.0
 40
0.12
  1
258.53
 41
0.5
  7
Style-Arial Narrow
 72
     1
 11
-595990.526
 21
-1158219.645
 31
0.0
100
AcDbText
  0
INSERT
  5
398
330
93
100
AcDbEntity
  8
GS09-výškopis-body podrobné-buňky
  6
Continuous
 62
    32
370
     0
100
AcDbBlockReference
  2
9.12_46
 10
-595991.458
 20
-1158226.473
 30
0.0
 41
0.2
 42
0.2
 43
0.2
  0
TEXT
  5
39D
330
93
100
AcDbEntity
  8
GS09-výškopis-body podrobné-výšky
  6
Continuous
 62
    32
370
     0
100
AcDbText
 10
-595991.563123
 20
-1158226.473
 30
0.0
 40
0.12
  1
258.50
 41
0.5
  7
Style-Arial Narrow
 72
     1
 11
-595991.458
 21
-1158226.473
 31
0.0
100
AcDbText
  0
INSERT
  5
39E
330
93
100
AcDbEntity
  8
GS09-výškopis-body podrobné-buňky
  6
Continuous
 62
    32
370
     0
100
AcDbBlockReference
  2
9.12_47
 10
-595993.672
 20
-1158227.483
 30
0.0
 41
0.2
 42
0.2
 43
0.2
  0
TEXT
  5
3A3
330
93
100
AcDbEntity
  8
GS09-výškopis-body podrobné-výšky
  6
Continuous
 62
    32
370
     0
100
AcDbText
 10
-595993.777123
 20
-1158227.483
 30
0.0
 40
0.12
  1
258.45
 41
0.5
  7
Style-Arial Narrow
 72
     1
 11
-595993.672
 21
-1158227.483
 31
0.0
100
AcDbText
  0
INSERT
  5
3A4
330
93
100
AcDbEntity
  8
GS09-výškopis-body podrobné-buňky
  6
Continuous
 62
    32
370
     0
100
AcDbBlockReference
  2
9.12_48
 10
-595993.923
 20
-1158234.043
 30
0.0
 41
0.2
 42
0.2
 43
0.2
  0
TEXT
  5
3A9
330
93
100
AcDbEntity
  8
GS09-výškopis-body podrobné-výšky
  6
Continuous
 62
    32
370
     0
100
AcDbText
 10
-595994.028123
 20
-1158234.043
 30
0.0
 40
0.12
  1
258.43
 41
0.5
  7
Style-Arial Narrow
 72
     1
 11
-595993.923
 21
-1158234.043
 31
0.0
100
AcDbText
  0
INSERT
  5
3AA
330
93
100
AcDbEntity
  8
GS09-výškopis-body podrobné-buňky
  6
Continuous
 62
    32
370
     0
100
AcDbBlockReference
  2
9.12_49
 10
-595990.888
 20
-1158232.74
 30
0.0
 41
0.2
 42
0.2
 43
0.2
  0
TEXT
  5
3AF
330
93
100
AcDbEntity
  8
GS09-výškopis-body podrobné-výšky
  6
Continuous
 62
    32
370
     0
100
AcDbText
 10
-595990.993123
 20
-1158232.74
 30
0.0
 40
0.12
  1
258.48
 41
0.5
  7
Style-Arial Narrow
 72
     1
 11
-595990.888
 21
-1158232.74
 31
0.0
100
AcDbText
  0
INSERT
  5
3B0
330
93
100
AcDbEntity
  8
GS09-výškopis-body podrobné-buňky
  6
Continuous
 62
    32
370
     0
100
AcDbBlockReference
  2
9.12_50
 10
-595989.85
 20
-1158232.852
 30
0.0
 41
0.2
 42
0.2
 43
0.2
  0
TEXT
  5
3B5
330
93
100
AcDbEntity
  8
GS09-výškopis-body podrobné-výšky
  6
Continuous
 62
    32
370
     0
100
AcDbText
 10
-595989.955123
 20
-1158232.852
 30
0.0
 40
0.12
  1
258.53
 41
0.5
  7
Style-Arial Narrow
 72
     1
 11
-595989.85
 21
-1158232.852
 31
0.0
100
AcDbText
  0
INSERT
  5
3B6
330
93
100
AcDbEntity
  8
GS09-výškopis-body podrobné-buňky
  6
Continuous
 62
    32
370
     0
100
AcDbBlockReference
  2
9.12_51
 10
-595989.149
 20
-1158234.21
 30
0.0
 41
0.2
 42
0.2
 43
0.2
  0
TEXT
  5
3BB
330
93
100
AcDbEntity
  8
GS09-výškopis-body podrobné-výšky
  6
Continuous
 62
    32
370
     0
100
AcDbText
 10
-595989.254123
 20
-1158234.21
 30
0.0
 40
0.12
  1
258.48
 41
0.5
  7
Style-Arial Narrow
 72
     1
 11
-595989.149
 21
-1158234.21
 31
0.0
100
AcDbText
  0
INSERT
  5
3BC
330
93
100
AcDbEntity
  8
GS09-výškopis-body podrobné-buňky
  6
Continuous
 62
    32
370
     0
100
AcDbBlockReference
  2
9.12_52
 10
-595987.013
 20
-1158252.535
 30
0.0
 41
0.2
 42
0.2
 43
0.2
  0
TEXT
  5
3C1
330
93
100
AcDbEntity
  8
GS09-výškopis-body podrobné-výšky
  6
Continuous
 62
    32
370
     0
100
AcDbText
 10
-595987.118123
 20
-1158252.535
 30
0.0
 40
0.12
  1
258.40
 41
0.5
  7
Style-Arial Narrow
 72
     1
 11
-595987.013
 21
-1158252.535
 31
0.0
100
AcDbText
  0
INSERT
  5
3C2
330
93
100
AcDbEntity
  8
GS09-výškopis-body podrobné-buňky
  6
Continuous
 62
    32
370
     0
100
AcDbBlockReference
  2
9.12_53
 10
-595987.991
 20
-1158245.522
 30
0.0
 41
0.2
 42
0.2
 43
0.2
  0
TEXT
  5
3C7
330
93
100
AcDbEntity
  8
GS09-výškopis-body podrobné-výšky
  6
Continuous
 62
    32
370
     0
100
AcDbText
 10
-595988.096123
 20
-1158245.522
 30
0.0
 40
0.12
  1
258.43
 41
0.5
  7
Style-Arial Narrow
 72
     1
 11
-595987.991
 21
-1158245.522
 31
0.0
100
AcDbText
  0
INSERT
  5
3C8
330
93
100
AcDbEntity
  8
GS09-výškopis-body podrobné-buňky
  6
Continuous
 62
    32
370
     0
100
AcDbBlockReference
  2
9.12_54
 10
-595980.297
 20
-1158249.828
 30
0.0
 41
0.2
 42
0.2
 43
0.2
  0
TEXT
  5
3CD
330
93
100
AcDbEntity
  8
GS09-výškopis-body podrobné-výšky
  6
Continuous
 62
    32
370
     0
100
AcDbText
 10
-595980.402123
 20
-1158249.828
 30
0.0
 40
0.12
  1
258.26
 41
0.5
  7
Style-Arial Narrow
 72
     1
 11
-595980.297
 21
-1158249.828
 31
0.0
100
AcDbText
  0
INSERT
  5
3CE
330
93
100
AcDbEntity
  8
GS09-výškopis-body podrobné-buňky
  6
Continuous
 62
    32
370
     0
100
AcDbBlockReference
  2
9.12_55
 10
-595979.039
 20
-1158249.633
 30
0.0
 41
0.2
 42
0.2
 43
0.2
  0
TEXT
  5
3D3
330
93
100
AcDbEntity
  8
GS09-výškopis-body podrobné-výšky
  6
Continuous
 62
    32
370
     0
100
AcDbText
 10
-595979.144123
 20
-1158249.633
 30
0.0
 40
0.12
  1
258.26
 41
0.5
  7
Style-Arial Narrow
 72
     1
 11
-595979.039
 21
-1158249.633
 31
0.0
100
AcDbText
  0
INSERT
  5
3D4
330
93
100
AcDbEntity
  8
GS09-výškopis-body podrobné-buňky
  6
Continuous
 62
    32
370
     0
100
AcDbBlockReference
  2
9.12_56
 10
-595977.545
 20
-1158249.425
 30
0.0
 41
0.2
 42
0.2
 43
0.2
  0
TEXT
  5
3D9
330
93
100
AcDbEntity
  8
GS09-výškopis-body podrobné-výšky
  6
Continuous
 62
    32
370
     0
100
AcDbText
 10
-595977.650123
 20
-1158249.425
 30
0.0
 40
0.12
  1
258.27
 41
0.5
  7
Style-Arial Narrow
 72
     1
 11
-595977.545
 21
-1158249.425
 31
0.0
100
AcDbText
  0
INSERT
  5
3DA
330
93
100
AcDbEntity
  8
GS09-výškopis-body podrobné-buňky
  6
Continuous
 62
    32
370
     0
100
AcDbBlockReference
  2
9.12_57
 10
-595975.163
 20
-1158249.184
 30
0.0
 41
0.2
 42
0.2
 43
0.2
  0
TEXT
  5
3DF
330
93
100
AcDbEntity
  8
GS09-výškopis-body podrobné-výšky
  6
Continuous
 62
    32
370
     0
100
AcDbText
 10
-595975.268123
 20
-1158249.184
 30
0.0
 40
0.12
  1
258.29
 41
0.5
  7
Style-Arial Narrow
 72
     1
 11
-595975.163
 21
-1158249.184
 31
0.0
100
AcDbText
  0
INSERT
  5
3E0
330
93
100
AcDbEntity
  8
GS09-výškopis-body podrobné-buňky
  6
Continuous
 62
    32
370
     0
100
AcDbBlockReference
  2
9.12_58
 10
-595974.858
 20
-1158249.158
 30
0.0
 41
0.2
 42
0.2
 43
0.2
  0
TEXT
  5
3E5
330
93
100
AcDbEntity
  8
GS09-výškopis-body podrobné-výšky
  6
Continuous
 62
    32
370
     0
100
AcDbText
 10
-595974.963123
 20
-1158249.158
 30
0.0
 40
0.12
  1
258.29
 41
0.5
  7
Style-Arial Narrow
 72
     1
 11
-595974.858
 21
-1158249.158
 31
0.0
100
AcDbText
  0
INSERT
  5
3E6
330
93
100
AcDbEntity
  8
GS09-výškopis-body podrobné-buňky
  6
Continuous
 62
    32
370
     0
100
AcDbBlockReference
  2
9.12_59
 10
-595974.601
 20
-1158249.122
 30
0.0
 41
0.2
 42
0.2
 43
0.2
  0
TEXT
  5
3EB
330
93
100
AcDbEntity
  8
GS09-výškopis-body podrobné-výšky
  6
Continuous
 62
    32
370
     0
100
AcDbText
 10
-595974.706123
 20
-1158249.122
 30
0.0
 40
0.12
  1
258.28
 41
0.5
  7
Style-Arial Narrow
 72
     1
 11
-595974.601
 21
-1158249.122
 31
0.0
100
AcDbText
  0
INSERT
  5
3EC
330
93
100
AcDbEntity
  8
GS09-výškopis-body podrobné-buňky
  6
Continuous
 62
    32
370
     0
100
AcDbBlockReference
  2
9.12_60
 10
-595969.71
 20
-1158245.289
 30
0.0
 41
0.2
 42
0.2
 43
0.2
  0
TEXT
  5
3F1
330
93
100
AcDbEntity
  8
GS09-výškopis-body podrobné-výšky
  6
Continuous
 62
    32
370
     0
100
AcDbText
 10
-595969.815123
 20
-1158245.289
 30
0.0
 40
0.12
  1
255.71
 41
0.5
  7
Style-Arial Narrow
 72
     1
 11
-595969.71
 21
-1158245.289
 31
0.0
100
AcDbText
  0
INSERT
  5
3F2
330
93
100
AcDbEntity
  8
GS09-výškopis-body podrobné-buňky
  6
Continuous
 62
    32
370
     0
100
AcDbBlockReference
  2
9.12_61
 10
-595964.454
 20
-1158242.128
 30
0.0
 41
0.2
 42
0.2
 43
0.2
  0
TEXT
  5
3F7
330
93
100
AcDbEntity
  8
GS09-výškopis-body podrobné-výšky
  6
Continuous
 62
    32
370
     0
100
AcDbText
 10
-595964.559123
 20
-1158242.128
 30
0.0
 40
0.12
  1
255.71
 41
0.5
  7
Style-Arial Narrow
 72
     1
 11
-595964.454
 21
-1158242.128
 31
0.0
100
AcDbText
  0
INSERT
  5
3F8
330
93
100
AcDbEntity
  8
GS09-výškopis-body podrobné-buňky
  6
Continuous
 62
    32
370
     0
100
AcDbBlockReference
  2
9.12_62
 10
-595959.534
 20
-1158235.633
 30
0.0
 41
0.2
 42
0.2
 43
0.2
  0
TEXT
  5
3FD
330
93
100
AcDbEntity
  8
GS09-výškopis-body podrobné-výšky
  6
Continuous
 62
    32
370
     0
100
AcDbText
 10
-595959.639123
 20
-1158235.633
 30
0.0
 40
0.12
  1
255.73
 41
0.5
  7
Style-Arial Narrow
 72
     1
 11
-595959.534
 21
-1158235.633
 31
0.0
100
AcDbText
  0
INSERT
  5
3FE
330
93
100
AcDbEntity
  8
GS09-výškopis-body podrobné-buňky
  6
Continuous
 62
    32
370
     0
100
AcDbBlockReference
  2
9.12_63
 10
-595959.785
 20
-1158234.652
 30
0.0
 41
0.2
 42
0.2
 43
0.2
  0
TEXT
  5
403
330
93
100
AcDbEntity
  8
GS09-výškopis-body podrobné-výšky
  6
Continuous
 62
    32
370
     0
100
AcDbText
 10
-595959.890123
 20
-1158234.652
 30
0.0
 40
0.12
  1
255.74
 41
0.5
  7
Style-Arial Narrow
 72
     1
 11
-595959.785
 21
-1158234.652
 31
0.0
100
AcDbText
  0
INSERT
  5
404
330
93
100
AcDbEntity
  8
GS09-výškopis-body podrobné-buňky
  6
Continuous
 62
    32
370
     0
100
AcDbBlockReference
  2
9.12_64
 10
-595958.192
 20
-1158233.605
 30
0.0
 41
0.2
 42
0.2
 43
0.2
  0
TEXT
  5
409
330
93
100
AcDbEntity
  8
GS09-výškopis-body podrobné-výšky
  6
Continuous
 62
    32
370
     0
100
AcDbText
 10
-595958.297123
 20
-1158233.605
 30
0.0
 40
0.12
  1
255.74
 41
0.5
  7
Style-Arial Narrow
 72
     1
 11
-595958.192
 21
-1158233.605
 31
0.0
100
AcDbText
  0
INSERT
  5
40A
330
93
100
AcDbEntity
  8
GS09-výškopis-body podrobné-buňky
  6
Continuous
 62
    32
370
     0
100
AcDbBlockReference
  2
9.12_65
 10
-595960.249
 20
-1158222.37
 30
0.0
 41
0.2
 42
0.2
 43
0.2
  0
TEXT
  5
40F
330
93
100
AcDbEntity
  8
GS09-výškopis-body podrobné-výšky
  6
Continuous
 62
    32
370
     0
100
AcDbText
 10
-595960.354123
 20
-1158222.37
 30
0.0
 40
0.12
  1
256.25
 41
0.5
  7
Style-Arial Narrow
 72
     1
 11
-595960.249
 21
-1158222.37
 31
0.0
100
AcDbText
  0
INSERT
  5
410
330
93
100
AcDbEntity
  8
GS09-výškopis-body podrobné-buňky
  6
Continuous
 62
    32
370
     0
100
AcDbBlockReference
  2
9.12_66
 10
-595960.414
 20
-1158221.722
 30
0.0
 41
0.2
 42
0.2
 43
0.2
  0
TEXT
  5
415
330
93
100
AcDbEntity
  8
GS09-výškopis-body podrobné-výšky
  6
Continuous
 62
    32
370
     0
100
AcDbText
 10
-595960.519123
 20
-1158221.722
 30
0.0
 40
0.12
  1
256.25
 41
0.5
  7
Style-Arial Narrow
 72
     1
 11
-595960.414
 21
-1158221.722
 31
0.0
100
AcDbText
  0
INSERT
  5
416
330
93
100
AcDbEntity
  8
GS09-výškopis-body podrobné-buňky
  6
Continuous
 62
    32
370
     0
100
AcDbBlockReference
  2
9.12_67
 10
-595967.733
 20
-1158223.591
 30
0.0
 41
0.2
 42
0.2
 43
0.2
  0
TEXT
  5
41B
330
93
100
AcDbEntity
  8
GS09-výškopis-body podrobné-výšky
  6
Continuous
 62
    32
370
     0
100
AcDbText
 10
-595967.838123
 20
-1158223.591
 30
0.0
 40
0.12
  1
256.25
 41
0.5
  7
Style-Arial Narrow
 72
     1
 11
-595967.733
 21
-1158223.591
 31
0.0
100
AcDbText
  0
INSERT
  5
41C
330
93
100
AcDbEntity
  8
GS09-výškopis-body podrobné-buňky
  6
Continuous
 62
    32
370
     0
100
AcDbBlockReference
  2
9.12_68
 10
-595959.539
 20
-1158220.839
 30
0.0
 41
0.2
 42
0.2
 43
0.2
  0
TEXT
  5
421
330
93
100
AcDbEntity
  8
GS09-výškopis-body podrobné-výšky
  6
Continuous
 62
    32
370
     0
100
AcDbText
 10
-595959.644123
 20
-1158220.839
 30
0.0
 40
0.12
  1
256.25
 41
0.5
  7
Style-Arial Narrow
 72
     1
 11
-595959.539
 21
-1158220.839
 31
0.0
100
AcDbText
  0
INSERT
  5
422
330
93
100
AcDbEntity
  8
GS09-výškopis-body podrobné-buňky
  6
Continuous
 62
    32
370
     0
100
AcDbBlockReference
  2
9.12_69
 10
-595959.577
 20
-1158216.908
 30
0.0
 41
0.2
 42
0.2
 43
0.2
  0
TEXT
  5
427
330
93
100
AcDbEntity
  8
GS09-výškopis-body podrobné-výšky
  6
Continuous
 62
    32
370
     0
100
AcDbText
 10
-595959.682123
 20
-1158216.908
 30
0.0
 40
0.12
  1
256.08
 41
0.5
  7
Style-Arial Narrow
 72
     1
 11
-595959.577
 21
-1158216.908
 31
0.0
100
AcDbText
  0
INSERT
  5
428
330
93
100
AcDbEntity
  8
GS09-výškopis-body podrobné-buňky
  6
Continuous
 62
    32
370
     0
100
AcDbBlockReference
  2
9.12_70
 10
-595959.72
 20
-1158211.594
 30
0.0
 41
0.2
 42
0.2
 43
0.2
  0
TEXT
  5
42D
330
93
100
AcDbEntity
  8
GS09-výškopis-body podrobné-výšky
  6
Continuous
 62
    32
370
     0
100
AcDbText
 10
-595959.825123
 20
-1158211.594
 30
0.0
 40
0.12
  1
257.21
 41
0.5
  7
Style-Arial Narrow
 72
     1
 11
-595959.72
 21
-1158211.594
 31
0.0
100
AcDbText
  0
INSERT
  5
42E
330
93
100
AcDbEntity
  8
GS09-výškopis-body podrobné-buňky
  6
Continuous
 62
    32
370
     0
100
AcDbBlockReference
  2
9.12_71
 10
-595980.425
 20
-1158211.858
 30
0.0
 41
0.2
 42
0.2
 43
0.2
  0
TEXT
  5
433
330
93
100
AcDbEntity
  8
GS09-výškopis-body podrobné-výšky
  6
Continuous
 62
    32
370
     0
100
AcDbText
 10
-595980.530123
 20
-1158211.858
 30
0.0
 40
0.12
  1
258.35
 41
0.5
  7
Style-Arial Narrow
 72
     1
 11
-595980.425
 21
-1158211.858
 31
0.0
100
AcDbText
  0
INSERT
  5
434
330
93
100
AcDbEntity
  8
GS09-výškopis-body podrobné-buňky
  6
Continuous
 62
    32
370
     0
100
AcDbBlockReference
  2
9.12_72
 10
-595984.262
 20
-1158212.17
 30
0.0
 41
0.2
 42
0.2
 43
0.2
  0
TEXT
  5
439
330
93
100
AcDbEntity
  8
GS09-výškopis-body podrobné-výšky
  6
Continuous
 62
    32
370
     0
100
AcDbText
 10
-595984.367123
 20
-1158212.17
 30
0.0
 40
0.12
  1
258.35
 41
0.5
  7
Style-Arial Narrow
 72
     1
 11
-595984.262
 21
-1158212.17
 31
0.0
100
AcDbText
  0
INSERT
  5
43A
330
93
100
AcDbEntity
  8
GS09-výškopis-body podrobné-buňky
  6
Continuous
 62
    32
370
     0
100
AcDbBlockReference
  2
9.12_73
 10
-595983.977
 20
-1158204.9
 30
0.0
 41
0.2
 42
0.2
 43
0.2
  0
TEXT
  5
43F
330
93
100
AcDbEntity
  8
GS09-výškopis-body podrobné-výšky
  6
Continuous
 62
    32
370
     0
100
AcDbText
 10
-595984.082123
 20
-1158204.9
 30
0.0
 40
0.12
  1
258.45
 41
0.5
  7
Style-Arial Narrow
 72
     1
 11
-595983.977
 21
-1158204.9
 31
0.0
100
AcDbText
  0
INSERT
  5
440
330
93
100
AcDbEntity
  8
GS09-výškopis-body podrobné-buňky
  6
Continuous
 62
    32
370
     0
100
AcDbBlockReference
  2
9.12_74
 10
-595982.466
 20
-1158204.807
 30
0.0
 41
0.2
 42
0.2
 43
0.2
  0
TEXT
  5
445
330
93
100
AcDbEntity
  8
GS09-výškopis-body podrobné-výšky
  6
Continuous
 62
    32
370
     0
100
AcDbText
 10
-595982.571123
 20
-1158204.807
 30
0.0
 40
0.12
  1
258.45
 41
0.5
  7
Style-Arial Narrow
 72
     1
 11
-595982.466
 21
-1158204.807
 31
0.0
100
AcDbText
  0
INSERT
  5
446
330
93
100
AcDbEntity
  8
GS09-výškopis-body podrobné-buňky
  6
Continuous
 62
    32
370
     0
100
AcDbBlockReference
  2
9.12_75
 10
-595984.973
 20
-1158204.957
 30
0.0
 41
0.2
 42
0.2
 43
0.2
  0
TEXT
  5
44B
330
93
100
AcDbEntity
  8
GS09-výškopis-body podrobné-výšky
  6
Continuous
 62
    32
370
     0
100
AcDbText
 10
-595985.078123
 20
-1158204.957
 30
0.0
 40
0.12
  1
258.47
 41
0.5
  7
Style-Arial Narrow
 72
     1
 11
-595984.973
 21
-1158204.957
 31
0.0
100
AcDbText
  0
INSERT
  5
44C
330
93
100
AcDbEntity
  8
GS09-výškopis-body podrobné-buňky
  6
Continuous
 62
    32
370
     0
100
AcDbBlockReference
  2
9.12_76
 10
-595980.636
 20
-1158206.202
 30
0.0
 41
0.2
 42
0.2
 43
0.2
  0
TEXT
  5
451
330
93
100
AcDbEntity
  8
GS09-výškopis-body podrobné-výšky
  6
Continuous
 62
    32
370
     0
100
AcDbText
 10
-595980.741123
 20
-1158206.202
 30
0.0
 40
0.12
  1
258.48
 41
0.5
  7
Style-Arial Narrow
 72
     1
 11
-595980.636
 21
-1158206.202
 31
0.0
100
AcDbText
  0
INSERT
  5
452
330
93
100
AcDbEntity
  8
GS09-výškopis-body podrobné-buňky
  6
Continuous
 62
    32
370
     0
100
AcDbBlockReference
  2
9.12_77
 10
-595980.756
 20
-1158204.771
 30
0.0
 41
0.2
 42
0.2
 43
0.2
  0
TEXT
  5
457
330
93
100
AcDbEntity
  8
GS09-výškopis-body podrobné-výšky
  6
Continuous
 62
    32
370
     0
100
AcDbText
 10
-595980.861123
 20
-1158204.771
 30
0.0
 40
0.12
  1
258.49
 41
0.5
  7
Style-Arial Narrow
 72
     1
 11
-595980.756
 21
-1158204.771
 31
0.0
100
AcDbText
  0
INSERT
  5
458
330
93
100
AcDbEntity
  8
GS09-výškopis-body podrobné-buňky
  6
Continuous
 62
    32
370
     0
100
AcDbBlockReference
  2
9.12_78
 10
-595991.824
 20
-1158205.89
 30
0.0
 41
0.2
 42
0.2
 43
0.2
  0
TEXT
  5
45D
330
93
100
AcDbEntity
  8
GS09-výškopis-body podrobné-výšky
  6
Continuous
 62
    32
370
     0
100
AcDbText
 10
-595991.929123
 20
-1158205.89
 30
0.0
 40
0.12
  1
258.64
 41
0.5
  7
Style-Arial Narrow
 72
     1
 11
-595991.824
 21
-1158205.89
 31
0.0
100
AcDbText
  0
INSERT
  5
45E
330
93
100
AcDbEntity
  8
GS09-výškopis-body podrobné-buňky
  6
Continuous
 62
    32
370
     0
100
AcDbBlockReference
  2
9.12_79
 10
-595996.7
 20
-1158227.809
 30
0.0
 41
0.2
 42
0.2
 43
0.2
  0
TEXT
  5
463
330
93
100
AcDbEntity
  8
GS09-výškopis-body podrobné-výšky
  6
Continuous
 62
    32
370
     0
100
AcDbText
 10
-595996.805123
 20
-1158227.809
 30
0.0
 40
0.12
  1
258.47
 41
0.5
  7
Style-Arial Narrow
 72
     1
 11
-595996.7
 21
-1158227.809
 31
0.0
100
AcDbText
  0
INSERT
  5
464
330
93
100
AcDbEntity
  8
GS09-výškopis-body podrobné-buňky
  6
Continuous
 62
    32
370
     0
100
AcDbBlockReference
  2
9.12_80
 10
-595995.955
 20
-1158234.912
 30
0.0
 41
0.2
 42
0.2
 43
0.2
  0
TEXT
  5
469
330
93
100
AcDbEntity
  8
GS09-výškopis-body podrobné-výšky
  6
Continuous
 62
    32
370
     0
100
AcDbText
 10
-595996.060123
 20
-1158234.912
 30
0.0
 40
0.12
  1
258.47
 41
0.5
  7
Style-Arial Narrow
 72
     1
 11
-595995.955
 21
-1158234.912
 31
0.0
100
AcDbText
  0
INSERT
  5
46A
330
93
100
AcDbEntity
  8
GS09-výškopis-body podrobné-buňky
  6
Continuous
 62
    32
370
     0
100
AcDbBlockReference
  2
9.12_81
 10
-595989.22
 20
-1158233.588
 30
0.0
 41
0.2
 42
0.2
 43
0.2
  0
TEXT
  5
46F
330
93
100
AcDbEntity
  8
GS09-výškopis-body podrobné-výšky
  6
Continuous
 62
    32
370
     0
100
AcDbText
 10
-595989.325123
 20
-1158233.588
 30
0.0
 40
0.12
  1
258.51
 41
0.5
  7
Style-Arial Narrow
 72
     1
 11
-595989.22
 21
-1158233.588
 31
0.0
100
AcDbText
  0
INSERT
  5
470
330
93
100
AcDbEntity
  8
GS09-výškopis-body podrobné-buňky
  6
Continuous
 62
    32
370
     0
100
AcDbBlockReference
  2
9.12_82
 10
-595983.697
 20
-1158207.871
 30
0.0
 41
0.2
 42
0.2
 43
0.2
  0
TEXT
  5
475
330
93
100
AcDbEntity
  8
GS09-výškopis-body podrobné-výšky
  6
Continuous
 62
    32
370
     0
100
AcDbText
 10
-595983.802123
 20
-1158207.871
 30
0.0
 40
0.12
  1
258.41
 41
0.5
  7
Style-Arial Narrow
 72
     1
 11
-595983.697
 21
-1158207.871
 31
0.0
100
AcDbText
  0
INSERT
  5
476
330
93
100
AcDbEntity
  8
GS09-výškopis-body podrobné-buňky
  6
Continuous
 62
    32
370
     0
100
AcDbBlockReference
  2
9.12_83
 10
-595977.22
 20
-1158222.769
 30
0.0
 41
0.2
 42
0.2
 43
0.2
  0
TEXT
  5
47B
330
93
100
AcDbEntity
  8
GS09-výškopis-body podrobné-výšky
  6
Continuous
 62
    32
370
     0
100
AcDbText
 10
-595977.325123
 20
-1158222.769
 30
0.0
 40
0.12
  1
257.32
 41
0.5
  7
Style-Arial Narrow
 72
     1
 11
-595977.22
 21
-1158222.769
 31
0.0
100
AcDbText
  0
INSERT
  5
47C
330
93
100
AcDbEntity
  8
GS09-výškopis-body podrobné-buňky
  6
Continuous
 62
    32
370
     0
100
AcDbBlockReference
  2
9.12_84
 10
-595984.704
 20
-1158207.91
 30
0.0
 41
0.2
 42
0.2
 43
0.2
  0
TEXT
  5
481
330
93
100
AcDbEntity
  8
GS09-výškopis-body podrobné-výšky
  6
Continuous
 62
    32
370
     0
100
AcDbText
 10
-595984.809123
 20
-1158207.91
 30
0.0
 40
0.12
  1
258.41
 41
0.5
  7
Style-Arial Narrow
 72
     1
 11
-595984.704
 21
-1158207.91
 31
0.0
100
AcDbText
  0
INSERT
  5
482
330
93
100
AcDbEntity
  8
GS09-výškopis-body podrobné-buňky
  6
Continuous
 62
    32
370
     0
100
AcDbBlockReference
  2
9.12_85
 10
-595978.671
 20
-1158221.345
 30
0.0
 41
0.2
 42
0.2
 43
0.2
  0
TEXT
  5
487
330
93
100
AcDbEntity
  8
GS09-výškopis-body podrobné-výšky
  6
Continuous
 62
    32
370
     0
100
AcDbText
 10
-595978.776123
 20
-1158221.345
 30
0.0
 40
0.12
  1
257.59
 41
0.5
  7
Style-Arial Narrow
 72
     1
 11
-595978.671
 21
-1158221.345
 31
0.0
100
AcDbText
  0
INSERT
  5
488
330
93
100
AcDbEntity
  8
GS09-výškopis-body podrobné-buňky
  6
Continuous
 62
    32
370
     0
100
AcDbBlockReference
  2
9.12_86
 10
-595976.594
 20
-1158226.994
 30
0.0
 41
0.2
 42
0.2
 43
0.2
  0
TEXT
  5
48D
330
93
100
AcDbEntity
  8
GS09-výškopis-body podrobné-výšky
  6
Continuous
 62
    32
370
     0
100
AcDbText
 10
-595976.699123
 20
-1158226.994
 30
0.0
 40
0.12
  1
257.01
 41
0.5
  7
Style-Arial Narrow
 72
     1
 11
-595976.594
 21
-1158226.994
 31
0.0
100
AcDbText
  0
INSERT
  5
48E
330
93
100
AcDbEntity
  8
GS09-výškopis-body podrobné-buňky
  6
Continuous
 62
    32
370
     0
100
AcDbBlockReference
  2
9.12_87
 10
-595976.6
 20
-1158228.564
 30
0.0
 41
0.2
 42
0.2
 43
0.2
  0
TEXT
  5
493
330
93
100
AcDbEntity
  8
GS09-výškopis-body podrobné-výšky
  6
Continuous
 62
    32
370
     0
100
AcDbText
 10
-595976.705123
 20
-1158228.564
 30
0.0
 40
0.12
  1
257.28
 41
0.5
  7
Style-Arial Narrow
 72
     1
 11
-595976.6
 21
-1158228.564
 31
0.0
100
AcDbText
  0
INSERT
  5
494
330
93
100
AcDbEntity
  8
GS09-výškopis-body podrobné-buňky
  6
Continuous
 62
    32
370
     0
100
AcDbBlockReference
  2
9.12_88
 10
-595975.67
 20
-1158230.445
 30
0.0
 41
0.2
 42
0.2
 43
0.2
  0
TEXT
  5
499
330
93
100
AcDbEntity
  8
GS09-výškopis-body podrobné-výšky
  6
Continuous
 62
    32
370
     0
100
AcDbText
 10
-595975.775123
 20
-1158230.445
 30
0.0
 40
0.12
  1
256.94
 41
0.5
  7
Style-Arial Narrow
 72
     1
 11
-595975.67
 21
-1158230.445
 31
0.0
100
AcDbText
  0
INSERT
  5
49A
330
93
100
AcDbEntity
  8
GS09-výškopis-body podrobné-buňky
  6
Continuous
 62
    32
370
     0
100
AcDbBlockReference
  2
9.12_89
 10
-595976.573
 20
-1158231.34
 30
0.0
 41
0.2
 42
0.2
 43
0.2
  0
TEXT
  5
49F
330
93
100
AcDbEntity
  8
GS09-výškopis-body podrobné-výšky
  6
Continuous
 62
    32
370
     0
100
AcDbText
 10
-595976.678123
 20
-1158231.34
 30
0.0
 40
0.12
  1
257.08
 41
0.5
  7
Style-Arial Narrow
 72
     1
 11
-595976.573
 21
-1158231.34
 31
0.0
100
AcDbText
  0
INSERT
  5
4A0
330
93
100
AcDbEntity
  8
GS09-výškopis-body podrobné-buňky
  6
Continuous
 62
    32
370
     0
100
AcDbBlockReference
  2
9.12_90
 10
-595977.931
 20
-1158233.388
 30
0.0
 41
0.2
 42
0.2
 43
0.2
  0
TEXT
  5
4A5
330
93
100
AcDbEntity
  8
GS09-výškopis-body podrobné-výšky
  6
Continuous
 62
    32
370
     0
100
AcDbText
 10
-595978.036123
 20
-1158233.388
 30
0.0
 40
0.12
  1
257.45
 41
0.5
  7
Style-Arial Narrow
 72
     1
 11
-595977.931
 21
-1158233.388
 31
0.0
100
AcDbText
  0
INSERT
  5
4A6
330
93
100
AcDbEntity
  8
GS09-výškopis-body podrobné-buňky
  6
Continuous
 62
    32
370
     0
100
AcDbBlockReference
  2
9.12_91
 10
-595973.346
 20
-1158231.153
 30
0.0
 41
0.2
 42
0.2
 43
0.2
  0
TEXT
  5
4AB
330
93
100
AcDbEntity
  8
GS09-výškopis-body podrobné-výšky
  6
Continuous
 62
    32
370
     0
100
AcDbText
 10
-595973.451123
 20
-1158231.153
 30
0.0
 40
0.12
  1
256.15
 41
0.5
  7
Style-Arial Narrow
 72
     1
 11
-595973.346
 21
-1158231.153
 31
0.0
100
AcDbText
  0
INSERT
  5
4AC
330
93
100
AcDbEntity
  8
GS09-výškopis-body podrobné-buňky
  6
Continuous
 62
    32
370
     0
100
AcDbBlockReference
  2
9.12_92
 10
-595973.179
 20
-1158231.68
 30
0.0
 41
0.2
 42
0.2
 43
0.2
  0
TEXT
  5
4B1
330
93
100
AcDbEntity
  8
GS09-výškopis-body podrobné-výšky
  6
Continuous
 62
    32
370
     0
100
AcDbText
 10
-595973.284123
 20
-1158231.68
 30
0.0
 40
0.12
  1
256.12
 41
0.5
  7
Style-Arial Narrow
 72
     1
 11
-595973.179
 21
-1158231.68
 31
0.0
100
AcDbText
  0
INSERT
  5
4B2
330
93
100
AcDbEntity
  8
GS09-výškopis-body podrobné-buňky
  6
Continuous
 62
    32
370
     0
100
AcDbBlockReference
  2
9.12_93
 10
-595974.376
 20
-1158227.28
 30
0.0
 41
0.2
 42
0.2
 43
0.2
  0
TEXT
  5
4B7
330
93
100
AcDbEntity
  8
GS09-výškopis-body podrobné-výšky
  6
Continuous
 62
    32
370
     0
100
AcDbText
 10
-595974.481123
 20
-1158227.28
 30
0.0
 40
0.12
  1
256.49
 41
0.5
  7
Style-Arial Narrow
 72
     1
 11
-595974.376
 21
-1158227.28
 31
0.0
100
AcDbText
  0
INSERT
  5
4B8
330
93
100
AcDbEntity
  8
GS09-výškopis-body podrobné-buňky
  6
Continuous
 62
    32
370
     0
100
AcDbBlockReference
  2
9.12_94
 10
-595975.81
 20
-1158224.609
 30
0.0
 41
0.2
 42
0.2
 43
0.2
  0
TEXT
  5
4BD
330
93
100
AcDbEntity
  8
GS09-výškopis-body podrobné-výšky
  6
Continuous
 62
    32
370
     0
100
AcDbText
 10
-595975.915123
 20
-1158224.609
 30
0.0
 40
0.12
  1
256.80
 41
0.5
  7
Style-Arial Narrow
 72
     1
 11
-595975.81
 21
-1158224.609
 31
0.0
100
AcDbText
  0
INSERT
  5
4BE
330
93
100
AcDbEntity
  8
GS09-výškopis-body podrobné-buňky
  6
Continuous
 62
    32
370
     0
100
AcDbBlockReference
  2
9.12_95
 10
-595978.437
 20
-1158234.121
 30
0.0
 41
0.2
 42
0.2
 43
0.2
  0
TEXT
  5
4C3
330
93
100
AcDbEntity
  8
GS09-výškopis-body podrobné-výšky
  6
Continuous
 62
    32
370
     0
100
AcDbText
 10
-595978.542123
 20
-1158234.121
 30
0.0
 40
0.12
  1
255.95
 41
0.5
  7
Style-Arial Narrow
 72
     1
 11
-595978.437
 21
-1158234.121
 31
0.0
100
AcDbText
  0
INSERT
  5
4C4
330
93
100
AcDbEntity
  8
GS09-výškopis-body podrobné-buňky
  6
Continuous
 62
    32
370
     0
100
AcDbBlockReference
  2
9.12_96
 10
-595977.509
 20
-1158237.826
 30
0.0
 41
0.2
 42
0.2
 43
0.2
  0
TEXT
  5
4C9
330
93
100
AcDbEntity
  8
GS09-výškopis-body podrobné-výšky
  6
Continuous
 62
    32
370
     0
100
AcDbText
 10
-595977.614123
 20
-1158237.826
 30
0.0
 40
0.12
  1
256.03
 41
0.5
  7
Style-Arial Narrow
 72
     1
 11
-595977.509
 21
-1158237.826
 31
0.0
100
AcDbText
  0
INSERT
  5
4CA
330
93
100
AcDbEntity
  8
GS09-výškopis-body podrobné-buňky
  6
Continuous
 62
    32
370
     0
100
AcDbBlockReference
  2
9.12_97
 10
-595976.451
 20
-1158237.572
 30
0.0
 41
0.2
 42
0.2
 43
0.2
  0
TEXT
  5
4CF
330
93
100
AcDbEntity
  8
GS09-výškopis-body podrobné-výšky
  6
Continuous
 62
    32
370
     0
100
AcDbText
 10
-595976.556123
 20
-1158237.572
 30
0.0
 40
0.12
  1
255.98
 41
0.5
  7
Style-Arial Narrow
 72
     1
 11
-595976.451
 21
-1158237.572
 31
0.0
100
AcDbText
  0
INSERT
  5
4D0
330
93
100
AcDbEntity
  8
GS09-výškopis-body podrobné-buňky
  6
Continuous
 62
    32
370
     0
100
AcDbBlockReference
  2
9.12_98
 10
-595976.24
 20
-1158238.224
 30
0.0
 41
0.2
 42
0.2
 43
0.2
  0
TEXT
  5
4D5
330
93
100
AcDbEntity
  8
GS09-výškopis-body podrobné-výšky
  6
Continuous
 62
    32
370
     0
100
AcDbText
 10
-595976.345123
 20
-1158238.224
 30
0.0
 40
0.12
  1
255.96
 41
0.5
  7
Style-Arial Narrow
 72
     1
 11
-595976.24
 21
-1158238.224
 31
0.0
100
AcDbText
  0
INSERT
  5
4D6
330
93
100
AcDbEntity
  8
GS09-výškopis-body podrobné-buňky
  6
Continuous
 62
    32
370
     0
100
AcDbBlockReference
  2
9.12_99
 10
-595973.367
 20
-1158236.164
 30
0.0
 41
0.2
 42
0.2
 43
0.2
  0
TEXT
  5
4DB
330
93
100
AcDbEntity
  8
GS09-výškopis-body podrobné-výšky
  6
Continuous
 62
    32
370
     0
100
AcDbText
 10
-595973.472123
 20
-1158236.164
 30
0.0
 40
0.12
  1
255.75
 41
0.5
  7
Style-Arial Narrow
 72
     1
 11
-595973.367
 21
-1158236.164
 31
0.0
100
AcDbText
  0
INSERT
  5
4DC
330
93
100
AcDbEntity
  8
GS09-výškopis-body podrobné-buňky
  6
Continuous
 62
    32
370
     0
100
AcDbBlockReference
  2
9.12_100
 10
-595973.538
 20
-1158237.23
 30
0.0
 41
0.2
 42
0.2
 43
0.2
  0
TEXT
  5
4E1
330
93
100
AcDbEntity
  8
GS09-výškopis-body podrobné-výšky
  6
Continuous
 62
    32
370
     0
100
AcDbText
 10
-595973.643123
 20
-1158237.23
 30
0.0
 40
0.12
  1
255.87
 41
0.5
  7
Style-Arial Narrow
 72
     1
 11
-595973.538
 21
-1158237.23
 31
0.0
100
AcDbText
  0
INSERT
  5
4E2
330
93
100
AcDbEntity
  8
GS09-výškopis-body podrobné-buňky
  6
Continuous
 62
    32
370
     0
100
AcDbBlockReference
  2
9.12_101
 10
-595972.984
 20
-1158237.092
 30
0.0
 41
0.2
 42
0.2
 43
0.2
  0
TEXT
  5
4E7
330
93
100
AcDbEntity
  8
GS09-výškopis-body podrobné-výšky
  6
Continuous
 62
    32
370
     0
100
AcDbText
 10
-595973.089123
 20
-1158237.092
 30
0.0
 40
0.12
  1
255.86
 41
0.5
  7
Style-Arial Narrow
 72
     1
 11
-595972.984
 21
-1158237.092
 31
0.0
100
AcDbText
  0
INSERT
  5
4E8
330
93
100
AcDbEntity
  8
GS09-výškopis-body podrobné-buňky
  6
Continuous
 62
    32
370
     0
100
AcDbBlockReference
  2
9.12_102
 10
-595971.785
 20
-1158237.104
 30
0.0
 41
0.2
 42
0.2
 43
0.2
  0
TEXT
  5
4ED
330
93
100
AcDbEntity
  8
GS09-výškopis-body podrobné-výšky
  6
Continuous
 62
    32
370
     0
100
AcDbText
 10
-595971.890123
 20
-1158237.104
 30
0.0
 40
0.12
  1
255.77
 41
0.5
  7
Style-Arial Narrow
 72
     1
 11
-595971.785
 21
-1158237.104
 31
0.0
100
AcDbText
  0
INSERT
  5
4EE
330
93
100
AcDbEntity
  8
GS09-výškopis-body podrobné-buňky
  6
Continuous
 62
    32
370
     0
100
AcDbBlockReference
  2
9.12_103
 10
-595971.67
 20
-1158237.534
 30
0.0
 41
0.2
 42
0.2
 43
0.2
  0
TEXT
  5
4F3
330
93
100
AcDbEntity
  8
GS09-výškopis-body podrobné-výšky
  6
Continuous
 62
    32
370
     0
100
AcDbText
 10
-595971.775123
 20
-1158237.534
 30
0.0
 40
0.12
  1
255.71
 41
0.5
  7
Style-Arial Narrow
 72
     1
 11
-595971.67
 21
-1158237.534
 31
0.0
100
AcDbText
  0
INSERT
  5
4F4
330
93
100
AcDbEntity
  8
GS09-výškopis-body podrobné-buňky
  6
Continuous
 62
    32
370
     0
100
AcDbBlockReference
  2
9.12_104
 10
-595971.118
 20
-1158239.711
 30
0.0
 41
0.2
 42
0.2
 43
0.2
  0
TEXT
  5
4F9
330
93
100
AcDbEntity
  8
GS09-výškopis-body podrobné-výšky
  6
Continuous
 62
    32
370
     0
100
AcDbText
 10
-595971.223123
 20
-1158239.711
 30
0.0
 40
0.12
  1
255.69
 41
0.5
  7
Style-Arial Narrow
 72
     1
 11
-595971.118
 21
-1158239.711
 31
0.0
100
AcDbText
  0
INSERT
  5
4FA
330
93
100
AcDbEntity
  8
GS09-výškopis-body podrobné-buňky
  6
Continuous
 62
    32
370
     0
100
AcDbBlockReference
  2
9.12_105
 10
-595965.214
 20
-1158238.981
 30
0.0
 41
0.2
 42
0.2
 43
0.2
  0
TEXT
  5
4FF
330
93
100
AcDbEntity
  8
GS09-výškopis-body podrobné-výšky
  6
Continuous
 62
    32
370
     0
100
AcDbText
 10
-595965.319123
 20
-1158238.981
 30
0.0
 40
0.12
  1
255.59
 41
0.5
  7
Style-Arial Narrow
 72
     1
 11
-595965.214
 21
-1158238.981
 31
0.0
100
AcDbText
  0
INSERT
  5
500
330
93
100
AcDbEntity
  8
GS09-výškopis-body podrobné-buňky
  6
Continuous
 62
    32
370
     0
100
AcDbBlockReference
  2
9.12_106
 10
-595965.64
 20
-1158237.259
 30
0.0
 41
0.2
 42
0.2
 43
0.2
  0
TEXT
  5
505
330
93
100
AcDbEntity
  8
GS09-výškopis-body podrobné-výšky
  6
Continuous
 62
    32
370
     0
100
AcDbText
 10
-595965.745123
 20
-1158237.259
 30
0.0
 40
0.12
  1
255.66
 41
0.5
  7
Style-Arial Narrow
 72
     1
 11
-595965.64
 21
-1158237.259
 31
0.0
100
AcDbText
  0
INSERT
  5
506
330
93
100
AcDbEntity
  8
GS09-výškopis-body podrobné-buňky
  6
Continuous
 62
    32
370
     0
100
AcDbBlockReference
  2
9.12_107
 10
-595965.889
 20
-1158236.282
 30
0.0
 41
0.2
 42
0.2
 43
0.2
  0
TEXT
  5
50B
330
93
100
AcDbEntity
  8
GS09-výškopis-body podrobné-výšky
  6
Continuous
 62
    32
370
     0
100
AcDbText
 10
-595965.994123
 20
-1158236.282
 30
0.0
 40
0.12
  1
255.71
 41
0.5
  7
Style-Arial Narrow
 72
     1
 11
-595965.889
 21
-1158236.282
 31
0.0
100
AcDbText
  0
INSERT
  5
50C
330
93
100
AcDbEntity
  8
GS09-výškopis-body podrobné-buňky
  6
Continuous
 62
    32
370
     0
100
AcDbBlockReference
  2
9.12_108
 10
-595964.1
 20
-1158235.114
 30
0.0
 41
0.2
 42
0.2
 43
0.2
  0
TEXT
  5
511
330
93
100
AcDbEntity
  8
GS09-výškopis-body podrobné-výšky
  6
Continuous
 62
    32
370
     0
100
AcDbText
 10
-595964.205123
 20
-1158235.114
 30
0.0
 40
0.12
  1
255.69
 41
0.5
  7
Style-Arial Narrow
 72
     1
 11
-595964.1
 21
-1158235.114
 31
0.0
100
AcDbText
  0
INSERT
  5
512
330
93
100
AcDbEntity
  8
GS09-výškopis-body podrobné-buňky
  6
Continuous
 62
    32
370
     0
100
AcDbBlockReference
  2
9.12_109
 10
-595964.575
 20
-1158235.934
 30
0.0
 41
0.2
 42
0.2
 43
0.2
  0
TEXT
  5
517
330
93
100
AcDbEntity
  8
GS09-výškopis-body podrobné-výšky
  6
Continuous
 62
    32
370
     0
100
AcDbText
 10
-595964.680123
 20
-1158235.934
 30
0.0
 40
0.12
  1
255.71
 41
0.5
  7
Style-Arial Narrow
 72
     1
 11
-595964.575
 21
-1158235.934
 31
0.0
100
AcDbText
  0
INSERT
  5
518
330
93
100
AcDbEntity
  8
GS09-výškopis-body podrobné-buňky
  6
Continuous
 62
    32
370
     0
100
AcDbBlockReference
  2
9.12_110
 10
-595968.802
 20
-1158224.545
 30
0.0
 41
0.2
 42
0.2
 43
0.2
  0
TEXT
  5
51D
330
93
100
AcDbEntity
  8
GS09-výškopis-body podrobné-výšky
  6
Continuous
 62
    32
370
     0
100
AcDbText
 10
-595968.907123
 20
-1158224.545
 30
0.0
 40
0.12
  1
256.55
 41
0.5
  7
Style-Arial Narrow
 72
     1
 11
-595968.802
 21
-1158224.545
 31
0.0
100
AcDbText
  0
INSERT
  5
51E
330
93
100
AcDbEntity
  8
GS09-výškopis-body podrobné-buňky
  6
Continuous
 62
    32
370
     0
100
AcDbBlockReference
  2
9.12_111
 10
-595968.837
 20
-1158223.246
 30
0.0
 41
0.2
 42
0.2
 43
0.2
  0
TEXT
  5
523
330
93
100
AcDbEntity
  8
GS09-výškopis-body podrobné-výšky
  6
Continuous
 62
    32
370
     0
100
AcDbText
 10
-595968.942123
 20
-1158223.246
 30
0.0
 40
0.12
  1
256.59
 41
0.5
  7
Style-Arial Narrow
 72
     1
 11
-595968.837
 21
-1158223.246
 31
0.0
100
AcDbText
  0
INSERT
  5
524
330
93
100
AcDbEntity
  8
GS09-výškopis-body podrobné-buňky
  6
Continuous
 62
    32
370
     0
100
AcDbBlockReference
  2
9.12_112
 10
-595966.374
 20
-1158221.373
 30
0.0
 41
0.2
 42
0.2
 43
0.2
  0
TEXT
  5
529
330
93
100
AcDbEntity
  8
GS09-výškopis-body podrobné-výšky
  6
Continuous
 62
    32
370
     0
100
AcDbText
 10
-595966.479123
 20
-1158221.373
 30
0.0
 40
0.12
  1
256.20
 41
0.5
  7
Style-Arial Narrow
 72
     1
 11
-595966.374
 21
-1158221.373
 31
0.0
100
AcDbText
  0
INSERT
  5
52A
330
93
100
AcDbEntity
  8
GS09-výškopis-body podrobné-buňky
  6
Continuous
 62
    32
370
     0
100
AcDbBlockReference
  2
9.12_113
 10
-595964.589
 20
-1158217.292
 30
0.0
 41
0.2
 42
0.2
 43
0.2
  0
TEXT
  5
52F
330
93
100
AcDbEntity
  8
GS09-výškopis-body podrobné-výšky
  6
Continuous
 62
    32
370
     0
100
AcDbText
 10
-595964.694123
 20
-1158217.292
 30
0.0
 40
0.12
  1
255.94
 41
0.5
  7
Style-Arial Narrow
 72
     1
 11
-595964.589
 21
-1158217.292
 31
0.0
100
AcDbText
  0
INSERT
  5
530
330
93
100
AcDbEntity
  8
GS09-výškopis-body podrobné-buňky
  6
Continuous
 62
    32
370
     0
100
AcDbBlockReference
  2
9.12_114
 10
-595971.36
 20
-1158217.832
 30
0.0
 41
0.2
 42
0.2
 43
0.2
  0
TEXT
  5
535
330
93
100
AcDbEntity
  8
GS09-výškopis-body podrobné-výšky
  6
Continuous
 62
    32
370
     0
100
AcDbText
 10
-595971.465123
 20
-1158217.832
 30
0.0
 40
0.12
  1
256.77
 41
0.5
  7
Style-Arial Narrow
 72
     1
 11
-595971.36
 21
-1158217.832
 31
0.0
100
AcDbText
  0
INSERT
  5
536
330
93
100
AcDbEntity
  8
GS09-výškopis-body podrobné-buňky
  6
Continuous
 62
    32
370
     0
100
AcDbBlockReference
  2
9.12_115
 10
-595966.916
 20
-1158224.071
 30
0.0
 41
0.2
 42
0.2
 43
0.2
  0
TEXT
  5
53B
330
93
100
AcDbEntity
  8
GS09-výškopis-body podrobné-výšky
  6
Continuous
 62
    32
370
     0
100
AcDbText
 10
-595967.021123
 20
-1158224.071
 30
0.0
 40
0.12
  1
258.25
 41
0.5
  7
Style-Arial Narrow
 72
     1
 11
-595966.916
 21
-1158224.071
 31
0.0
100
AcDbText
  0
INSERT
  5
53C
330
93
100
AcDbEntity
  8
GS09-výškopis-body podrobné-buňky
  6
Continuous
 62
    32
370
     0
100
AcDbBlockReference
  2
9.12_116
 10
-595970.249
 20
-1158212.421
 30
0.0
 41
0.2
 42
0.2
 43
0.2
  0
TEXT
  5
541
330
93
100
AcDbEntity
  8
GS09-výškopis-body podrobné-výšky
  6
Continuous
 62
    32
370
     0
100
AcDbText
 10
-595970.354123
 20
-1158212.421
 30
0.0
 40
0.12
  1
257.24
 41
0.5
  7
Style-Arial Narrow
 72
     1
 11
-595970.249
 21
-1158212.421
 31
0.0
100
AcDbText
  0
INSERT
  5
542
330
93
100
AcDbEntity
  8
GS09-výškopis-body podrobné-buňky
  6
Continuous
 62
    32
370
     0
100
AcDbBlockReference
  2
9.12_117
 10
-595971.791
 20
-1158237.103
 30
0.0
 41
0.2
 42
0.2
 43
0.2
  0
TEXT
  5
547
330
93
100
AcDbEntity
  8
GS09-výškopis-body podrobné-výšky
  6
Continuous
 62
    32
370
     0
100
AcDbText
 10
-595971.896123
 20
-1158237.103
 30
0.0
 40
0.12
  1
258.47
 41
0.5
  7
Style-Arial Narrow
 72
     1
 11
-595971.791
 21
-1158237.103
 31
0.0
100
AcDbText
  0
INSERT
  5
548
330
93
100
AcDbEntity
  8
GS01-body-BP+PMS-buňky
  6
Continuous
 62
     7
370
     0
100
AcDbBlockReference
  2
1.07
 10
-595990.27
 20
-1158224.11
 30
0.0
 41
200.0
 42
200.0
 43
200.0
  0
INSERT
  5
551
330
93
100
AcDbEntity
  8
GS01-body-BP+PMS-buňky
  6
Continuous
 62
     7
370
     0
100
AcDbBlockReference
  2
1.07_1
 10
-595971.88
 20
-1158234.75
 30
0.0
 41
200.0
 42
200.0
 43
200.0
  0
ENDBLK
  5
559
330
93
100
AcDbEntity
  8
0
100
AcDbBlockEnd
  0
BLOCK
  5
E3
330
E2
100
AcDbEntity
  8
0
100
AcDbBlockBegin
  2
6.560
 70
     0
 10
0.0
 20
0.0
 30
0.0
  3
6.560
  1

  0
CIRCLE
  5
E4
330
E2
100
AcDbEntity
  8
GS06-sítě-veřejné osvětlení
  6
Continuous
 62
     1
370
     0
100
AcDbCircle
 10
0.0
 20
0.00225
 30
0.0
 40
0.00075
  0
LINE
  5
E5
330
E2
100
AcDbEntity
  8
GS06-sítě-veřejné osvětlení
  6
Continuous
 62
     1
370
     0
100
AcDbLine
 10
-0.00053
 20
0.00172
 30
0.0
 11
0.00053
 21
0.00278
 31
0.0
  0
LINE
  5
E6
330
E2
100
AcDbEntity
  8
GS06-sítě-veřejné osvětlení
  6
Continuous
 62
     1
370
     0
100
AcDbLine
 10
-0.00053
 20
0.00278
 30
0.0
 11
0.00053
 21
0.00172
 31
0.0
  0
LINE
  5
E7
330
E2
100
AcDbEntity
  8
GS06-sítě-veřejné osvětlení
  6
Continuous
 62
     1
370
     0
100
AcDbLine
 10
0.0
 20
0.0015
 30
0.0
 11
0.0
 21
0.0004
 31
0.0
  0
HATCH
  5
E8
330
E2
100
AcDbEntity
  8
GS06-sítě-veřejné osvětlení
  6
Continuous
 62
     1
370
     0
100
AcDbHatch
 10
0.0
 20
0.0
 30
0.0
210
0.0
220
0.0
230
1.0
  2
SOLID
 70
     1
 71
     0
 91
        1
 92
        1
 93
        1
 72
     2
 10
-0.0000000000004547
 20
0.0
 40
0.0004
 50
0.0
 51
360.0
 73
     1
 97
        0
 75
     0
 76
     1
 98
        1
 10
0.0
 20
0.0
450
        0
451
        0
460
0.0
461
0.0
452
        0
462
0.0
453
        0
470

  0
ENDBLK
  5
E9
330
E2
100
AcDbEntity
  8
0
100
AcDbBlockEnd
  0
BLOCK
  5
EC
330
EB
100
AcDbEntity
  8
0
100
AcDbBlockBegin
  2
6.560_1
 70
     0
 10
0.0
 20
0.0
 30
0.0
  3
6.560_1
  1

  0
CIRCLE
  5
ED
330
EB
100
AcDbEntity
  8
GS06-sítě-veřejné osvětlení
  6
Continuous
 62
     1
370
     0
100
AcDbCircle
 10
0.0
 20
0.00225
 30
0.0
 40
0.00075
  0
LINE
  5
EE
330
EB
100
AcDbEntity
  8
GS06-sítě-veřejné osvětlení
  6
Continuous
 62
     1
370
     0
100
AcDbLine
 10
-0.00053
 20
0.00172
 30
0.0
 11
0.00053
 21
0.00278
 31
0.0
  0
LINE
  5
EF
330
EB
100
AcDbEntity
  8
GS06-sítě-veřejné osvětlení
  6
Continuous
 62
     1
370
     0
100
AcDbLine
 10
-0.00053
 20
0.00278
 30
0.0
 11
0.00053
 21
0.00172
 31
0.0
  0
LINE
  5
F0
330
EB
100
AcDbEntity
  8
GS06-sítě-veřejné osvětlení
  6
Continuous
 62
     1
370
     0
100
AcDbLine
 10
0.0
 20
0.0015
 30
0.0
 11
0.0
 21
0.0004
 31
0.0
  0
HATCH
  5
F1
330
EB
100
AcDbEntity
  8
GS06-sítě-veřejné osvětlení
  6
Continuous
 62
     1
370
     0
100
AcDbHatch
 10
0.0
 20
0.0
 30
0.0
210
0.0
220
0.0
230
1.0
  2
SOLID
 70
     1
 71
     0
 91
        1
 92
        1
 93
        1
 72
     2
 10
0.0
 20
0.0
 40
0.0004
 50
0.0
 51
360.0
 73
     1
 97
        0
 75
     0
 76
     1
 98
        1
 10
0.0
 20
0.0
450
        0
451
        0
460
0.0
461
0.0
452
        0
462
0.0
453
        0
470

  0
ENDBLK
  5
F2
330
EB
100
AcDbEntity
  8
0
100
AcDbBlockEnd
  0
BLOCK
  5
F5
330
F4
100
AcDbEntity
  8
0
100
AcDbBlockBegin
  2
6.30
 70
     0
 10
0.0
 20
0.0
 30
0.0
  3
6.30
  1

  0
3DFACE
  5
F6
330
F4
100
AcDbEntity
  8
GS06-sítě-kanalizace_DEST
  6
Continuous
 62
     3
370
     0
100
AcDbFace
 10
-0.0005
 20
0.0005
 30
0.0
 11
0.0005
 21
0.0005
 31
0.0
 12
0.0005
 22
-0.0005
 32
0.0
 13
-0.0005
 23
-0.0005
 33
0.0
  0
LINE
  5
F7
330
F4
100
AcDbEntity
  8
GS06-sítě-kanalizace_DEST
  6
Continuous
 62
     3
370
     0
100
AcDbLine
 10
-0.0005
 20
0.0
 30
0.0
 11
0.0005
 21
0.0
 31
0.0
  0
ENDBLK
  5
F8
330
F4
100
AcDbEntity
  8
0
100
AcDbBlockEnd
  0
BLOCK
  5
FB
330
FA
100
AcDbEntity
  8
0
100
AcDbBlockBegin
  2
6.30_1
 70
     0
 10
0.0
 20
0.0
 30
0.0
  3
6.30_1
  1

  0
3DFACE
  5
FC
330
FA
100
AcDbEntity
  8
GS06-sítě-kanalizace_DEST
  6
Continuous
 62
     3
370
     0
100
AcDbFace
 10
-0.0005
 20
0.0005
 30
0.0
 11
0.0005
 21
0.0005
 31
0.0
 12
0.0005
 22
-0.0005
 32
0.0
 13
-0.0005
 23
-0.0005
 33
0.0
  0
LINE
  5
FD
330
FA
100
AcDbEntity
  8
GS06-sítě-kanalizace_DEST
  6
Continuous
 62
     3
370
     0
100
AcDbLine
 10
-0.0005
 20
0.0
 30
0.0
 11
0.0005
 21
0.0
 31
0.0
  0
ENDBLK
  5
FE
330
FA
100
AcDbEntity
  8
0
100
AcDbBlockEnd
  0
BLOCK
  5
102
330
101
100
AcDbEntity
  8
0
100
AcDbBlockBegin
  2
3.13
 70
     0
 10
0.0
 20
0.0
 30
0.0
  3
3.13
  1

  0
ARC
  5
103
330
101
100
AcDbEntity
  8
GS03-stromy
  6
Continuous
 62
    96
370
     0
100
AcDbCircle
 10
0.0
 20
0.001
 30
0.0
 40
0.001
100
AcDbArc
 50
0.0
 51
180.0
  0
ARC
  5
104
330
101
100
AcDbEntity
  8
GS03-stromy
  6
Continuous
 62
    96
370
     0
100
AcDbCircle
 10
-0.001
 20
0.0
 30
0.0
 40
0.001
100
AcDbArc
 50
90.0
 51
270.0
  0
ARC
  5
105
330
101
100
AcDbEntity
  8
GS03-stromy
  6
Continuous
 62
    96
370
     0
100
AcDbCircle
 10
0.0
 20
-0.001
 30
0.0
 40
0.001
100
AcDbArc
 50
180.0
 51
0.0
  0
ARC
  5
106
330
101
100
AcDbEntity
  8
GS03-stromy
  6
Continuous
 62
    96
370
     0
100
AcDbCircle
 10
0.001
 20
0.0
 30
0.0
 40
0.001
100
AcDbArc
 50
270.0
 51
90.0
  0
HATCH
  5
107
330
101
100
AcDbEntity
  8
GS03-stromy
  6
Continuous
 62
    96
370
     0
100
AcDbHatch
 10
0.0
 20
0.0
 30
0.0
210
0.0
220
0.0
230
1.0
  2
SOLID
 70
     1
 71
     0
 91
        1
 92
        1
 93
        1
 72
     2
 10
0.0
 20
0.0
 40
0.0001
 50
0.0
 51
360.0
 73
     1
 97
        0
 75
     0
 76
     1
 98
        1
 10
0.0
 20
0.0
450
        0
451
        0
460
0.0
461
0.0
452
        0
462
0.0
453
        0
470

  0
ENDBLK
  5
108
330
101
100
AcDbEntity
  8
0
100
AcDbBlockEnd
  0
BLOCK
  5
10B
330
10A
100
AcDbEntity
  8
0
100
AcDbBlockBegin
  2
3.13_1
 70
     0
 10
0.0
 20
0.0
 30
0.0
  3
3.13_1
  1

  0
ARC
  5
10C
330
10A
100
AcDbEntity
  8
GS03-stromy
  6
Continuous
 62
    96
370
     0
100
AcDbCircle
 10
0.0
 20
0.001
 30
0.0
 40
0.001
100
AcDbArc
 50
0.0
 51
180.0
  0
ARC
  5
10D
330
10A
100
AcDbEntity
  8
GS03-stromy
  6
Continuous
 62
    96
370
     0
100
AcDbCircle
 10
-0.001
 20
0.0
 30
0.0
 40
0.001
100
AcDbArc
 50
90.0
 51
270.0
  0
ARC
  5
10E
330
10A
100
AcDbEntity
  8
GS03-stromy
  6
Continuous
 62
    96
370
     0
100
AcDbCircle
 10
0.0
 20
-0.001
 30
0.0
 40
0.001
100
AcDbArc
 50
180.0
 51
0.0
  0
ARC
  5
10F
330
10A
100
AcDbEntity
  8
GS03-stromy
  6
Continuous
 62
    96
370
     0
100
AcDbCircle
 10
0.001
 20
0.0
 30
0.0
 40
0.001
100
AcDbArc
 50
270.0
 51
90.0
  0
HATCH
  5
110
330
10A
100
AcDbEntity
  8
GS03-stromy
  6
Continuous
 62
    96
370
     0
100
AcDbHatch
 10
0.0
 20
0.0
 30
0.0
210
0.0
220
0.0
230
1.0
  2
SOLID
 70
     1
 71
     0
 91
        1
 92
        1
 93
        1
 72
     2
 10
-0.0000000000004547
 20
0.0
 40
0.0001
 50
0.0
 51
360.0
 73
     1
 97
        0
 75
     0
 76
     1
 98
        1
 10
0.0
 20
0.0
450
        0
451
        0
460
0.0
461
0.0
452
        0
462
0.0
453
        0
470

  0
ENDBLK
  5
111
330
10A
100
AcDbEntity
  8
0
100
AcDbBlockEnd
  0
BLOCK
  5
114
330
113
100
AcDbEntity
  8
0
100
AcDbBlockBegin
  2
3.13_2
 70
     0
 10
0.0
 20
0.0
 30
0.0
  3
3.13_2
  1

  0
ARC
  5
115
330
113
100
AcDbEntity
  8
GS03-stromy
  6
Continuous
 62
    96
370
     0
100
AcDbCircle
 10
0.0
 20
0.001
 30
0.0
 40
0.001
100
AcDbArc
 50
0.0
 51
180.0
  0
ARC
  5
116
330
113
100
AcDbEntity
  8
GS03-stromy
  6
Continuous
 62
    96
370
     0
100
AcDbCircle
 10
-0.001
 20
0.0
 30
0.0
 40
0.001
100
AcDbArc
 50
90.0
 51
270.0
  0
ARC
  5
117
330
113
100
AcDbEntity
  8
GS03-stromy
  6
Continuous
 62
    96
370
     0
100
AcDbCircle
 10
0.0
 20
-0.001
 30
0.0
 40
0.001
100
AcDbArc
 50
180.0
 51
0.0
  0
ARC
  5
118
330
113
100
AcDbEntity
  8
GS03-stromy
  6
Continuous
 62
    96
370
     0
100
AcDbCircle
 10
0.001
 20
0.0
 30
0.0
 40
0.001
100
AcDbArc
 50
270.0
 51
90.0
  0
HATCH
  5
119
330
113
100
AcDbEntity
  8
GS03-stromy
  6
Continuous
 62
    96
370
     0
100
AcDbHatch
 10
0.0
 20
0.0
 30
0.0
210
0.0
220
0.0
230
1.0
  2
SOLID
 70
     1
 71
     0
 91
        1
 92
        1
 93
        1
 72
     2
 10
0.0
 20
0.0
 40
0.0001
 50
0.0
 51
360.0
 73
     1
 97
        0
 75
     0
 76
     1
 98
        1
 10
0.0
 20
0.0
450
        0
451
        0
460
0.0
461
0.0
452
        0
462
0.0
453
        0
470

  0
ENDBLK
  5
11A
330
113
100
AcDbEntity
  8
0
100
AcDbBlockEnd
  0
BLOCK
  5
284
330
283
100
AcDbEntity
  8
0
100
AcDbBlockBegin
  2
9.12
 70
     0
 10
0.0
 20
0.0
 30
0.0
  3
9.12
  1

  0
HATCH
  5
285
330
283
100
AcDbEntity
  8
GS09-výškopis-body podrobné-buňky
  6
Continuous
 62
    32
370
     0
100
AcDbHatch
 10
0.0
 20
0.0
 30
0.0
210
0.0
220
0.0
230
1.0
  2
SOLID
 70
     1
 71
     0
 91
        1
 92
        1
 93
        1
 72
     2
 10
-0.0000000004656613
 20
0.0
 40
0.00015
 50
0.0
 51
360.0
 73
     1
 97
        0
 75
     0
 76
     1
 98
        1
 10
0.0
 20
0.0
450
        0
451
        0
460
0.0
461
0.0
452
        0
462
0.0
453
        0
470

  0
ENDBLK
  5
286
330
283
100
AcDbEntity
  8
0
100
AcDbBlockEnd
  0
BLOCK
  5
28C
330
28B
100
AcDbEntity
  8
0
100
AcDbBlockBegin
  2
9.12_1
 70
     0
 10
0.0
 20
0.0
 30
0.0
  3
9.12_1
  1

  0
HATCH
  5
28D
330
28B
100
AcDbEntity
  8
GS09-výškopis-body podrobné-buňky
  6
Continuous
 62
    32
370
     0
100
AcDbHatch
 10
0.0
 20
0.0
 30
0.0
210
0.0
220
0.0
230
1.0
  2
SOLID
 70
     1
 71
     0
 91
        1
 92
        1
 93
        1
 72
     2
 10
0.0000000004656613
 20
0.0
 40
0.00015
 50
0.0
 51
360.0
 73
     1
 97
        0
 75
     0
 76
     1
 98
        1
 10
0.0
 20
0.0
450
        0
451
        0
460
0.0
461
0.0
452
        0
462
0.0
453
        0
470

  0
ENDBLK
  5
28E
330
28B
100
AcDbEntity
  8
0
100
AcDbBlockEnd
  0
BLOCK
  5
292
330
291
100
AcDbEntity
  8
0
100
AcDbBlockBegin
  2
9.12_2
 70
     0
 10
0.0
 20
0.0
 30
0.0
  3
9.12_2
  1

  0
HATCH
  5
293
330
291
100
AcDbEntity
  8
GS09-výškopis-body podrobné-buňky
  6
Continuous
 62
    32
370
     0
100
AcDbHatch
 10
0.0
 20
0.0
 30
0.0
210
0.0
220
0.0
230
1.0
  2
SOLID
 70
     1
 71
     0
 91
        1
 92
        1
 93
        1
 72
     2
 10
0.0
 20
0.0
 40
0.00015
 50
0.0
 51
360.0
 73
     1
 97
        0
 75
     0
 76
     1
 98
        1
 10
0.0
 20
0.0
450
        0
451
        0
460
0.0
461
0.0
452
        0
462
0.0
453
        0
470

  0
ENDBLK
  5
294
330
291
100
AcDbEntity
  8
0
100
AcDbBlockEnd
  0
BLOCK
  5
298
330
297
100
AcDbEntity
  8
0
100
AcDbBlockBegin
  2
9.12_3
 70
     0
 10
0.0
 20
0.0
 30
0.0
  3
9.12_3
  1

  0
HATCH
  5
299
330
297
100
AcDbEntity
  8
GS09-výškopis-body podrobné-buňky
  6
Continuous
 62
    32
370
     0
100
AcDbHatch
 10
0.0
 20
0.0
 30
0.0
210
0.0
220
0.0
230
1.0
  2
SOLID
 70
     1
 71
     0
 91
        1
 92
        1
 93
        1
 72
     2
 10
0.0
 20
0.0000000009313226
 40
0.00015
 50
0.0
 51
360.0
 73
     1
 97
        0
 75
     0
 76
     1
 98
        1
 10
0.0
 20
0.0
450
        0
451
        0
460
0.0
461
0.0
452
        0
462
0.0
453
        0
470

  0
ENDBLK
  5
29A
330
297
100
AcDbEntity
  8
0
100
AcDbBlockEnd
  0
BLOCK
  5
29E
330
29D
100
AcDbEntity
  8
0
100
AcDbBlockBegin
  2
9.12_4
 70
     0
 10
0.0
 20
0.0
 30
0.0
  3
9.12_4
  1

  0
HATCH
  5
29F
330
29D
100
AcDbEntity
  8
GS09-výškopis-body podrobné-buňky
  6
Continuous
 62
    32
370
     0
100
AcDbHatch
 10
0.0
 20
0.0
 30
0.0
210
0.0
220
0.0
230
1.0
  2
SOLID
 70
     1
 71
     0
 91
        1
 92
        1
 93
        1
 72
     2
 10
0.0
 20
0.0
 40
0.00015
 50
0.0
 51
360.0
 73
     1
 97
        0
 75
     0
 76
     1
 98
        1
 10
0.0
 20
0.0
450
        0
451
        0
460
0.0
461
0.0
452
        0
462
0.0
453
        0
470

  0
ENDBLK
  5
2A0
330
29D
100
AcDbEntity
  8
0
100
AcDbBlockEnd
  0
BLOCK
  5
2A4
330
2A3
100
AcDbEntity
  8
0
100
AcDbBlockBegin
  2
9.12_5
 70
     0
 10
0.0
 20
0.0
 30
0.0
  3
9.12_5
  1

  0
HATCH
  5
2A5
330
2A3
100
AcDbEntity
  8
GS09-výškopis-body podrobné-buňky
  6
Continuous
 62
    32
370
     0
100
AcDbHatch
 10
0.0
 20
0.0
 30
0.0
210
0.0
220
0.0
230
1.0
  2
SOLID
 70
     1
 71
     0
 91
        1
 92
        1
 93
        1
 72
     2
 10
0.0
 20
0.0
 40
0.00015
 50
0.0
 51
360.0
 73
     1
 97
        0
 75
     0
 76
     1
 98
        1
 10
0.0
 20
0.0
450
        0
451
        0
460
0.0
461
0.0
452
        0
462
0.0
453
        0
470

  0
ENDBLK
  5
2A6
330
2A3
100
AcDbEntity
  8
0
100
AcDbBlockEnd
  0
BLOCK
  5
2AA
330
2A9
100
AcDbEntity
  8
0
100
AcDbBlockBegin
  2
9.12_6
 70
     0
 10
0.0
 20
0.0
 30
0.0
  3
9.12_6
  1

  0
HATCH
  5
2AB
330
2A9
100
AcDbEntity
  8
GS09-výškopis-body podrobné-buňky
  6
Continuous
 62
    32
370
     0
100
AcDbHatch
 10
0.0
 20
0.0
 30
0.0
210
0.0
220
0.0
230
1.0
  2
SOLID
 70
     1
 71
     0
 91
        1
 92
        1
 93
        1
 72
     2
 10
0.0
 20
0.0000000009313226
 40
0.00015
 50
0.0
 51
360.0
 73
     1
 97
        0
 75
     0
 76
     1
 98
        1
 10
0.0
 20
0.0
450
        0
451
        0
460
0.0
461
0.0
452
        0
462
0.0
453
        0
470

  0
ENDBLK
  5
2AC
330
2A9
100
AcDbEntity
  8
0
100
AcDbBlockEnd
  0
BLOCK
  5
2B0
330
2AF
100
AcDbEntity
  8
0
100
AcDbBlockBegin
  2
9.12_7
 70
     0
 10
0.0
 20
0.0
 30
0.0
  3
9.12_7
  1

  0
HATCH
  5
2B1
330
2AF
100
AcDbEntity
  8
GS09-výškopis-body podrobné-buňky
  6
Continuous
 62
    32
370
     0
100
AcDbHatch
 10
0.0
 20
0.0
 30
0.0
210
0.0
220
0.0
230
1.0
  2
SOLID
 70
     1
 71
     0
 91
        1
 92
        1
 93
        1
 72
     2
 10
0.0
 20
0.0
 40
0.00015
 50
0.0
 51
360.0
 73
     1
 97
        0
 75
     0
 76
     1
 98
        1
 10
0.0
 20
0.0
450
        0
451
        0
460
0.0
461
0.0
452
        0
462
0.0
453
        0
470

  0
ENDBLK
  5
2B2
330
2AF
100
AcDbEntity
  8
0
100
AcDbBlockEnd
  0
BLOCK
  5
2B6
330
2B5
100
AcDbEntity
  8
0
100
AcDbBlockBegin
  2
9.12_8
 70
     0
 10
0.0
 20
0.0
 30
0.0
  3
9.12_8
  1

  0
HATCH
  5
2B7
330
2B5
100
AcDbEntity
  8
GS09-výškopis-body podrobné-buňky
  6
Continuous
 62
    32
370
     0
100
AcDbHatch
 10
0.0
 20
0.0
 30
0.0
210
0.0
220
0.0
230
1.0
  2
SOLID
 70
     1
 71
     0
 91
        1
 92
        1
 93
        1
 72
     2
 10
0.0
 20
-0.0000000009313226
 40
0.00015
 50
0.0
 51
360.0
 73
     1
 97
        0
 75
     0
 76
     1
 98
        1
 10
0.0
 20
0.0
450
        0
451
        0
460
0.0
461
0.0
452
        0
462
0.0
453
        0
470

  0
ENDBLK
  5
2B8
330
2B5
100
AcDbEntity
  8
0
100
AcDbBlockEnd
  0
BLOCK
  5
2BC
330
2BB
100
AcDbEntity
  8
0
100
AcDbBlockBegin
  2
9.12_9
 70
     0
 10
0.0
 20
0.0
 30
0.0
  3
9.12_9
  1

  0
HATCH
  5
2BD
330
2BB
100
AcDbEntity
  8
GS09-výškopis-body podrobné-buňky
  6
Continuous
 62
    32
370
     0
100
AcDbHatch
 10
0.0
 20
0.0
 30
0.0
210
0.0
220
0.0
230
1.0
  2
SOLID
 70
     1
 71
     0
 91
        1
 92
        1
 93
        1
 72
     2
 10
-0.0000000004656613
 20
0.0
 40
0.00015
 50
0.0
 51
360.0
 73
     1
 97
        0
 75
     0
 76
     1
 98
        1
 10
0.0
 20
0.0
450
        0
451
        0
460
0.0
461
0.0
452
        0
462
0.0
453
        0
470

  0
ENDBLK
  5
2BE
330
2BB
100
AcDbEntity
  8
0
100
AcDbBlockEnd
  0
BLOCK
  5
2C2
330
2C1
100
AcDbEntity
  8
0
100
AcDbBlockBegin
  2
9.12_10
 70
     0
 10
0.0
 20
0.0
 30
0.0
  3
9.12_10
  1

  0
HATCH
  5
2C3
330
2C1
100
AcDbEntity
  8
GS09-výškopis-body podrobné-buňky
  6
Continuous
 62
    32
370
     0
100
AcDbHatch
 10
0.0
 20
0.0
 30
0.0
210
0.0
220
0.0
230
1.0
  2
SOLID
 70
     1
 71
     0
 91
        1
 92
        1
 93
        1
 72
     2
 10
0.0
 20
0.0
 40
0.00015
 50
0.0
 51
360.0
 73
     1
 97
        0
 75
     0
 76
     1
 98
        1
 10
0.0
 20
0.0
450
        0
451
        0
460
0.0
461
0.0
452
        0
462
0.0
453
        0
470

  0
ENDBLK
  5
2C4
330
2C1
100
AcDbEntity
  8
0
100
AcDbBlockEnd
  0
BLOCK
  5
2C8
330
2C7
100
AcDbEntity
  8
0
100
AcDbBlockBegin
  2
9.12_11
 70
     0
 10
0.0
 20
0.0
 30
0.0
  3
9.12_11
  1

  0
HATCH
  5
2C9
330
2C7
100
AcDbEntity
  8
GS09-výškopis-body podrobné-buňky
  6
Continuous
 62
    32
370
     0
100
AcDbHatch
 10
0.0
 20
0.0
 30
0.0
210
0.0
220
0.0
230
1.0
  2
SOLID
 70
     1
 71
     0
 91
        1
 92
        1
 93
        1
 72
     2
 10
0.0
 20
0.0
 40
0.00015
 50
0.0
 51
360.0
 73
     1
 97
        0
 75
     0
 76
     1
 98
        1
 10
0.0
 20
0.0
450
        0
451
        0
460
0.0
461
0.0
452
        0
462
0.0
453
        0
470

  0
ENDBLK
  5
2CA
330
2C7
100
AcDbEntity
  8
0
100
AcDbBlockEnd
  0
BLOCK
  5
2CE
330
2CD
100
AcDbEntity
  8
0
100
AcDbBlockBegin
  2
9.12_12
 70
     0
 10
0.0
 20
0.0
 30
0.0
  3
9.12_12
  1

  0
HATCH
  5
2CF
330
2CD
100
AcDbEntity
  8
GS09-výškopis-body podrobné-buňky
  6
Continuous
 62
    32
370
     0
100
AcDbHatch
 10
0.0
 20
0.0
 30
0.0
210
0.0
220
0.0
230
1.0
  2
SOLID
 70
     1
 71
     0
 91
        1
 92
        1
 93
        1
 72
     2
 10
-0.0000000004656613
 20
0.0
 40
0.00015
 50
0.0
 51
360.0
 73
     1
 97
        0
 75
     0
 76
     1
 98
        1
 10
0.0
 20
0.0
450
        0
451
        0
460
0.0
461
0.0
452
        0
462
0.0
453
        0
470

  0
ENDBLK
  5
2D0
330
2CD
100
AcDbEntity
  8
0
100
AcDbBlockEnd
  0
BLOCK
  5
2D4
330
2D3
100
AcDbEntity
  8
0
100
AcDbBlockBegin
  2
9.12_13
 70
     0
 10
0.0
 20
0.0
 30
0.0
  3
9.12_13
  1

  0
HATCH
  5
2D5
330
2D3
100
AcDbEntity
  8
GS09-výškopis-body podrobné-buňky
  6
Continuous
 62
    32
370
     0
100
AcDbHatch
 10
0.0
 20
0.0
 30
0.0
210
0.0
220
0.0
230
1.0
  2
SOLID
 70
     1
 71
     0
 91
        1
 92
        1
 93
        1
 72
     2
 10
0.0000000004656613
 20
0.0
 40
0.00015
 50
0.0
 51
360.0
 73
     1
 97
        0
 75
     0
 76
     1
 98
        1
 10
0.0
 20
0.0
450
        0
451
        0
460
0.0
461
0.0
452
        0
462
0.0
453
        0
470

  0
ENDBLK
  5
2D6
330
2D3
100
AcDbEntity
  8
0
100
AcDbBlockEnd
  0
BLOCK
  5
2DA
330
2D9
100
AcDbEntity
  8
0
100
AcDbBlockBegin
  2
9.12_14
 70
     0
 10
0.0
 20
0.0
 30
0.0
  3
9.12_14
  1

  0
HATCH
  5
2DB
330
2D9
100
AcDbEntity
  8
GS09-výškopis-body podrobné-buňky
  6
Continuous
 62
    32
370
     0
100
AcDbHatch
 10
0.0
 20
0.0
 30
0.0
210
0.0
220
0.0
230
1.0
  2
SOLID
 70
     1
 71
     0
 91
        1
 92
        1
 93
        1
 72
     2
 10
0.0
 20
0.0
 40
0.00015
 50
0.0
 51
360.0
 73
     1
 97
        0
 75
     0
 76
     1
 98
        1
 10
0.0
 20
0.0
450
        0
451
        0
460
0.0
461
0.0
452
        0
462
0.0
453
        0
470

  0
ENDBLK
  5
2DC
330
2D9
100
AcDbEntity
  8
0
100
AcDbBlockEnd
  0
BLOCK
  5
2E0
330
2DF
100
AcDbEntity
  8
0
100
AcDbBlockBegin
  2
9.12_15
 70
     0
 10
0.0
 20
0.0
 30
0.0
  3
9.12_15
  1

  0
HATCH
  5
2E1
330
2DF
100
AcDbEntity
  8
GS09-výškopis-body podrobné-buňky
  6
Continuous
 62
    32
370
     0
100
AcDbHatch
 10
0.0
 20
0.0
 30
0.0
210
0.0
220
0.0
230
1.0
  2
SOLID
 70
     1
 71
     0
 91
        1
 92
        1
 93
        1
 72
     2
 10
0.0
 20
0.0000000009313226
 40
0.00015
 50
0.0
 51
360.0
 73
     1
 97
        0
 75
     0
 76
     1
 98
        1
 10
0.0
 20
0.0
450
        0
451
        0
460
0.0
461
0.0
452
        0
462
0.0
453
        0
470

  0
ENDBLK
  5
2E2
330
2DF
100
AcDbEntity
  8
0
100
AcDbBlockEnd
  0
BLOCK
  5
2E6
330
2E5
100
AcDbEntity
  8
0
100
AcDbBlockBegin
  2
9.12_16
 70
     0
 10
0.0
 20
0.0
 30
0.0
  3
9.12_16
  1

  0
HATCH
  5
2E7
330
2E5
100
AcDbEntity
  8
GS09-výškopis-body podrobné-buňky
  6
Continuous
 62
    32
370
     0
100
AcDbHatch
 10
0.0
 20
0.0
 30
0.0
210
0.0
220
0.0
230
1.0
  2
SOLID
 70
     1
 71
     0
 91
        1
 92
        1
 93
        1
 72
     2
 10
0.0
 20
-0.0000000009313226
 40
0.00015
 50
0.0
 51
360.0
 73
     1
 97
        0
 75
     0
 76
     1
 98
        1
 10
0.0
 20
0.0
450
        0
451
        0
460
0.0
461
0.0
452
        0
462
0.0
453
        0
470

  0
ENDBLK
  5
2E8
330
2E5
100
AcDbEntity
  8
0
100
AcDbBlockEnd
  0
BLOCK
  5
2EC
330
2EB
100
AcDbEntity
  8
0
100
AcDbBlockBegin
  2
9.12_17
 70
     0
 10
0.0
 20
0.0
 30
0.0
  3
9.12_17
  1

  0
HATCH
  5
2ED
330
2EB
100
AcDbEntity
  8
GS09-výškopis-body podrobné-buňky
  6
Continuous
 62
    32
370
     0
100
AcDbHatch
 10
0.0
 20
0.0
 30
0.0
210
0.0
220
0.0
230
1.0
  2
SOLID
 70
     1
 71
     0
 91
        1
 92
        1
 93
        1
 72
     2
 10
0.0
 20
0.0
 40
0.00015
 50
0.0
 51
360.0
 73
     1
 97
        0
 75
     0
 76
     1
 98
        1
 10
0.0
 20
0.0
450
        0
451
        0
460
0.0
461
0.0
452
        0
462
0.0
453
        0
470

  0
ENDBLK
  5
2EE
330
2EB
100
AcDbEntity
  8
0
100
AcDbBlockEnd
  0
BLOCK
  5
2F2
330
2F1
100
AcDbEntity
  8
0
100
AcDbBlockBegin
  2
9.12_18
 70
     0
 10
0.0
 20
0.0
 30
0.0
  3
9.12_18
  1

  0
HATCH
  5
2F3
330
2F1
100
AcDbEntity
  8
GS09-výškopis-body podrobné-buňky
  6
Continuous
 62
    32
370
     0
100
AcDbHatch
 10
0.0
 20
0.0
 30
0.0
210
0.0
220
0.0
230
1.0
  2
SOLID
 70
     1
 71
     0
 91
        1
 92
        1
 93
        1
 72
     2
 10
0.0
 20
0.0000000009313226
 40
0.00015
 50
0.0
 51
360.0
 73
     1
 97
        0
 75
     0
 76
     1
 98
        1
 10
0.0
 20
0.0
450
        0
451
        0
460
0.0
461
0.0
452
        0
462
0.0
453
        0
470

  0
ENDBLK
  5
2F4
330
2F1
100
AcDbEntity
  8
0
100
AcDbBlockEnd
  0
BLOCK
  5
2F8
330
2F7
100
AcDbEntity
  8
0
100
AcDbBlockBegin
  2
9.12_19
 70
     0
 10
0.0
 20
0.0
 30
0.0
  3
9.12_19
  1

  0
HATCH
  5
2F9
330
2F7
100
AcDbEntity
  8
GS09-výškopis-body podrobné-buňky
  6
Continuous
 62
    32
370
     0
100
AcDbHatch
 10
0.0
 20
0.0
 30
0.0
210
0.0
220
0.0
230
1.0
  2
SOLID
 70
     1
 71
     0
 91
        1
 92
        1
 93
        1
 72
     2
 10
0.0
 20
0.0000000009313226
 40
0.00015
 50
0.0
 51
360.0
 73
     1
 97
        0
 75
     0
 76
     1
 98
        1
 10
0.0
 20
0.0
450
        0
451
        0
460
0.0
461
0.0
452
        0
462
0.0
453
        0
470

  0
ENDBLK
  5
2FA
330
2F7
100
AcDbEntity
  8
0
100
AcDbBlockEnd
  0
BLOCK
  5
2FE
330
2FD
100
AcDbEntity
  8
0
100
AcDbBlockBegin
  2
9.12_20
 70
     0
 10
0.0
 20
0.0
 30
0.0
  3
9.12_20
  1

  0
HATCH
  5
2FF
330
2FD
100
AcDbEntity
  8
GS09-výškopis-body podrobné-buňky
  6
Continuous
 62
    32
370
     0
100
AcDbHatch
 10
0.0
 20
0.0
 30
0.0
210
0.0
220
0.0
230
1.0
  2
SOLID
 70
     1
 71
     0
 91
        1
 92
        1
 93
        1
 72
     2
 10
0.0
 20
0.0
 40
0.00015
 50
0.0
 51
360.0
 73
     1
 97
        0
 75
     0
 76
     1
 98
        1
 10
0.0
 20
0.0
450
        0
451
        0
460
0.0
461
0.0
452
        0
462
0.0
453
        0
470

  0
ENDBLK
  5
300
330
2FD
100
AcDbEntity
  8
0
100
AcDbBlockEnd
  0
BLOCK
  5
304
330
303
100
AcDbEntity
  8
0
100
AcDbBlockBegin
  2
9.12_21
 70
     0
 10
0.0
 20
0.0
 30
0.0
  3
9.12_21
  1

  0
HATCH
  5
305
330
303
100
AcDbEntity
  8
GS09-výškopis-body podrobné-buňky
  6
Continuous
 62
    32
370
     0
100
AcDbHatch
 10
0.0
 20
0.0
 30
0.0
210
0.0
220
0.0
230
1.0
  2
SOLID
 70
     1
 71
     0
 91
        1
 92
        1
 93
        1
 72
     2
 10
0.0
 20
0.0
 40
0.00015
 50
0.0
 51
360.0
 73
     1
 97
        0
 75
     0
 76
     1
 98
        1
 10
0.0
 20
0.0
450
        0
451
        0
460
0.0
461
0.0
452
        0
462
0.0
453
        0
470

  0
ENDBLK
  5
306
330
303
100
AcDbEntity
  8
0
100
AcDbBlockEnd
  0
BLOCK
  5
30A
330
309
100
AcDbEntity
  8
0
100
AcDbBlockBegin
  2
9.12_22
 70
     0
 10
0.0
 20
0.0
 30
0.0
  3
9.12_22
  1

  0
HATCH
  5
30B
330
309
100
AcDbEntity
  8
GS09-výškopis-body podrobné-buňky
  6
Continuous
 62
    32
370
     0
100
AcDbHatch
 10
0.0
 20
0.0
 30
0.0
210
0.0
220
0.0
230
1.0
  2
SOLID
 70
     1
 71
     0
 91
        1
 92
        1
 93
        1
 72
     2
 10
0.0
 20
0.0
 40
0.00015
 50
0.0
 51
360.0
 73
     1
 97
        0
 75
     0
 76
     1
 98
        1
 10
0.0
 20
0.0
450
        0
451
        0
460
0.0
461
0.0
452
        0
462
0.0
453
        0
470

  0
ENDBLK
  5
30C
330
309
100
AcDbEntity
  8
0
100
AcDbBlockEnd
  0
BLOCK
  5
310
330
30F
100
AcDbEntity
  8
0
100
AcDbBlockBegin
  2
9.12_23
 70
     0
 10
0.0
 20
0.0
 30
0.0
  3
9.12_23
  1

  0
HATCH
  5
311
330
30F
100
AcDbEntity
  8
GS09-výškopis-body podrobné-buňky
  6
Continuous
 62
    32
370
     0
100
AcDbHatch
 10
0.0
 20
0.0
 30
0.0
210
0.0
220
0.0
230
1.0
  2
SOLID
 70
     1
 71
     0
 91
        1
 92
        1
 93
        1
 72
     2
 10
-0.0000000004656613
 20
0.0000000009313226
 40
0.00015
 50
0.0
 51
360.0
 73
     1
 97
        0
 75
     0
 76
     1
 98
        1
 10
0.0
 20
0.0
450
        0
451
        0
460
0.0
461
0.0
452
        0
462
0.0
453
        0
470

  0
ENDBLK
  5
312
330
30F
100
AcDbEntity
  8
0
100
AcDbBlockEnd
  0
BLOCK
  5
316
330
315
100
AcDbEntity
  8
0
100
AcDbBlockBegin
  2
9.12_24
 70
     0
 10
0.0
 20
0.0
 30
0.0
  3
9.12_24
  1

  0
HATCH
  5
317
330
315
100
AcDbEntity
  8
GS09-výškopis-body podrobné-buňky
  6
Continuous
 62
    32
370
     0
100
AcDbHatch
 10
0.0
 20
0.0
 30
0.0
210
0.0
220
0.0
230
1.0
  2
SOLID
 70
     1
 71
     0
 91
        1
 92
        1
 93
        1
 72
     2
 10
0.0
 20
-0.0000000009313226
 40
0.00015
 50
0.0
 51
360.0
 73
     1
 97
        0
 75
     0
 76
     1
 98
        1
 10
0.0
 20
0.0
450
        0
451
        0
460
0.0
461
0.0
452
        0
462
0.0
453
        0
470

  0
ENDBLK
  5
318
330
315
100
AcDbEntity
  8
0
100
AcDbBlockEnd
  0
BLOCK
  5
31C
330
31B
100
AcDbEntity
  8
0
100
AcDbBlockBegin
  2
9.12_25
 70
     0
 10
0.0
 20
0.0
 30
0.0
  3
9.12_25
  1

  0
HATCH
  5
31D
330
31B
100
AcDbEntity
  8
GS09-výškopis-body podrobné-buňky
  6
Continuous
 62
    32
370
     0
100
AcDbHatch
 10
0.0
 20
0.0
 30
0.0
210
0.0
220
0.0
230
1.0
  2
SOLID
 70
     1
 71
     0
 91
        1
 92
        1
 93
        1
 72
     2
 10
0.0
 20
0.0
 40
0.00015
 50
0.0
 51
360.0
 73
     1
 97
        0
 75
     0
 76
     1
 98
        1
 10
0.0
 20
0.0
450
        0
451
        0
460
0.0
461
0.0
452
        0
462
0.0
453
        0
470

  0
ENDBLK
  5
31E
330
31B
100
AcDbEntity
  8
0
100
AcDbBlockEnd
  0
BLOCK
  5
322
330
321
100
AcDbEntity
  8
0
100
AcDbBlockBegin
  2
9.12_26
 70
     0
 10
0.0
 20
0.0
 30
0.0
  3
9.12_26
  1

  0
HATCH
  5
323
330
321
100
AcDbEntity
  8
GS09-výškopis-body podrobné-buňky
  6
Continuous
 62
    32
370
     0
100
AcDbHatch
 10
0.0
 20
0.0
 30
0.0
210
0.0
220
0.0
230
1.0
  2
SOLID
 70
     1
 71
     0
 91
        1
 92
        1
 93
        1
 72
     2
 10
0.0
 20
0.0
 40
0.00015
 50
0.0
 51
360.0
 73
     1
 97
        0
 75
     0
 76
     1
 98
        1
 10
0.0
 20
0.0
450
        0
451
        0
460
0.0
461
0.0
452
        0
462
0.0
453
        0
470

  0
ENDBLK
  5
324
330
321
100
AcDbEntity
  8
0
100
AcDbBlockEnd
  0
BLOCK
  5
328
330
327
100
AcDbEntity
  8
0
100
AcDbBlockBegin
  2
9.12_27
 70
     0
 10
0.0
 20
0.0
 30
0.0
  3
9.12_27
  1

  0
HATCH
  5
329
330
327
100
AcDbEntity
  8
GS09-výškopis-body podrobné-buňky
  6
Continuous
 62
    32
370
     0
100
AcDbHatch
 10
0.0
 20
0.0
 30
0.0
210
0.0
220
0.0
230
1.0
  2
SOLID
 70
     1
 71
     0
 91
        1
 92
        1
 93
        1
 72
     2
 10
0.0
 20
0.0
 40
0.00015
 50
0.0
 51
360.0
 73
     1
 97
        0
 75
     0
 76
     1
 98
        1
 10
0.0
 20
0.0
450
        0
451
        0
460
0.0
461
0.0
452
        0
462
0.0
453
        0
470

  0
ENDBLK
  5
32A
330
327
100
AcDbEntity
  8
0
100
AcDbBlockEnd
  0
BLOCK
  5
32E
330
32D
100
AcDbEntity
  8
0
100
AcDbBlockBegin
  2
9.12_28
 70
     0
 10
0.0
 20
0.0
 30
0.0
  3
9.12_28
  1

  0
HATCH
  5
32F
330
32D
100
AcDbEntity
  8
GS09-výškopis-body podrobné-buňky
  6
Continuous
 62
    32
370
     0
100
AcDbHatch
 10
0.0
 20
0.0
 30
0.0
210
0.0
220
0.0
230
1.0
  2
SOLID
 70
     1
 71
     0
 91
        1
 92
        1
 93
        1
 72
     2
 10
0.0
 20
0.0000000009313226
 40
0.00015
 50
0.0
 51
360.0
 73
     1
 97
        0
 75
     0
 76
     1
 98
        1
 10
0.0
 20
0.0
450
        0
451
        0
460
0.0
461
0.0
452
        0
462
0.0
453
        0
470

  0
ENDBLK
  5
330
330
32D
100
AcDbEntity
  8
0
100
AcDbBlockEnd
  0
BLOCK
  5
334
330
333
100
AcDbEntity
  8
0
100
AcDbBlockBegin
  2
9.12_29
 70
     0
 10
0.0
 20
0.0
 30
0.0
  3
9.12_29
  1

  0
HATCH
  5
335
330
333
100
AcDbEntity
  8
GS09-výškopis-body podrobné-buňky
  6
Continuous
 62
    32
370
     0
100
AcDbHatch
 10
0.0
 20
0.0
 30
0.0
210
0.0
220
0.0
230
1.0
  2
SOLID
 70
     1
 71
     0
 91
        1
 92
        1
 93
        1
 72
     2
 10
0.0
 20
0.0
 40
0.00015
 50
0.0
 51
360.0
 73
     1
 97
        0
 75
     0
 76
     1
 98
        1
 10
0.0
 20
0.0
450
        0
451
        0
460
0.0
461
0.0
452
        0
462
0.0
453
        0
470

  0
ENDBLK
  5
336
330
333
100
AcDbEntity
  8
0
100
AcDbBlockEnd
  0
BLOCK
  5
33A
330
339
100
AcDbEntity
  8
0
100
AcDbBlockBegin
  2
9.12_30
 70
     0
 10
0.0
 20
0.0
 30
0.0
  3
9.12_30
  1

  0
HATCH
  5
33B
330
339
100
AcDbEntity
  8
GS09-výškopis-body podrobné-buňky
  6
Continuous
 62
    32
370
     0
100
AcDbHatch
 10
0.0
 20
0.0
 30
0.0
210
0.0
220
0.0
230
1.0
  2
SOLID
 70
     1
 71
     0
 91
        1
 92
        1
 93
        1
 72
     2
 10
0.0
 20
0.0
 40
0.00015
 50
0.0
 51
360.0
 73
     1
 97
        0
 75
     0
 76
     1
 98
        1
 10
0.0
 20
0.0
450
        0
451
        0
460
0.0
461
0.0
452
        0
462
0.0
453
        0
470

  0
ENDBLK
  5
33C
330
339
100
AcDbEntity
  8
0
100
AcDbBlockEnd
  0
BLOCK
  5
340
330
33F
100
AcDbEntity
  8
0
100
AcDbBlockBegin
  2
9.12_31
 70
     0
 10
0.0
 20
0.0
 30
0.0
  3
9.12_31
  1

  0
HATCH
  5
341
330
33F
100
AcDbEntity
  8
GS09-výškopis-body podrobné-buňky
  6
Continuous
 62
    32
370
     0
100
AcDbHatch
 10
0.0
 20
0.0
 30
0.0
210
0.0
220
0.0
230
1.0
  2
SOLID
 70
     1
 71
     0
 91
        1
 92
        1
 93
        1
 72
     2
 10
-0.0000000004656613
 20
0.0
 40
0.00015
 50
0.0
 51
360.0
 73
     1
 97
        0
 75
     0
 76
     1
 98
        1
 10
0.0
 20
0.0
450
        0
451
        0
460
0.0
461
0.0
452
        0
462
0.0
453
        0
470

  0
ENDBLK
  5
342
330
33F
100
AcDbEntity
  8
0
100
AcDbBlockEnd
  0
BLOCK
  5
346
330
345
100
AcDbEntity
  8
0
100
AcDbBlockBegin
  2
9.12_32
 70
     0
 10
0.0
 20
0.0
 30
0.0
  3
9.12_32
  1

  0
HATCH
  5
347
330
345
100
AcDbEntity
  8
GS09-výškopis-body podrobné-buňky
  6
Continuous
 62
    32
370
     0
100
AcDbHatch
 10
0.0
 20
0.0
 30
0.0
210
0.0
220
0.0
230
1.0
  2
SOLID
 70
     1
 71
     0
 91
        1
 92
        1
 93
        1
 72
     2
 10
0.0
 20
-0.0000000009313226
 40
0.00015
 50
0.0
 51
360.0
 73
     1
 97
        0
 75
     0
 76
     1
 98
        1
 10
0.0
 20
0.0
450
        0
451
        0
460
0.0
461
0.0
452
        0
462
0.0
453
        0
470

  0
ENDBLK
  5
348
330
345
100
AcDbEntity
  8
0
100
AcDbBlockEnd
  0
BLOCK
  5
34C
330
34B
100
AcDbEntity
  8
0
100
AcDbBlockBegin
  2
9.12_33
 70
     0
 10
0.0
 20
0.0
 30
0.0
  3
9.12_33
  1

  0
HATCH
  5
34D
330
34B
100
AcDbEntity
  8
GS09-výškopis-body podrobné-buňky
  6
Continuous
 62
    32
370
     0
100
AcDbHatch
 10
0.0
 20
0.0
 30
0.0
210
0.0
220
0.0
230
1.0
  2
SOLID
 70
     1
 71
     0
 91
        1
 92
        1
 93
        1
 72
     2
 10
0.0
 20
0.0
 40
0.00015
 50
0.0
 51
360.0
 73
     1
 97
        0
 75
     0
 76
     1
 98
        1
 10
0.0
 20
0.0
450
        0
451
        0
460
0.0
461
0.0
452
        0
462
0.0
453
        0
470

  0
ENDBLK
  5
34E
330
34B
100
AcDbEntity
  8
0
100
AcDbBlockEnd
  0
BLOCK
  5
352
330
351
100
AcDbEntity
  8
0
100
AcDbBlockBegin
  2
9.12_34
 70
     0
 10
0.0
 20
0.0
 30
0.0
  3
9.12_34
  1

  0
HATCH
  5
353
330
351
100
AcDbEntity
  8
GS09-výškopis-body podrobné-buňky
  6
Continuous
 62
    32
370
     0
100
AcDbHatch
 10
0.0
 20
0.0
 30
0.0
210
0.0
220
0.0
230
1.0
  2
SOLID
 70
     1
 71
     0
 91
        1
 92
        1
 93
        1
 72
     2
 10
0.0
 20
0.0
 40
0.00015
 50
0.0
 51
360.0
 73
     1
 97
        0
 75
     0
 76
     1
 98
        1
 10
0.0
 20
0.0
450
        0
451
        0
460
0.0
461
0.0
452
        0
462
0.0
453
        0
470

  0
ENDBLK
  5
354
330
351
100
AcDbEntity
  8
0
100
AcDbBlockEnd
  0
BLOCK
  5
358
330
357
100
AcDbEntity
  8
0
100
AcDbBlockBegin
  2
9.12_35
 70
     0
 10
0.0
 20
0.0
 30
0.0
  3
9.12_35
  1

  0
HATCH
  5
359
330
357
100
AcDbEntity
  8
GS09-výškopis-body podrobné-buňky
  6
Continuous
 62
    32
370
     0
100
AcDbHatch
 10
0.0
 20
0.0
 30
0.0
210
0.0
220
0.0
230
1.0
  2
SOLID
 70
     1
 71
     0
 91
        1
 92
        1
 93
        1
 72
     2
 10
0.0
 20
-0.0000000009313226
 40
0.00015
 50
0.0
 51
360.0
 73
     1
 97
        0
 75
     0
 76
     1
 98
        1
 10
0.0
 20
0.0
450
        0
451
        0
460
0.0
461
0.0
452
        0
462
0.0
453
        0
470

  0
ENDBLK
  5
35A
330
357
100
AcDbEntity
  8
0
100
AcDbBlockEnd
  0
BLOCK
  5
35E
330
35D
100
AcDbEntity
  8
0
100
AcDbBlockBegin
  2
9.12_36
 70
     0
 10
0.0
 20
0.0
 30
0.0
  3
9.12_36
  1

  0
HATCH
  5
35F
330
35D
100
AcDbEntity
  8
GS09-výškopis-body podrobné-buňky
  6
Continuous
 62
    32
370
     0
100
AcDbHatch
 10
0.0
 20
0.0
 30
0.0
210
0.0
220
0.0
230
1.0
  2
SOLID
 70
     1
 71
     0
 91
        1
 92
        1
 93
        1
 72
     2
 10
-0.0000000004656613
 20
0.0
 40
0.00015
 50
0.0
 51
360.0
 73
     1
 97
        0
 75
     0
 76
     1
 98
        1
 10
0.0
 20
0.0
450
        0
451
        0
460
0.0
461
0.0
452
        0
462
0.0
453
        0
470

  0
ENDBLK
  5
360
330
35D
100
AcDbEntity
  8
0
100
AcDbBlockEnd
  0
BLOCK
  5
364
330
363
100
AcDbEntity
  8
0
100
AcDbBlockBegin
  2
9.12_37
 70
     0
 10
0.0
 20
0.0
 30
0.0
  3
9.12_37
  1

  0
HATCH
  5
365
330
363
100
AcDbEntity
  8
GS09-výškopis-body podrobné-buňky
  6
Continuous
 62
    32
370
     0
100
AcDbHatch
 10
0.0
 20
0.0
 30
0.0
210
0.0
220
0.0
230
1.0
  2
SOLID
 70
     1
 71
     0
 91
        1
 92
        1
 93
        1
 72
     2
 10
0.0
 20
-0.0000000009313226
 40
0.00015
 50
0.0
 51
360.0
 73
     1
 97
        0
 75
     0
 76
     1
 98
        1
 10
0.0
 20
0.0
450
        0
451
        0
460
0.0
461
0.0
452
        0
462
0.0
453
        0
470

  0
ENDBLK
  5
366
330
363
100
AcDbEntity
  8
0
100
AcDbBlockEnd
  0
BLOCK
  5
36A
330
369
100
AcDbEntity
  8
0
100
AcDbBlockBegin
  2
9.12_38
 70
     0
 10
0.0
 20
0.0
 30
0.0
  3
9.12_38
  1

  0
HATCH
  5
36B
330
369
100
AcDbEntity
  8
GS09-výškopis-body podrobné-buňky
  6
Continuous
 62
    32
370
     0
100
AcDbHatch
 10
0.0
 20
0.0
 30
0.0
210
0.0
220
0.0
230
1.0
  2
SOLID
 70
     1
 71
     0
 91
        1
 92
        1
 93
        1
 72
     2
 10
0.0
 20
0.0
 40
0.00015
 50
0.0
 51
360.0
 73
     1
 97
        0
 75
     0
 76
     1
 98
        1
 10
0.0
 20
0.0
450
        0
451
        0
460
0.0
461
0.0
452
        0
462
0.0
453
        0
470

  0
ENDBLK
  5
36C
330
369
100
AcDbEntity
  8
0
100
AcDbBlockEnd
  0
BLOCK
  5
370
330
36F
100
AcDbEntity
  8
0
100
AcDbBlockBegin
  2
9.12_39
 70
     0
 10
0.0
 20
0.0
 30
0.0
  3
9.12_39
  1

  0
HATCH
  5
371
330
36F
100
AcDbEntity
  8
GS09-výškopis-body podrobné-buňky
  6
Continuous
 62
    32
370
     0
100
AcDbHatch
 10
0.0
 20
0.0
 30
0.0
210
0.0
220
0.0
230
1.0
  2
SOLID
 70
     1
 71
     0
 91
        1
 92
        1
 93
        1
 72
     2
 10
0.0
 20
0.0
 40
0.00015
 50
0.0
 51
360.0
 73
     1
 97
        0
 75
     0
 76
     1
 98
        1
 10
0.0
 20
0.0
450
        0
451
        0
460
0.0
461
0.0
452
        0
462
0.0
453
        0
470

  0
ENDBLK
  5
372
330
36F
100
AcDbEntity
  8
0
100
AcDbBlockEnd
  0
BLOCK
  5
376
330
375
100
AcDbEntity
  8
0
100
AcDbBlockBegin
  2
9.12_40
 70
     0
 10
0.0
 20
0.0
 30
0.0
  3
9.12_40
  1

  0
HATCH
  5
377
330
375
100
AcDbEntity
  8
GS09-výškopis-body podrobné-buňky
  6
Continuous
 62
    32
370
     0
100
AcDbHatch
 10
0.0
 20
0.0
 30
0.0
210
0.0
220
0.0
230
1.0
  2
SOLID
 70
     1
 71
     0
 91
        1
 92
        1
 93
        1
 72
     2
 10
0.0
 20
-0.0000000009313226
 40
0.00015
 50
0.0
 51
360.0
 73
     1
 97
        0
 75
     0
 76
     1
 98
        1
 10
0.0
 20
0.0
450
        0
451
        0
460
0.0
461
0.0
452
        0
462
0.0
453
        0
470

  0
ENDBLK
  5
378
330
375
100
AcDbEntity
  8
0
100
AcDbBlockEnd
  0
BLOCK
  5
37C
330
37B
100
AcDbEntity
  8
0
100
AcDbBlockBegin
  2
9.12_41
 70
     0
 10
0.0
 20
0.0
 30
0.0
  3
9.12_41
  1

  0
HATCH
  5
37D
330
37B
100
AcDbEntity
  8
GS09-výškopis-body podrobné-buňky
  6
Continuous
 62
    32
370
     0
100
AcDbHatch
 10
0.0
 20
0.0
 30
0.0
210
0.0
220
0.0
230
1.0
  2
SOLID
 70
     1
 71
     0
 91
        1
 92
        1
 93
        1
 72
     2
 10
0.0
 20
0.0
 40
0.00015
 50
0.0
 51
360.0
 73
     1
 97
        0
 75
     0
 76
     1
 98
        1
 10
0.0
 20
0.0
450
        0
451
        0
460
0.0
461
0.0
452
        0
462
0.0
453
        0
470

  0
ENDBLK
  5
37E
330
37B
100
AcDbEntity
  8
0
100
AcDbBlockEnd
  0
BLOCK
  5
382
330
381
100
AcDbEntity
  8
0
100
AcDbBlockBegin
  2
9.12_42
 70
     0
 10
0.0
 20
0.0
 30
0.0
  3
9.12_42
  1

  0
HATCH
  5
383
330
381
100
AcDbEntity
  8
GS09-výškopis-body podrobné-buňky
  6
Continuous
 62
    32
370
     0
100
AcDbHatch
 10
0.0
 20
0.0
 30
0.0
210
0.0
220
0.0
230
1.0
  2
SOLID
 70
     1
 71
     0
 91
        1
 92
        1
 93
        1
 72
     2
 10
0.0
 20
0.0
 40
0.00015
 50
0.0
 51
360.0
 73
     1
 97
        0
 75
     0
 76
     1
 98
        1
 10
0.0
 20
0.0
450
        0
451
        0
460
0.0
461
0.0
452
        0
462
0.0
453
        0
470

  0
ENDBLK
  5
384
330
381
100
AcDbEntity
  8
0
100
AcDbBlockEnd
  0
BLOCK
  5
388
330
387
100
AcDbEntity
  8
0
100
AcDbBlockBegin
  2
9.12_43
 70
     0
 10
0.0
 20
0.0
 30
0.0
  3
9.12_43
  1

  0
HATCH
  5
389
330
387
100
AcDbEntity
  8
GS09-výškopis-body podrobné-buňky
  6
Continuous
 62
    32
370
     0
100
AcDbHatch
 10
0.0
 20
0.0
 30
0.0
210
0.0
220
0.0
230
1.0
  2
SOLID
 70
     1
 71
     0
 91
        1
 92
        1
 93
        1
 72
     2
 10
0.0000000004656613
 20
0.0
 40
0.00015
 50
0.0
 51
360.0
 73
     1
 97
        0
 75
     0
 76
     1
 98
        1
 10
0.0
 20
0.0
450
        0
451
        0
460
0.0
461
0.0
452
        0
462
0.0
453
        0
470

  0
ENDBLK
  5
38A
330
387
100
AcDbEntity
  8
0
100
AcDbBlockEnd
  0
BLOCK
  5
38E
330
38D
100
AcDbEntity
  8
0
100
AcDbBlockBegin
  2
9.12_44
 70
     0
 10
0.0
 20
0.0
 30
0.0
  3
9.12_44
  1

  0
HATCH
  5
38F
330
38D
100
AcDbEntity
  8
GS09-výškopis-body podrobné-buňky
  6
Continuous
 62
    32
370
     0
100
AcDbHatch
 10
0.0
 20
0.0
 30
0.0
210
0.0
220
0.0
230
1.0
  2
SOLID
 70
     1
 71
     0
 91
        1
 92
        1
 93
        1
 72
     2
 10
0.0000000004656613
 20
0.0
 40
0.00015
 50
0.0
 51
360.0
 73
     1
 97
        0
 75
     0
 76
     1
 98
        1
 10
0.0
 20
0.0
450
        0
451
        0
460
0.0
461
0.0
452
        0
462
0.0
453
        0
470

  0
ENDBLK
  5
390
330
38D
100
AcDbEntity
  8
0
100
AcDbBlockEnd
  0
BLOCK
  5
394
330
393
100
AcDbEntity
  8
0
100
AcDbBlockBegin
  2
9.12_45
 70
     0
 10
0.0
 20
0.0
 30
0.0
  3
9.12_45
  1

  0
HATCH
  5
395
330
393
100
AcDbEntity
  8
GS09-výškopis-body podrobné-buňky
  6
Continuous
 62
    32
370
     0
100
AcDbHatch
 10
0.0
 20
0.0
 30
0.0
210
0.0
220
0.0
230
1.0
  2
SOLID
 70
     1
 71
     0
 91
        1
 92
        1
 93
        1
 72
     2
 10
0.0
 20
-0.0000000009313226
 40
0.00015
 50
0.0
 51
360.0
 73
     1
 97
        0
 75
     0
 76
     1
 98
        1
 10
0.0
 20
0.0
450
        0
451
        0
460
0.0
461
0.0
452
        0
462
0.0
453
        0
470

  0
ENDBLK
  5
396
330
393
100
AcDbEntity
  8
0
100
AcDbBlockEnd
  0
BLOCK
  5
39A
330
399
100
AcDbEntity
  8
0
100
AcDbBlockBegin
  2
9.12_46
 70
     0
 10
0.0
 20
0.0
 30
0.0
  3
9.12_46
  1

  0
HATCH
  5
39B
330
399
100
AcDbEntity
  8
GS09-výškopis-body podrobné-buňky
  6
Continuous
 62
    32
370
     0
100
AcDbHatch
 10
0.0
 20
0.0
 30
0.0
210
0.0
220
0.0
230
1.0
  2
SOLID
 70
     1
 71
     0
 91
        1
 92
        1
 93
        1
 72
     2
 10
0.0
 20
0.0
 40
0.00015
 50
0.0
 51
360.0
 73
     1
 97
        0
 75
     0
 76
     1
 98
        1
 10
0.0
 20
0.0
450
        0
451
        0
460
0.0
461
0.0
452
        0
462
0.0
453
        0
470

  0
ENDBLK
  5
39C
330
399
100
AcDbEntity
  8
0
100
AcDbBlockEnd
  0
BLOCK
  5
3A0
330
39F
100
AcDbEntity
  8
0
100
AcDbBlockBegin
  2
9.12_47
 70
     0
 10
0.0
 20
0.0
 30
0.0
  3
9.12_47
  1

  0
HATCH
  5
3A1
330
39F
100
AcDbEntity
  8
GS09-výškopis-body podrobné-buňky
  6
Continuous
 62
    32
370
     0
100
AcDbHatch
 10
0.0
 20
0.0
 30
0.0
210
0.0
220
0.0
230
1.0
  2
SOLID
 70
     1
 71
     0
 91
        1
 92
        1
 93
        1
 72
     2
 10
0.0000000004656613
 20
0.0
 40
0.00015
 50
0.0
 51
360.0
 73
     1
 97
        0
 75
     0
 76
     1
 98
        1
 10
0.0
 20
0.0
450
        0
451
        0
460
0.0
461
0.0
452
        0
462
0.0
453
        0
470

  0
ENDBLK
  5
3A2
330
39F
100
AcDbEntity
  8
0
100
AcDbBlockEnd
  0
BLOCK
  5
3A6
330
3A5
100
AcDbEntity
  8
0
100
AcDbBlockBegin
  2
9.12_48
 70
     0
 10
0.0
 20
0.0
 30
0.0
  3
9.12_48
  1

  0
HATCH
  5
3A7
330
3A5
100
AcDbEntity
  8
GS09-výškopis-body podrobné-buňky
  6
Continuous
 62
    32
370
     0
100
AcDbHatch
 10
0.0
 20
0.0
 30
0.0
210
0.0
220
0.0
230
1.0
  2
SOLID
 70
     1
 71
     0
 91
        1
 92
        1
 93
        1
 72
     2
 10
0.0
 20
0.0
 40
0.00015
 50
0.0
 51
360.0
 73
     1
 97
        0
 75
     0
 76
     1
 98
        1
 10
0.0
 20
0.0
450
        0
451
        0
460
0.0
461
0.0
452
        0
462
0.0
453
        0
470

  0
ENDBLK
  5
3A8
330
3A5
100
AcDbEntity
  8
0
100
AcDbBlockEnd
  0
BLOCK
  5
3AC
330
3AB
100
AcDbEntity
  8
0
100
AcDbBlockBegin
  2
9.12_49
 70
     0
 10
0.0
 20
0.0
 30
0.0
  3
9.12_49
  1

  0
HATCH
  5
3AD
330
3AB
100
AcDbEntity
  8
GS09-výškopis-body podrobné-buňky
  6
Continuous
 62
    32
370
     0
100
AcDbHatch
 10
0.0
 20
0.0
 30
0.0
210
0.0
220
0.0
230
1.0
  2
SOLID
 70
     1
 71
     0
 91
        1
 92
        1
 93
        1
 72
     2
 10
0.0000000004656613
 20
0.0
 40
0.00015
 50
0.0
 51
360.0
 73
     1
 97
        0
 75
     0
 76
     1
 98
        1
 10
0.0
 20
0.0
450
        0
451
        0
460
0.0
461
0.0
452
        0
462
0.0
453
        0
470

  0
ENDBLK
  5
3AE
330
3AB
100
AcDbEntity
  8
0
100
AcDbBlockEnd
  0
BLOCK
  5
3B2
330
3B1
100
AcDbEntity
  8
0
100
AcDbBlockBegin
  2
9.12_50
 70
     0
 10
0.0
 20
0.0
 30
0.0
  3
9.12_50
  1

  0
HATCH
  5
3B3
330
3B1
100
AcDbEntity
  8
GS09-výškopis-body podrobné-buňky
  6
Continuous
 62
    32
370
     0
100
AcDbHatch
 10
0.0
 20
0.0
 30
0.0
210
0.0
220
0.0
230
1.0
  2
SOLID
 70
     1
 71
     0
 91
        1
 92
        1
 93
        1
 72
     2
 10
0.0
 20
0.0
 40
0.00015
 50
0.0
 51
360.0
 73
     1
 97
        0
 75
     0
 76
     1
 98
        1
 10
0.0
 20
0.0
450
        0
451
        0
460
0.0
461
0.0
452
        0
462
0.0
453
        0
470

  0
ENDBLK
  5
3B4
330
3B1
100
AcDbEntity
  8
0
100
AcDbBlockEnd
  0
BLOCK
  5
3B8
330
3B7
100
AcDbEntity
  8
0
100
AcDbBlockBegin
  2
9.12_51
 70
     0
 10
0.0
 20
0.0
 30
0.0
  3
9.12_51
  1

  0
HATCH
  5
3B9
330
3B7
100
AcDbEntity
  8
GS09-výškopis-body podrobné-buňky
  6
Continuous
 62
    32
370
     0
100
AcDbHatch
 10
0.0
 20
0.0
 30
0.0
210
0.0
220
0.0
230
1.0
  2
SOLID
 70
     1
 71
     0
 91
        1
 92
        1
 93
        1
 72
     2
 10
0.0
 20
0.0
 40
0.00015
 50
0.0
 51
360.0
 73
     1
 97
        0
 75
     0
 76
     1
 98
        1
 10
0.0
 20
0.0
450
        0
451
        0
460
0.0
461
0.0
452
        0
462
0.0
453
        0
470

  0
ENDBLK
  5
3BA
330
3B7
100
AcDbEntity
  8
0
100
AcDbBlockEnd
  0
BLOCK
  5
3BE
330
3BD
100
AcDbEntity
  8
0
100
AcDbBlockBegin
  2
9.12_52
 70
     0
 10
0.0
 20
0.0
 30
0.0
  3
9.12_52
  1

  0
HATCH
  5
3BF
330
3BD
100
AcDbEntity
  8
GS09-výškopis-body podrobné-buňky
  6
Continuous
 62
    32
370
     0
100
AcDbHatch
 10
0.0
 20
0.0
 30
0.0
210
0.0
220
0.0
230
1.0
  2
SOLID
 70
     1
 71
     0
 91
        1
 92
        1
 93
        1
 72
     2
 10
0.0000000004656613
 20
0.0
 40
0.00015
 50
0.0
 51
360.0
 73
     1
 97
        0
 75
     0
 76
     1
 98
        1
 10
0.0
 20
0.0
450
        0
451
        0
460
0.0
461
0.0
452
        0
462
0.0
453
        0
470

  0
ENDBLK
  5
3C0
330
3BD
100
AcDbEntity
  8
0
100
AcDbBlockEnd
  0
BLOCK
  5
3C4
330
3C3
100
AcDbEntity
  8
0
100
AcDbBlockBegin
  2
9.12_53
 70
     0
 10
0.0
 20
0.0
 30
0.0
  3
9.12_53
  1

  0
HATCH
  5
3C5
330
3C3
100
AcDbEntity
  8
GS09-výškopis-body podrobné-buňky
  6
Continuous
 62
    32
370
     0
100
AcDbHatch
 10
0.0
 20
0.0
 30
0.0
210
0.0
220
0.0
230
1.0
  2
SOLID
 70
     1
 71
     0
 91
        1
 92
        1
 93
        1
 72
     2
 10
0.0
 20
0.0
 40
0.00015
 50
0.0
 51
360.0
 73
     1
 97
        0
 75
     0
 76
     1
 98
        1
 10
0.0
 20
0.0
450
        0
451
        0
460
0.0
461
0.0
452
        0
462
0.0
453
        0
470

  0
ENDBLK
  5
3C6
330
3C3
100
AcDbEntity
  8
0
100
AcDbBlockEnd
  0
BLOCK
  5
3CA
330
3C9
100
AcDbEntity
  8
0
100
AcDbBlockBegin
  2
9.12_54
 70
     0
 10
0.0
 20
0.0
 30
0.0
  3
9.12_54
  1

  0
HATCH
  5
3CB
330
3C9
100
AcDbEntity
  8
GS09-výškopis-body podrobné-buňky
  6
Continuous
 62
    32
370
     0
100
AcDbHatch
 10
0.0
 20
0.0
 30
0.0
210
0.0
220
0.0
230
1.0
  2
SOLID
 70
     1
 71
     0
 91
        1
 92
        1
 93
        1
 72
     2
 10
0.0000000004656613
 20
0.0
 40
0.00015
 50
0.0
 51
360.0
 73
     1
 97
        0
 75
     0
 76
     1
 98
        1
 10
0.0
 20
0.0
450
        0
451
        0
460
0.0
461
0.0
452
        0
462
0.0
453
        0
470

  0
ENDBLK
  5
3CC
330
3C9
100
AcDbEntity
  8
0
100
AcDbBlockEnd
  0
BLOCK
  5
3D0
330
3CF
100
AcDbEntity
  8
0
100
AcDbBlockBegin
  2
9.12_55
 70
     0
 10
0.0
 20
0.0
 30
0.0
  3
9.12_55
  1

  0
HATCH
  5
3D1
330
3CF
100
AcDbEntity
  8
GS09-výškopis-body podrobné-buňky
  6
Continuous
 62
    32
370
     0
100
AcDbHatch
 10
0.0
 20
0.0
 30
0.0
210
0.0
220
0.0
230
1.0
  2
SOLID
 70
     1
 71
     0
 91
        1
 92
        1
 93
        1
 72
     2
 10
0.0
 20
-0.0000000009313226
 40
0.00015
 50
0.0
 51
360.0
 73
     1
 97
        0
 75
     0
 76
     1
 98
        1
 10
0.0
 20
0.0
450
        0
451
        0
460
0.0
461
0.0
452
        0
462
0.0
453
        0
470

  0
ENDBLK
  5
3D2
330
3CF
100
AcDbEntity
  8
0
100
AcDbBlockEnd
  0
BLOCK
  5
3D6
330
3D5
100
AcDbEntity
  8
0
100
AcDbBlockBegin
  2
9.12_56
 70
     0
 10
0.0
 20
0.0
 30
0.0
  3
9.12_56
  1

  0
HATCH
  5
3D7
330
3D5
100
AcDbEntity
  8
GS09-výškopis-body podrobné-buňky
  6
Continuous
 62
    32
370
     0
100
AcDbHatch
 10
0.0
 20
0.0
 30
0.0
210
0.0
220
0.0
230
1.0
  2
SOLID
 70
     1
 71
     0
 91
        1
 92
        1
 93
        1
 72
     2
 10
0.0
 20
0.0
 40
0.00015
 50
0.0
 51
360.0
 73
     1
 97
        0
 75
     0
 76
     1
 98
        1
 10
0.0
 20
0.0
450
        0
451
        0
460
0.0
461
0.0
452
        0
462
0.0
453
        0
470

  0
ENDBLK
  5
3D8
330
3D5
100
AcDbEntity
  8
0
100
AcDbBlockEnd
  0
BLOCK
  5
3DC
330
3DB
100
AcDbEntity
  8
0
100
AcDbBlockBegin
  2
9.12_57
 70
     0
 10
0.0
 20
0.0
 30
0.0
  3
9.12_57
  1

  0
HATCH
  5
3DD
330
3DB
100
AcDbEntity
  8
GS09-výškopis-body podrobné-buňky
  6
Continuous
 62
    32
370
     0
100
AcDbHatch
 10
0.0
 20
0.0
 30
0.0
210
0.0
220
0.0
230
1.0
  2
SOLID
 70
     1
 71
     0
 91
        1
 92
        1
 93
        1
 72
     2
 10
0.0000000004656613
 20
0.0000000009313226
 40
0.00015
 50
0.0
 51
360.0
 73
     1
 97
        0
 75
     0
 76
     1
 98
        1
 10
0.0
 20
0.0
450
        0
451
        0
460
0.0
461
0.0
452
        0
462
0.0
453
        0
470

  0
ENDBLK
  5
3DE
330
3DB
100
AcDbEntity
  8
0
100
AcDbBlockEnd
  0
BLOCK
  5
3E2
330
3E1
100
AcDbEntity
  8
0
100
AcDbBlockBegin
  2
9.12_58
 70
     0
 10
0.0
 20
0.0
 30
0.0
  3
9.12_58
  1

  0
HATCH
  5
3E3
330
3E1
100
AcDbEntity
  8
GS09-výškopis-body podrobné-buňky
  6
Continuous
 62
    32
370
     0
100
AcDbHatch
 10
0.0
 20
0.0
 30
0.0
210
0.0
220
0.0
230
1.0
  2
SOLID
 70
     1
 71
     0
 91
        1
 92
        1
 93
        1
 72
     2
 10
0.0
 20
0.0
 40
0.00015
 50
0.0
 51
360.0
 73
     1
 97
        0
 75
     0
 76
     1
 98
        1
 10
0.0
 20
0.0
450
        0
451
        0
460
0.0
461
0.0
452
        0
462
0.0
453
        0
470

  0
ENDBLK
  5
3E4
330
3E1
100
AcDbEntity
  8
0
100
AcDbBlockEnd
  0
BLOCK
  5
3E8
330
3E7
100
AcDbEntity
  8
0
100
AcDbBlockBegin
  2
9.12_59
 70
     0
 10
0.0
 20
0.0
 30
0.0
  3
9.12_59
  1

  0
HATCH
  5
3E9
330
3E7
100
AcDbEntity
  8
GS09-výškopis-body podrobné-buňky
  6
Continuous
 62
    32
370
     0
100
AcDbHatch
 10
0.0
 20
0.0
 30
0.0
210
0.0
220
0.0
230
1.0
  2
SOLID
 70
     1
 71
     0
 91
        1
 92
        1
 93
        1
 72
     2
 10
0.0
 20
-0.0000000009313226
 40
0.00015
 50
0.0
 51
360.0
 73
     1
 97
        0
 75
     0
 76
     1
 98
        1
 10
0.0
 20
0.0
450
        0
451
        0
460
0.0
461
0.0
452
        0
462
0.0
453
        0
470

  0
ENDBLK
  5
3EA
330
3E7
100
AcDbEntity
  8
0
100
AcDbBlockEnd
  0
BLOCK
  5
3EE
330
3ED
100
AcDbEntity
  8
0
100
AcDbBlockBegin
  2
9.12_60
 70
     0
 10
0.0
 20
0.0
 30
0.0
  3
9.12_60
  1

  0
HATCH
  5
3EF
330
3ED
100
AcDbEntity
  8
GS09-výškopis-body podrobné-buňky
  6
Continuous
 62
    32
370
     0
100
AcDbHatch
 10
0.0
 20
0.0
 30
0.0
210
0.0
220
0.0
230
1.0
  2
SOLID
 70
     1
 71
     0
 91
        1
 92
        1
 93
        1
 72
     2
 10
-0.0000000004656613
 20
0.0
 40
0.00015
 50
0.0
 51
360.0
 73
     1
 97
        0
 75
     0
 76
     1
 98
        1
 10
0.0
 20
0.0
450
        0
451
        0
460
0.0
461
0.0
452
        0
462
0.0
453
        0
470

  0
ENDBLK
  5
3F0
330
3ED
100
AcDbEntity
  8
0
100
AcDbBlockEnd
  0
BLOCK
  5
3F4
330
3F3
100
AcDbEntity
  8
0
100
AcDbBlockBegin
  2
9.12_61
 70
     0
 10
0.0
 20
0.0
 30
0.0
  3
9.12_61
  1

  0
HATCH
  5
3F5
330
3F3
100
AcDbEntity
  8
GS09-výškopis-body podrobné-buňky
  6
Continuous
 62
    32
370
     0
100
AcDbHatch
 10
0.0
 20
0.0
 30
0.0
210
0.0
220
0.0
230
1.0
  2
SOLID
 70
     1
 71
     0
 91
        1
 92
        1
 93
        1
 72
     2
 10
0.0
 20
0.0000000009313226
 40
0.00015
 50
0.0
 51
360.0
 73
     1
 97
        0
 75
     0
 76
     1
 98
        1
 10
0.0
 20
0.0
450
        0
451
        0
460
0.0
461
0.0
452
        0
462
0.0
453
        0
470

  0
ENDBLK
  5
3F6
330
3F3
100
AcDbEntity
  8
0
100
AcDbBlockEnd
  0
BLOCK
  5
3FA
330
3F9
100
AcDbEntity
  8
0
100
AcDbBlockBegin
  2
9.12_62
 70
     0
 10
0.0
 20
0.0
 30
0.0
  3
9.12_62
  1

  0
HATCH
  5
3FB
330
3F9
100
AcDbEntity
  8
GS09-výškopis-body podrobné-buňky
  6
Continuous
 62
    32
370
     0
100
AcDbHatch
 10
0.0
 20
0.0
 30
0.0
210
0.0
220
0.0
230
1.0
  2
SOLID
 70
     1
 71
     0
 91
        1
 92
        1
 93
        1
 72
     2
 10
0.0
 20
-0.0000000009313226
 40
0.00015
 50
0.0
 51
360.0
 73
     1
 97
        0
 75
     0
 76
     1
 98
        1
 10
0.0
 20
0.0
450
        0
451
        0
460
0.0
461
0.0
452
        0
462
0.0
453
        0
470

  0
ENDBLK
  5
3FC
330
3F9
100
AcDbEntity
  8
0
100
AcDbBlockEnd
  0
BLOCK
  5
400
330
3FF
100
AcDbEntity
  8
0
100
AcDbBlockBegin
  2
9.12_63
 70
     0
 10
0.0
 20
0.0
 30
0.0
  3
9.12_63
  1

  0
HATCH
  5
401
330
3FF
100
AcDbEntity
  8
GS09-výškopis-body podrobné-buňky
  6
Continuous
 62
    32
370
     0
100
AcDbHatch
 10
0.0
 20
0.0
 30
0.0
210
0.0
220
0.0
230
1.0
  2
SOLID
 70
     1
 71
     0
 91
        1
 92
        1
 93
        1
 72
     2
 10
0.0
 20
0.0
 40
0.00015
 50
0.0
 51
360.0
 73
     1
 97
        0
 75
     0
 76
     1
 98
        1
 10
0.0
 20
0.0
450
        0
451
        0
460
0.0
461
0.0
452
        0
462
0.0
453
        0
470

  0
ENDBLK
  5
402
330
3FF
100
AcDbEntity
  8
0
100
AcDbBlockEnd
  0
BLOCK
  5
406
330
405
100
AcDbEntity
  8
0
100
AcDbBlockBegin
  2
9.12_64
 70
     0
 10
0.0
 20
0.0
 30
0.0
  3
9.12_64
  1

  0
HATCH
  5
407
330
405
100
AcDbEntity
  8
GS09-výškopis-body podrobné-buňky
  6
Continuous
 62
    32
370
     0
100
AcDbHatch
 10
0.0
 20
0.0
 30
0.0
210
0.0
220
0.0
230
1.0
  2
SOLID
 70
     1
 71
     0
 91
        1
 92
        1
 93
        1
 72
     2
 10
0.0
 20
0.0
 40
0.00015
 50
0.0
 51
360.0
 73
     1
 97
        0
 75
     0
 76
     1
 98
        1
 10
0.0
 20
0.0
450
        0
451
        0
460
0.0
461
0.0
452
        0
462
0.0
453
        0
470

  0
ENDBLK
  5
408
330
405
100
AcDbEntity
  8
0
100
AcDbBlockEnd
  0
BLOCK
  5
40C
330
40B
100
AcDbEntity
  8
0
100
AcDbBlockBegin
  2
9.12_65
 70
     0
 10
0.0
 20
0.0
 30
0.0
  3
9.12_65
  1

  0
HATCH
  5
40D
330
40B
100
AcDbEntity
  8
GS09-výškopis-body podrobné-buňky
  6
Continuous
 62
    32
370
     0
100
AcDbHatch
 10
0.0
 20
0.0
 30
0.0
210
0.0
220
0.0
230
1.0
  2
SOLID
 70
     1
 71
     0
 91
        1
 92
        1
 93
        1
 72
     2
 10
0.0
 20
0.0
 40
0.00015
 50
0.0
 51
360.0
 73
     1
 97
        0
 75
     0
 76
     1
 98
        1
 10
0.0
 20
0.0
450
        0
451
        0
460
0.0
461
0.0
452
        0
462
0.0
453
        0
470

  0
ENDBLK
  5
40E
330
40B
100
AcDbEntity
  8
0
100
AcDbBlockEnd
  0
BLOCK
  5
412
330
411
100
AcDbEntity
  8
0
100
AcDbBlockBegin
  2
9.12_66
 70
     0
 10
0.0
 20
0.0
 30
0.0
  3
9.12_66
  1

  0
HATCH
  5
413
330
411
100
AcDbEntity
  8
GS09-výškopis-body podrobné-buňky
  6
Continuous
 62
    32
370
     0
100
AcDbHatch
 10
0.0
 20
0.0
 30
0.0
210
0.0
220
0.0
230
1.0
  2
SOLID
 70
     1
 71
     0
 91
        1
 92
        1
 93
        1
 72
     2
 10
0.0
 20
0.0
 40
0.00015
 50
0.0
 51
360.0
 73
     1
 97
        0
 75
     0
 76
     1
 98
        1
 10
0.0
 20
0.0
450
        0
451
        0
460
0.0
461
0.0
452
        0
462
0.0
453
        0
470

  0
ENDBLK
  5
414
330
411
100
AcDbEntity
  8
0
100
AcDbBlockEnd
  0
BLOCK
  5
418
330
417
100
AcDbEntity
  8
0
100
AcDbBlockBegin
  2
9.12_67
 70
     0
 10
0.0
 20
0.0
 30
0.0
  3
9.12_67
  1

  0
HATCH
  5
419
330
417
100
AcDbEntity
  8
GS09-výškopis-body podrobné-buňky
  6
Continuous
 62
    32
370
     0
100
AcDbHatch
 10
0.0
 20
0.0
 30
0.0
210
0.0
220
0.0
230
1.0
  2
SOLID
 70
     1
 71
     0
 91
        1
 92
        1
 93
        1
 72
     2
 10
0.0
 20
0.0
 40
0.00015
 50
0.0
 51
360.0
 73
     1
 97
        0
 75
     0
 76
     1
 98
        1
 10
0.0
 20
0.0
450
        0
451
        0
460
0.0
461
0.0
452
        0
462
0.0
453
        0
470

  0
ENDBLK
  5
41A
330
417
100
AcDbEntity
  8
0
100
AcDbBlockEnd
  0
BLOCK
  5
41E
330
41D
100
AcDbEntity
  8
0
100
AcDbBlockBegin
  2
9.12_68
 70
     0
 10
0.0
 20
0.0
 30
0.0
  3
9.12_68
  1

  0
HATCH
  5
41F
330
41D
100
AcDbEntity
  8
GS09-výškopis-body podrobné-buňky
  6
Continuous
 62
    32
370
     0
100
AcDbHatch
 10
0.0
 20
0.0
 30
0.0
210
0.0
220
0.0
230
1.0
  2
SOLID
 70
     1
 71
     0
 91
        1
 92
        1
 93
        1
 72
     2
 10
0.0
 20
-0.0000000009313226
 40
0.00015
 50
0.0
 51
360.0
 73
     1
 97
        0
 75
     0
 76
     1
 98
        1
 10
0.0
 20
0.0
450
        0
451
        0
460
0.0
461
0.0
452
        0
462
0.0
453
        0
470

  0
ENDBLK
  5
420
330
41D
100
AcDbEntity
  8
0
100
AcDbBlockEnd
  0
BLOCK
  5
424
330
423
100
AcDbEntity
  8
0
100
AcDbBlockBegin
  2
9.12_69
 70
     0
 10
0.0
 20
0.0
 30
0.0
  3
9.12_69
  1

  0
HATCH
  5
425
330
423
100
AcDbEntity
  8
GS09-výškopis-body podrobné-buňky
  6
Continuous
 62
    32
370
     0
100
AcDbHatch
 10
0.0
 20
0.0
 30
0.0
210
0.0
220
0.0
230
1.0
  2
SOLID
 70
     1
 71
     0
 91
        1
 92
        1
 93
        1
 72
     2
 10
0.0
 20
0.0
 40
0.00015
 50
0.0
 51
360.0
 73
     1
 97
        0
 75
     0
 76
     1
 98
        1
 10
0.0
 20
0.0
450
        0
451
        0
460
0.0
461
0.0
452
        0
462
0.0
453
        0
470

  0
ENDBLK
  5
426
330
423
100
AcDbEntity
  8
0
100
AcDbBlockEnd
  0
BLOCK
  5
42A
330
429
100
AcDbEntity
  8
0
100
AcDbBlockBegin
  2
9.12_70
 70
     0
 10
0.0
 20
0.0
 30
0.0
  3
9.12_70
  1

  0
HATCH
  5
42B
330
429
100
AcDbEntity
  8
GS09-výškopis-body podrobné-buňky
  6
Continuous
 62
    32
370
     0
100
AcDbHatch
 10
0.0
 20
0.0
 30
0.0
210
0.0
220
0.0
230
1.0
  2
SOLID
 70
     1
 71
     0
 91
        1
 92
        1
 93
        1
 72
     2
 10
-0.0000000004656613
 20
0.0000000009313226
 40
0.00015
 50
0.0
 51
360.0
 73
     1
 97
        0
 75
     0
 76
     1
 98
        1
 10
0.0
 20
0.0
450
        0
451
        0
460
0.0
461
0.0
452
        0
462
0.0
453
        0
470

  0
ENDBLK
  5
42C
330
429
100
AcDbEntity
  8
0
100
AcDbBlockEnd
  0
BLOCK
  5
430
330
42F
100
AcDbEntity
  8
0
100
AcDbBlockBegin
  2
9.12_71
 70
     0
 10
0.0
 20
0.0
 30
0.0
  3
9.12_71
  1

  0
HATCH
  5
431
330
42F
100
AcDbEntity
  8
GS09-výškopis-body podrobné-buňky
  6
Continuous
 62
    32
370
     0
100
AcDbHatch
 10
0.0
 20
0.0
 30
0.0
210
0.0
220
0.0
230
1.0
  2
SOLID
 70
     1
 71
     0
 91
        1
 92
        1
 93
        1
 72
     2
 10
0.0
 20
0.0
 40
0.00015
 50
0.0
 51
360.0
 73
     1
 97
        0
 75
     0
 76
     1
 98
        1
 10
0.0
 20
0.0
450
        0
451
        0
460
0.0
461
0.0
452
        0
462
0.0
453
        0
470

  0
ENDBLK
  5
432
330
42F
100
AcDbEntity
  8
0
100
AcDbBlockEnd
  0
BLOCK
  5
436
330
435
100
AcDbEntity
  8
0
100
AcDbBlockBegin
  2
9.12_72
 70
     0
 10
0.0
 20
0.0
 30
0.0
  3
9.12_72
  1

  0
HATCH
  5
437
330
435
100
AcDbEntity
  8
GS09-výškopis-body podrobné-buňky
  6
Continuous
 62
    32
370
     0
100
AcDbHatch
 10
0.0
 20
0.0
 30
0.0
210
0.0
220
0.0
230
1.0
  2
SOLID
 70
     1
 71
     0
 91
        1
 92
        1
 93
        1
 72
     2
 10
0.0
 20
-0.0000000009313226
 40
0.00015
 50
0.0
 51
360.0
 73
     1
 97
        0
 75
     0
 76
     1
 98
        1
 10
0.0
 20
0.0
450
        0
451
        0
460
0.0
461
0.0
452
        0
462
0.0
453
        0
470

  0
ENDBLK
  5
438
330
435
100
AcDbEntity
  8
0
100
AcDbBlockEnd
  0
BLOCK
  5
43C
330
43B
100
AcDbEntity
  8
0
100
AcDbBlockBegin
  2
9.12_73
 70
     0
 10
0.0
 20
0.0
 30
0.0
  3
9.12_73
  1

  0
HATCH
  5
43D
330
43B
100
AcDbEntity
  8
GS09-výškopis-body podrobné-buňky
  6
Continuous
 62
    32
370
     0
100
AcDbHatch
 10
0.0
 20
0.0
 30
0.0
210
0.0
220
0.0
230
1.0
  2
SOLID
 70
     1
 71
     0
 91
        1
 92
        1
 93
        1
 72
     2
 10
-0.0000000004656613
 20
0.0000000009313226
 40
0.00015
 50
0.0
 51
360.0
 73
     1
 97
        0
 75
     0
 76
     1
 98
        1
 10
0.0
 20
0.0
450
        0
451
        0
460
0.0
461
0.0
452
        0
462
0.0
453
        0
470

  0
ENDBLK
  5
43E
330
43B
100
AcDbEntity
  8
0
100
AcDbBlockEnd
  0
BLOCK
  5
442
330
441
100
AcDbEntity
  8
0
100
AcDbBlockBegin
  2
9.12_74
 70
     0
 10
0.0
 20
0.0
 30
0.0
  3
9.12_74
  1

  0
HATCH
  5
443
330
441
100
AcDbEntity
  8
GS09-výškopis-body podrobné-buňky
  6
Continuous
 62
    32
370
     0
100
AcDbHatch
 10
0.0
 20
0.0
 30
0.0
210
0.0
220
0.0
230
1.0
  2
SOLID
 70
     1
 71
     0
 91
        1
 92
        1
 93
        1
 72
     2
 10
0.0
 20
0.0
 40
0.00015
 50
0.0
 51
360.0
 73
     1
 97
        0
 75
     0
 76
     1
 98
        1
 10
0.0
 20
0.0
450
        0
451
        0
460
0.0
461
0.0
452
        0
462
0.0
453
        0
470

  0
ENDBLK
  5
444
330
441
100
AcDbEntity
  8
0
100
AcDbBlockEnd
  0
BLOCK
  5
448
330
447
100
AcDbEntity
  8
0
100
AcDbBlockBegin
  2
9.12_75
 70
     0
 10
0.0
 20
0.0
 30
0.0
  3
9.12_75
  1

  0
HATCH
  5
449
330
447
100
AcDbEntity
  8
GS09-výškopis-body podrobné-buňky
  6
Continuous
 62
    32
370
     0
100
AcDbHatch
 10
0.0
 20
0.0
 30
0.0
210
0.0
220
0.0
230
1.0
  2
SOLID
 70
     1
 71
     0
 91
        1
 92
        1
 93
        1
 72
     2
 10
0.0
 20
0.0
 40
0.00015
 50
0.0
 51
360.0
 73
     1
 97
        0
 75
     0
 76
     1
 98
        1
 10
0.0
 20
0.0
450
        0
451
        0
460
0.0
461
0.0
452
        0
462
0.0
453
        0
470

  0
ENDBLK
  5
44A
330
447
100
AcDbEntity
  8
0
100
AcDbBlockEnd
  0
BLOCK
  5
44E
330
44D
100
AcDbEntity
  8
0
100
AcDbBlockBegin
  2
9.12_76
 70
     0
 10
0.0
 20
0.0
 30
0.0
  3
9.12_76
  1

  0
HATCH
  5
44F
330
44D
100
AcDbEntity
  8
GS09-výškopis-body podrobné-buňky
  6
Continuous
 62
    32
370
     0
100
AcDbHatch
 10
0.0
 20
0.0
 30
0.0
210
0.0
220
0.0
230
1.0
  2
SOLID
 70
     1
 71
     0
 91
        1
 92
        1
 93
        1
 72
     2
 10
0.0
 20
0.0
 40
0.00015
 50
0.0
 51
360.0
 73
     1
 97
        0
 75
     0
 76
     1
 98
        1
 10
0.0
 20
0.0
450
        0
451
        0
460
0.0
461
0.0
452
        0
462
0.0
453
        0
470

  0
ENDBLK
  5
450
330
44D
100
AcDbEntity
  8
0
100
AcDbBlockEnd
  0
BLOCK
  5
454
330
453
100
AcDbEntity
  8
0
100
AcDbBlockBegin
  2
9.12_77
 70
     0
 10
0.0
 20
0.0
 30
0.0
  3
9.12_77
  1

  0
HATCH
  5
455
330
453
100
AcDbEntity
  8
GS09-výškopis-body podrobné-buňky
  6
Continuous
 62
    32
370
     0
100
AcDbHatch
 10
0.0
 20
0.0
 30
0.0
210
0.0
220
0.0
230
1.0
  2
SOLID
 70
     1
 71
     0
 91
        1
 92
        1
 93
        1
 72
     2
 10
0.0
 20
-0.0000000009313226
 40
0.00015
 50
0.0
 51
360.0
 73
     1
 97
        0
 75
     0
 76
     1
 98
        1
 10
0.0
 20
0.0
450
        0
451
        0
460
0.0
461
0.0
452
        0
462
0.0
453
        0
470

  0
ENDBLK
  5
456
330
453
100
AcDbEntity
  8
0
100
AcDbBlockEnd
  0
BLOCK
  5
45A
330
459
100
AcDbEntity
  8
0
100
AcDbBlockBegin
  2
9.12_78
 70
     0
 10
0.0
 20
0.0
 30
0.0
  3
9.12_78
  1

  0
HATCH
  5
45B
330
459
100
AcDbEntity
  8
GS09-výškopis-body podrobné-buňky
  6
Continuous
 62
    32
370
     0
100
AcDbHatch
 10
0.0
 20
0.0
 30
0.0
210
0.0
220
0.0
230
1.0
  2
SOLID
 70
     1
 71
     0
 91
        1
 92
        1
 93
        1
 72
     2
 10
0.0
 20
0.0000000009313226
 40
0.00015
 50
0.0
 51
360.0
 73
     1
 97
        0
 75
     0
 76
     1
 98
        1
 10
0.0
 20
0.0
450
        0
451
        0
460
0.0
461
0.0
452
        0
462
0.0
453
        0
470

  0
ENDBLK
  5
45C
330
459
100
AcDbEntity
  8
0
100
AcDbBlockEnd
  0
BLOCK
  5
460
330
45F
100
AcDbEntity
  8
0
100
AcDbBlockBegin
  2
9.12_79
 70
     0
 10
0.0
 20
0.0
 30
0.0
  3
9.12_79
  1

  0
HATCH
  5
461
330
45F
100
AcDbEntity
  8
GS09-výškopis-body podrobné-buňky
  6
Continuous
 62
    32
370
     0
100
AcDbHatch
 10
0.0
 20
0.0
 30
0.0
210
0.0
220
0.0
230
1.0
  2
SOLID
 70
     1
 71
     0
 91
        1
 92
        1
 93
        1
 72
     2
 10
0.0000000004656613
 20
0.0000000009313226
 40
0.00015
 50
0.0
 51
360.0
 73
     1
 97
        0
 75
     0
 76
     1
 98
        1
 10
0.0
 20
0.0
450
        0
451
        0
460
0.0
461
0.0
452
        0
462
0.0
453
        0
470

  0
ENDBLK
  5
462
330
45F
100
AcDbEntity
  8
0
100
AcDbBlockEnd
  0
BLOCK
  5
466
330
465
100
AcDbEntity
  8
0
100
AcDbBlockBegin
  2
9.12_80
 70
     0
 10
0.0
 20
0.0
 30
0.0
  3
9.12_80
  1

  0
HATCH
  5
467
330
465
100
AcDbEntity
  8
GS09-výškopis-body podrobné-buňky
  6
Continuous
 62
    32
370
     0
100
AcDbHatch
 10
0.0
 20
0.0
 30
0.0
210
0.0
220
0.0
230
1.0
  2
SOLID
 70
     1
 71
     0
 91
        1
 92
        1
 93
        1
 72
     2
 10
0.0
 20
0.0
 40
0.00015
 50
0.0
 51
360.0
 73
     1
 97
        0
 75
     0
 76
     1
 98
        1
 10
0.0
 20
0.0
450
        0
451
        0
460
0.0
461
0.0
452
        0
462
0.0
453
        0
470

  0
ENDBLK
  5
468
330
465
100
AcDbEntity
  8
0
100
AcDbBlockEnd
  0
BLOCK
  5
46C
330
46B
100
AcDbEntity
  8
0
100
AcDbBlockBegin
  2
9.12_81
 70
     0
 10
0.0
 20
0.0
 30
0.0
  3
9.12_81
  1

  0
HATCH
  5
46D
330
46B
100
AcDbEntity
  8
GS09-výškopis-body podrobné-buňky
  6
Continuous
 62
    32
370
     0
100
AcDbHatch
 10
0.0
 20
0.0
 30
0.0
210
0.0
220
0.0
230
1.0
  2
SOLID
 70
     1
 71
     0
 91
        1
 92
        1
 93
        1
 72
     2
 10
-0.0000000004656613
 20
-0.0000000009313226
 40
0.00015
 50
0.0
 51
360.0
 73
     1
 97
        0
 75
     0
 76
     1
 98
        1
 10
0.0
 20
0.0
450
        0
451
        0
460
0.0
461
0.0
452
        0
462
0.0
453
        0
470

  0
ENDBLK
  5
46E
330
46B
100
AcDbEntity
  8
0
100
AcDbBlockEnd
  0
BLOCK
  5
472
330
471
100
AcDbEntity
  8
0
100
AcDbBlockBegin
  2
9.12_82
 70
     0
 10
0.0
 20
0.0
 30
0.0
  3
9.12_82
  1

  0
HATCH
  5
473
330
471
100
AcDbEntity
  8
GS09-výškopis-body podrobné-buňky
  6
Continuous
 62
    32
370
     0
100
AcDbHatch
 10
0.0
 20
0.0
 30
0.0
210
0.0
220
0.0
230
1.0
  2
SOLID
 70
     1
 71
     0
 91
        1
 92
        1
 93
        1
 72
     2
 10
0.0000000004656613
 20
0.0
 40
0.00015
 50
0.0
 51
360.0
 73
     1
 97
        0
 75
     0
 76
     1
 98
        1
 10
0.0
 20
0.0
450
        0
451
        0
460
0.0
461
0.0
452
        0
462
0.0
453
        0
470

  0
ENDBLK
  5
474
330
471
100
AcDbEntity
  8
0
100
AcDbBlockEnd
  0
BLOCK
  5
478
330
477
100
AcDbEntity
  8
0
100
AcDbBlockBegin
  2
9.12_83
 70
     0
 10
0.0
 20
0.0
 30
0.0
  3
9.12_83
  1

  0
HATCH
  5
479
330
477
100
AcDbEntity
  8
GS09-výškopis-body podrobné-buňky
  6
Continuous
 62
    32
370
     0
100
AcDbHatch
 10
0.0
 20
0.0
 30
0.0
210
0.0
220
0.0
230
1.0
  2
SOLID
 70
     1
 71
     0
 91
        1
 92
        1
 93
        1
 72
     2
 10
-0.0000000004656613
 20
0.0000000009313226
 40
0.00015
 50
0.0
 51
360.0
 73
     1
 97
        0
 75
     0
 76
     1
 98
        1
 10
0.0
 20
0.0
450
        0
451
        0
460
0.0
461
0.0
452
        0
462
0.0
453
        0
470

  0
ENDBLK
  5
47A
330
477
100
AcDbEntity
  8
0
100
AcDbBlockEnd
  0
BLOCK
  5
47E
330
47D
100
AcDbEntity
  8
0
100
AcDbBlockBegin
  2
9.12_84
 70
     0
 10
0.0
 20
0.0
 30
0.0
  3
9.12_84
  1

  0
HATCH
  5
47F
330
47D
100
AcDbEntity
  8
GS09-výškopis-body podrobné-buňky
  6
Continuous
 62
    32
370
     0
100
AcDbHatch
 10
0.0
 20
0.0
 30
0.0
210
0.0
220
0.0
230
1.0
  2
SOLID
 70
     1
 71
     0
 91
        1
 92
        1
 93
        1
 72
     2
 10
0.0
 20
0.0
 40
0.00015
 50
0.0
 51
360.0
 73
     1
 97
        0
 75
     0
 76
     1
 98
        1
 10
0.0
 20
0.0
450
        0
451
        0
460
0.0
461
0.0
452
        0
462
0.0
453
        0
470

  0
ENDBLK
  5
480
330
47D
100
AcDbEntity
  8
0
100
AcDbBlockEnd
  0
BLOCK
  5
484
330
483
100
AcDbEntity
  8
0
100
AcDbBlockBegin
  2
9.12_85
 70
     0
 10
0.0
 20
0.0
 30
0.0
  3
9.12_85
  1

  0
HATCH
  5
485
330
483
100
AcDbEntity
  8
GS09-výškopis-body podrobné-buňky
  6
Continuous
 62
    32
370
     0
100
AcDbHatch
 10
0.0
 20
0.0
 30
0.0
210
0.0
220
0.0
230
1.0
  2
SOLID
 70
     1
 71
     0
 91
        1
 92
        1
 93
        1
 72
     2
 10
0.0
 20
-0.0000000009313226
 40
0.00015
 50
0.0
 51
360.0
 73
     1
 97
        0
 75
     0
 76
     1
 98
        1
 10
0.0
 20
0.0
450
        0
451
        0
460
0.0
461
0.0
452
        0
462
0.0
453
        0
470

  0
ENDBLK
  5
486
330
483
100
AcDbEntity
  8
0
100
AcDbBlockEnd
  0
BLOCK
  5
48A
330
489
100
AcDbEntity
  8
0
100
AcDbBlockBegin
  2
9.12_86
 70
     0
 10
0.0
 20
0.0
 30
0.0
  3
9.12_86
  1

  0
HATCH
  5
48B
330
489
100
AcDbEntity
  8
GS09-výškopis-body podrobné-buňky
  6
Continuous
 62
    32
370
     0
100
AcDbHatch
 10
0.0
 20
0.0
 30
0.0
210
0.0
220
0.0
230
1.0
  2
SOLID
 70
     1
 71
     0
 91
        1
 92
        1
 93
        1
 72
     2
 10
0.0
 20
0.0
 40
0.00015
 50
0.0
 51
360.0
 73
     1
 97
        0
 75
     0
 76
     1
 98
        1
 10
0.0
 20
0.0
450
        0
451
        0
460
0.0
461
0.0
452
        0
462
0.0
453
        0
470

  0
ENDBLK
  5
48C
330
489
100
AcDbEntity
  8
0
100
AcDbBlockEnd
  0
BLOCK
  5
490
330
48F
100
AcDbEntity
  8
0
100
AcDbBlockBegin
  2
9.12_87
 70
     0
 10
0.0
 20
0.0
 30
0.0
  3
9.12_87
  1

  0
HATCH
  5
491
330
48F
100
AcDbEntity
  8
GS09-výškopis-body podrobné-buňky
  6
Continuous
 62
    32
370
     0
100
AcDbHatch
 10
0.0
 20
0.0
 30
0.0
210
0.0
220
0.0
230
1.0
  2
SOLID
 70
     1
 71
     0
 91
        1
 92
        1
 93
        1
 72
     2
 10
0.0
 20
0.0
 40
0.00015
 50
0.0
 51
360.0
 73
     1
 97
        0
 75
     0
 76
     1
 98
        1
 10
0.0
 20
0.0
450
        0
451
        0
460
0.0
461
0.0
452
        0
462
0.0
453
        0
470

  0
ENDBLK
  5
492
330
48F
100
AcDbEntity
  8
0
100
AcDbBlockEnd
  0
BLOCK
  5
496
330
495
100
AcDbEntity
  8
0
100
AcDbBlockBegin
  2
9.12_88
 70
     0
 10
0.0
 20
0.0
 30
0.0
  3
9.12_88
  1

  0
HATCH
  5
497
330
495
100
AcDbEntity
  8
GS09-výškopis-body podrobné-buňky
  6
Continuous
 62
    32
370
     0
100
AcDbHatch
 10
0.0
 20
0.0
 30
0.0
210
0.0
220
0.0
230
1.0
  2
SOLID
 70
     1
 71
     0
 91
        1
 92
        1
 93
        1
 72
     2
 10
0.0
 20
0.0
 40
0.00015
 50
0.0
 51
360.0
 73
     1
 97
        0
 75
     0
 76
     1
 98
        1
 10
0.0
 20
0.0
450
        0
451
        0
460
0.0
461
0.0
452
        0
462
0.0
453
        0
470

  0
ENDBLK
  5
498
330
495
100
AcDbEntity
  8
0
100
AcDbBlockEnd
  0
BLOCK
  5
49C
330
49B
100
AcDbEntity
  8
0
100
AcDbBlockBegin
  2
9.12_89
 70
     0
 10
0.0
 20
0.0
 30
0.0
  3
9.12_89
  1

  0
HATCH
  5
49D
330
49B
100
AcDbEntity
  8
GS09-výškopis-body podrobné-buňky
  6
Continuous
 62
    32
370
     0
100
AcDbHatch
 10
0.0
 20
0.0
 30
0.0
210
0.0
220
0.0
230
1.0
  2
SOLID
 70
     1
 71
     0
 91
        1
 92
        1
 93
        1
 72
     2
 10
-0.0000000004656613
 20
0.0
 40
0.00015
 50
0.0
 51
360.0
 73
     1
 97
        0
 75
     0
 76
     1
 98
        1
 10
0.0
 20
0.0
450
        0
451
        0
460
0.0
461
0.0
452
        0
462
0.0
453
        0
470

  0
ENDBLK
  5
49E
330
49B
100
AcDbEntity
  8
0
100
AcDbBlockEnd
  0
BLOCK
  5
4A2
330
4A1
100
AcDbEntity
  8
0
100
AcDbBlockBegin
  2
9.12_90
 70
     0
 10
0.0
 20
0.0
 30
0.0
  3
9.12_90
  1

  0
HATCH
  5
4A3
330
4A1
100
AcDbEntity
  8
GS09-výškopis-body podrobné-buňky
  6
Continuous
 62
    32
370
     0
100
AcDbHatch
 10
0.0
 20
0.0
 30
0.0
210
0.0
220
0.0
230
1.0
  2
SOLID
 70
     1
 71
     0
 91
        1
 92
        1
 93
        1
 72
     2
 10
-0.0000000004656613
 20
0.0
 40
0.00015
 50
0.0
 51
360.0
 73
     1
 97
        0
 75
     0
 76
     1
 98
        1
 10
0.0
 20
0.0
450
        0
451
        0
460
0.0
461
0.0
452
        0
462
0.0
453
        0
470

  0
ENDBLK
  5
4A4
330
4A1
100
AcDbEntity
  8
0
100
AcDbBlockEnd
  0
BLOCK
  5
4A8
330
4A7
100
AcDbEntity
  8
0
100
AcDbBlockBegin
  2
9.12_91
 70
     0
 10
0.0
 20
0.0
 30
0.0
  3
9.12_91
  1

  0
HATCH
  5
4A9
330
4A7
100
AcDbEntity
  8
GS09-výškopis-body podrobné-buňky
  6
Continuous
 62
    32
370
     0
100
AcDbHatch
 10
0.0
 20
0.0
 30
0.0
210
0.0
220
0.0
230
1.0
  2
SOLID
 70
     1
 71
     0
 91
        1
 92
        1
 93
        1
 72
     2
 10
0.0
 20
0.0
 40
0.00015
 50
0.0
 51
360.0
 73
     1
 97
        0
 75
     0
 76
     1
 98
        1
 10
0.0
 20
0.0
450
        0
451
        0
460
0.0
461
0.0
452
        0
462
0.0
453
        0
470

  0
ENDBLK
  5
4AA
330
4A7
100
AcDbEntity
  8
0
100
AcDbBlockEnd
  0
BLOCK
  5
4AE
330
4AD
100
AcDbEntity
  8
0
100
AcDbBlockBegin
  2
9.12_92
 70
     0
 10
0.0
 20
0.0
 30
0.0
  3
9.12_92
  1

  0
HATCH
  5
4AF
330
4AD
100
AcDbEntity
  8
GS09-výškopis-body podrobné-buňky
  6
Continuous
 62
    32
370
     0
100
AcDbHatch
 10
0.0
 20
0.0
 30
0.0
210
0.0
220
0.0
230
1.0
  2
SOLID
 70
     1
 71
     0
 91
        1
 92
        1
 93
        1
 72
     2
 10
0.0
 20
-0.0000000009313226
 40
0.00015
 50
0.0
 51
360.0
 73
     1
 97
        0
 75
     0
 76
     1
 98
        1
 10
0.0
 20
0.0
450
        0
451
        0
460
0.0
461
0.0
452
        0
462
0.0
453
        0
470

  0
ENDBLK
  5
4B0
330
4AD
100
AcDbEntity
  8
0
100
AcDbBlockEnd
  0
BLOCK
  5
4B4
330
4B3
100
AcDbEntity
  8
0
100
AcDbBlockBegin
  2
9.12_93
 70
     0
 10
0.0
 20
0.0
 30
0.0
  3
9.12_93
  1

  0
HATCH
  5
4B5
330
4B3
100
AcDbEntity
  8
GS09-výškopis-body podrobné-buňky
  6
Continuous
 62
    32
370
     0
100
AcDbHatch
 10
0.0
 20
0.0
 30
0.0
210
0.0
220
0.0
230
1.0
  2
SOLID
 70
     1
 71
     0
 91
        1
 92
        1
 93
        1
 72
     2
 10
0.0000000004656613
 20
0.0
 40
0.00015
 50
0.0
 51
360.0
 73
     1
 97
        0
 75
     0
 76
     1
 98
        1
 10
0.0
 20
0.0
450
        0
451
        0
460
0.0
461
0.0
452
        0
462
0.0
453
        0
470

  0
ENDBLK
  5
4B6
330
4B3
100
AcDbEntity
  8
0
100
AcDbBlockEnd
  0
BLOCK
  5
4BA
330
4B9
100
AcDbEntity
  8
0
100
AcDbBlockBegin
  2
9.12_94
 70
     0
 10
0.0
 20
0.0
 30
0.0
  3
9.12_94
  1

  0
HATCH
  5
4BB
330
4B9
100
AcDbEntity
  8
GS09-výškopis-body podrobné-buňky
  6
Continuous
 62
    32
370
     0
100
AcDbHatch
 10
0.0
 20
0.0
 30
0.0
210
0.0
220
0.0
230
1.0
  2
SOLID
 70
     1
 71
     0
 91
        1
 92
        1
 93
        1
 72
     2
 10
0.0
 20
0.0
 40
0.00015
 50
0.0
 51
360.0
 73
     1
 97
        0
 75
     0
 76
     1
 98
        1
 10
0.0
 20
0.0
450
        0
451
        0
460
0.0
461
0.0
452
        0
462
0.0
453
        0
470

  0
ENDBLK
  5
4BC
330
4B9
100
AcDbEntity
  8
0
100
AcDbBlockEnd
  0
BLOCK
  5
4C0
330
4BF
100
AcDbEntity
  8
0
100
AcDbBlockBegin
  2
9.12_95
 70
     0
 10
0.0
 20
0.0
 30
0.0
  3
9.12_95
  1

  0
HATCH
  5
4C1
330
4BF
100
AcDbEntity
  8
GS09-výškopis-body podrobné-buňky
  6
Continuous
 62
    32
370
     0
100
AcDbHatch
 10
0.0
 20
0.0
 30
0.0
210
0.0
220
0.0
230
1.0
  2
SOLID
 70
     1
 71
     0
 91
        1
 92
        1
 93
        1
 72
     2
 10
0.0
 20
0.0
 40
0.00015
 50
0.0
 51
360.0
 73
     1
 97
        0
 75
     0
 76
     1
 98
        1
 10
0.0
 20
0.0
450
        0
451
        0
460
0.0
461
0.0
452
        0
462
0.0
453
        0
470

  0
ENDBLK
  5
4C2
330
4BF
100
AcDbEntity
  8
0
100
AcDbBlockEnd
  0
BLOCK
  5
4C6
330
4C5
100
AcDbEntity
  8
0
100
AcDbBlockBegin
  2
9.12_96
 70
     0
 10
0.0
 20
0.0
 30
0.0
  3
9.12_96
  1

  0
HATCH
  5
4C7
330
4C5
100
AcDbEntity
  8
GS09-výškopis-body podrobné-buňky
  6
Continuous
 62
    32
370
     0
100
AcDbHatch
 10
0.0
 20
0.0
 30
0.0
210
0.0
220
0.0
230
1.0
  2
SOLID
 70
     1
 71
     0
 91
        1
 92
        1
 93
        1
 72
     2
 10
0.0
 20
0.0000000009313226
 40
0.00015
 50
0.0
 51
360.0
 73
     1
 97
        0
 75
     0
 76
     1
 98
        1
 10
0.0
 20
0.0
450
        0
451
        0
460
0.0
461
0.0
452
        0
462
0.0
453
        0
470

  0
ENDBLK
  5
4C8
330
4C5
100
AcDbEntity
  8
0
100
AcDbBlockEnd
  0
BLOCK
  5
4CC
330
4CB
100
AcDbEntity
  8
0
100
AcDbBlockBegin
  2
9.12_97
 70
     0
 10
0.0
 20
0.0
 30
0.0
  3
9.12_97
  1

  0
HATCH
  5
4CD
330
4CB
100
AcDbEntity
  8
GS09-výškopis-body podrobné-buňky
  6
Continuous
 62
    32
370
     0
100
AcDbHatch
 10
0.0
 20
0.0
 30
0.0
210
0.0
220
0.0
230
1.0
  2
SOLID
 70
     1
 71
     0
 91
        1
 92
        1
 93
        1
 72
     2
 10
0.0
 20
-0.0000000009313226
 40
0.00015
 50
0.0
 51
360.0
 73
     1
 97
        0
 75
     0
 76
     1
 98
        1
 10
0.0
 20
0.0
450
        0
451
        0
460
0.0
461
0.0
452
        0
462
0.0
453
        0
470

  0
ENDBLK
  5
4CE
330
4CB
100
AcDbEntity
  8
0
100
AcDbBlockEnd
  0
BLOCK
  5
4D2
330
4D1
100
AcDbEntity
  8
0
100
AcDbBlockBegin
  2
9.12_98
 70
     0
 10
0.0
 20
0.0
 30
0.0
  3
9.12_98
  1

  0
HATCH
  5
4D3
330
4D1
100
AcDbEntity
  8
GS09-výškopis-body podrobné-buňky
  6
Continuous
 62
    32
370
     0
100
AcDbHatch
 10
0.0
 20
0.0
 30
0.0
210
0.0
220
0.0
230
1.0
  2
SOLID
 70
     1
 71
     0
 91
        1
 92
        1
 93
        1
 72
     2
 10
0.0
 20
-0.0000000009313226
 40
0.00015
 50
0.0
 51
360.0
 73
     1
 97
        0
 75
     0
 76
     1
 98
        1
 10
0.0
 20
0.0
450
        0
451
        0
460
0.0
461
0.0
452
        0
462
0.0
453
        0
470

  0
ENDBLK
  5
4D4
330
4D1
100
AcDbEntity
  8
0
100
AcDbBlockEnd
  0
BLOCK
  5
4D8
330
4D7
100
AcDbEntity
  8
0
100
AcDbBlockBegin
  2
9.12_99
 70
     0
 10
0.0
 20
0.0
 30
0.0
  3
9.12_99
  1

  0
HATCH
  5
4D9
330
4D7
100
AcDbEntity
  8
GS09-výškopis-body podrobné-buňky
  6
Continuous
 62
    32
370
     0
100
AcDbHatch
 10
0.0
 20
0.0
 30
0.0
210
0.0
220
0.0
230
1.0
  2
SOLID
 70
     1
 71
     0
 91
        1
 92
        1
 93
        1
 72
     2
 10
0.0
 20
0.0
 40
0.00015
 50
0.0
 51
360.0
 73
     1
 97
        0
 75
     0
 76
     1
 98
        1
 10
0.0
 20
0.0
450
        0
451
        0
460
0.0
461
0.0
452
        0
462
0.0
453
        0
470

  0
ENDBLK
  5
4DA
330
4D7
100
AcDbEntity
  8
0
100
AcDbBlockEnd
  0
BLOCK
  5
4DE
330
4DD
100
AcDbEntity
  8
0
100
AcDbBlockBegin
  2
9.12_100
 70
     0
 10
0.0
 20
0.0
 30
0.0
  3
9.12_100
  1

  0
HATCH
  5
4DF
330
4DD
100
AcDbEntity
  8
GS09-výškopis-body podrobné-buňky
  6
Continuous
 62
    32
370
     0
100
AcDbHatch
 10
0.0
 20
0.0
 30
0.0
210
0.0
220
0.0
230
1.0
  2
SOLID
 70
     1
 71
     0
 91
        1
 92
        1
 93
        1
 72
     2
 10
0.0000000004656613
 20
0.0
 40
0.00015
 50
0.0
 51
360.0
 73
     1
 97
        0
 75
     0
 76
     1
 98
        1
 10
0.0
 20
0.0
450
        0
451
        0
460
0.0
461
0.0
452
        0
462
0.0
453
        0
470

  0
ENDBLK
  5
4E0
330
4DD
100
AcDbEntity
  8
0
100
AcDbBlockEnd
  0
BLOCK
  5
4E4
330
4E3
100
AcDbEntity
  8
0
100
AcDbBlockBegin
  2
9.12_101
 70
     0
 10
0.0
 20
0.0
 30
0.0
  3
9.12_101
  1

  0
HATCH
  5
4E5
330
4E3
100
AcDbEntity
  8
GS09-výškopis-body podrobné-buňky
  6
Continuous
 62
    32
370
     0
100
AcDbHatch
 10
0.0
 20
0.0
 30
0.0
210
0.0
220
0.0
230
1.0
  2
SOLID
 70
     1
 71
     0
 91
        1
 92
        1
 93
        1
 72
     2
 10
0.0000000004656613
 20
0.0
 40
0.00015
 50
0.0
 51
360.0
 73
     1
 97
        0
 75
     0
 76
     1
 98
        1
 10
0.0
 20
0.0
450
        0
451
        0
460
0.0
461
0.0
452
        0
462
0.0
453
        0
470

  0
ENDBLK
  5
4E6
330
4E3
100
AcDbEntity
  8
0
100
AcDbBlockEnd
  0
BLOCK
  5
4EA
330
4E9
100
AcDbEntity
  8
0
100
AcDbBlockBegin
  2
9.12_102
 70
     0
 10
0.0
 20
0.0
 30
0.0
  3
9.12_102
  1

  0
HATCH
  5
4EB
330
4E9
100
AcDbEntity
  8
GS09-výškopis-body podrobné-buňky
  6
Continuous
 62
    32
370
     0
100
AcDbHatch
 10
0.0
 20
0.0
 30
0.0
210
0.0
220
0.0
230
1.0
  2
SOLID
 70
     1
 71
     0
 91
        1
 92
        1
 93
        1
 72
     2
 10
0.0
 20
0.0
 40
0.00015
 50
0.0
 51
360.0
 73
     1
 97
        0
 75
     0
 76
     1
 98
        1
 10
0.0
 20
0.0
450
        0
451
        0
460
0.0
461
0.0
452
        0
462
0.0
453
        0
470

  0
ENDBLK
  5
4EC
330
4E9
100
AcDbEntity
  8
0
100
AcDbBlockEnd
  0
BLOCK
  5
4F0
330
4EF
100
AcDbEntity
  8
0
100
AcDbBlockBegin
  2
9.12_103
 70
     0
 10
0.0
 20
0.0
 30
0.0
  3
9.12_103
  1

  0
HATCH
  5
4F1
330
4EF
100
AcDbEntity
  8
GS09-výškopis-body podrobné-buňky
  6
Continuous
 62
    32
370
     0
100
AcDbHatch
 10
0.0
 20
0.0
 30
0.0
210
0.0
220
0.0
230
1.0
  2
SOLID
 70
     1
 71
     0
 91
        1
 92
        1
 93
        1
 72
     2
 10
0.0
 20
0.0
 40
0.00015
 50
0.0
 51
360.0
 73
     1
 97
        0
 75
     0
 76
     1
 98
        1
 10
0.0
 20
0.0
450
        0
451
        0
460
0.0
461
0.0
452
        0
462
0.0
453
        0
470

  0
ENDBLK
  5
4F2
330
4EF
100
AcDbEntity
  8
0
100
AcDbBlockEnd
  0
BLOCK
  5
4F6
330
4F5
100
AcDbEntity
  8
0
100
AcDbBlockBegin
  2
9.12_104
 70
     0
 10
0.0
 20
0.0
 30
0.0
  3
9.12_104
  1

  0
HATCH
  5
4F7
330
4F5
100
AcDbEntity
  8
GS09-výškopis-body podrobné-buňky
  6
Continuous
 62
    32
370
     0
100
AcDbHatch
 10
0.0
 20
0.0
 30
0.0
210
0.0
220
0.0
230
1.0
  2
SOLID
 70
     1
 71
     0
 91
        1
 92
        1
 93
        1
 72
     2
 10
0.0
 20
0.0000000009313226
 40
0.00015
 50
0.0
 51
360.0
 73
     1
 97
        0
 75
     0
 76
     1
 98
        1
 10
0.0
 20
0.0
450
        0
451
        0
460
0.0
461
0.0
452
        0
462
0.0
453
        0
470

  0
ENDBLK
  5
4F8
330
4F5
100
AcDbEntity
  8
0
100
AcDbBlockEnd
  0
BLOCK
  5
4FC
330
4FB
100
AcDbEntity
  8
0
100
AcDbBlockBegin
  2
9.12_105
 70
     0
 10
0.0
 20
0.0
 30
0.0
  3
9.12_105
  1

  0
HATCH
  5
4FD
330
4FB
100
AcDbEntity
  8
GS09-výškopis-body podrobné-buňky
  6
Continuous
 62
    32
370
     0
100
AcDbHatch
 10
0.0
 20
0.0
 30
0.0
210
0.0
220
0.0
230
1.0
  2
SOLID
 70
     1
 71
     0
 91
        1
 92
        1
 93
        1
 72
     2
 10
0.0000000004656613
 20
-0.0000000009313226
 40
0.00015
 50
0.0
 51
360.0
 73
     1
 97
        0
 75
     0
 76
     1
 98
        1
 10
0.0
 20
0.0
450
        0
451
        0
460
0.0
461
0.0
452
        0
462
0.0
453
        0
470

  0
ENDBLK
  5
4FE
330
4FB
100
AcDbEntity
  8
0
100
AcDbBlockEnd
  0
BLOCK
  5
502
330
501
100
AcDbEntity
  8
0
100
AcDbBlockBegin
  2
9.12_106
 70
     0
 10
0.0
 20
0.0
 30
0.0
  3
9.12_106
  1

  0
HATCH
  5
503
330
501
100
AcDbEntity
  8
GS09-výškopis-body podrobné-buňky
  6
Continuous
 62
    32
370
     0
100
AcDbHatch
 10
0.0
 20
0.0
 30
0.0
210
0.0
220
0.0
230
1.0
  2
SOLID
 70
     1
 71
     0
 91
        1
 92
        1
 93
        1
 72
     2
 10
0.0
 20
0.0
 40
0.00015
 50
0.0
 51
360.0
 73
     1
 97
        0
 75
     0
 76
     1
 98
        1
 10
0.0
 20
0.0
450
        0
451
        0
460
0.0
461
0.0
452
        0
462
0.0
453
        0
470

  0
ENDBLK
  5
504
330
501
100
AcDbEntity
  8
0
100
AcDbBlockEnd
  0
BLOCK
  5
508
330
507
100
AcDbEntity
  8
0
100
AcDbBlockBegin
  2
9.12_107
 70
     0
 10
0.0
 20
0.0
 30
0.0
  3
9.12_107
  1

  0
HATCH
  5
509
330
507
100
AcDbEntity
  8
GS09-výškopis-body podrobné-buňky
  6
Continuous
 62
    32
370
     0
100
AcDbHatch
 10
0.0
 20
0.0
 30
0.0
210
0.0
220
0.0
230
1.0
  2
SOLID
 70
     1
 71
     0
 91
        1
 92
        1
 93
        1
 72
     2
 10
0.0
 20
0.0
 40
0.00015
 50
0.0
 51
360.0
 73
     1
 97
        0
 75
     0
 76
     1
 98
        1
 10
0.0
 20
0.0
450
        0
451
        0
460
0.0
461
0.0
452
        0
462
0.0
453
        0
470

  0
ENDBLK
  5
50A
330
507
100
AcDbEntity
  8
0
100
AcDbBlockEnd
  0
BLOCK
  5
50E
330
50D
100
AcDbEntity
  8
0
100
AcDbBlockBegin
  2
9.12_108
 70
     0
 10
0.0
 20
0.0
 30
0.0
  3
9.12_108
  1

  0
HATCH
  5
50F
330
50D
100
AcDbEntity
  8
GS09-výškopis-body podrobné-buňky
  6
Continuous
 62
    32
370
     0
100
AcDbHatch
 10
0.0
 20
0.0
 30
0.0
210
0.0
220
0.0
230
1.0
  2
SOLID
 70
     1
 71
     0
 91
        1
 92
        1
 93
        1
 72
     2
 10
0.0
 20
0.0
 40
0.00015
 50
0.0
 51
360.0
 73
     1
 97
        0
 75
     0
 76
     1
 98
        1
 10
0.0
 20
0.0
450
        0
451
        0
460
0.0
461
0.0
452
        0
462
0.0
453
        0
470

  0
ENDBLK
  5
510
330
50D
100
AcDbEntity
  8
0
100
AcDbBlockEnd
  0
BLOCK
  5
514
330
513
100
AcDbEntity
  8
0
100
AcDbBlockBegin
  2
9.12_109
 70
     0
 10
0.0
 20
0.0
 30
0.0
  3
9.12_109
  1

  0
HATCH
  5
515
330
513
100
AcDbEntity
  8
GS09-výškopis-body podrobné-buňky
  6
Continuous
 62
    32
370
     0
100
AcDbHatch
 10
0.0
 20
0.0
 30
0.0
210
0.0
220
0.0
230
1.0
  2
SOLID
 70
     1
 71
     0
 91
        1
 92
        1
 93
        1
 72
     2
 10
0.0000000004656613
 20
0.0000000009313226
 40
0.00015
 50
0.0
 51
360.0
 73
     1
 97
        0
 75
     0
 76
     1
 98
        1
 10
0.0
 20
0.0
450
        0
451
        0
460
0.0
461
0.0
452
        0
462
0.0
453
        0
470

  0
ENDBLK
  5
516
330
513
100
AcDbEntity
  8
0
100
AcDbBlockEnd
  0
BLOCK
  5
51A
330
519
100
AcDbEntity
  8
0
100
AcDbBlockBegin
  2
9.12_110
 70
     0
 10
0.0
 20
0.0
 30
0.0
  3
9.12_110
  1

  0
HATCH
  5
51B
330
519
100
AcDbEntity
  8
GS09-výškopis-body podrobné-buňky
  6
Continuous
 62
    32
370
     0
100
AcDbHatch
 10
0.0
 20
0.0
 30
0.0
210
0.0
220
0.0
230
1.0
  2
SOLID
 70
     1
 71
     0
 91
        1
 92
        1
 93
        1
 72
     2
 10
0.0
 20
-0.0000000009313226
 40
0.00015
 50
0.0
 51
360.0
 73
     1
 97
        0
 75
     0
 76
     1
 98
        1
 10
0.0
 20
0.0
450
        0
451
        0
460
0.0
461
0.0
452
        0
462
0.0
453
        0
470

  0
ENDBLK
  5
51C
330
519
100
AcDbEntity
  8
0
100
AcDbBlockEnd
  0
BLOCK
  5
520
330
51F
100
AcDbEntity
  8
0
100
AcDbBlockBegin
  2
9.12_111
 70
     0
 10
0.0
 20
0.0
 30
0.0
  3
9.12_111
  1

  0
HATCH
  5
521
330
51F
100
AcDbEntity
  8
GS09-výškopis-body podrobné-buňky
  6
Continuous
 62
    32
370
     0
100
AcDbHatch
 10
0.0
 20
0.0
 30
0.0
210
0.0
220
0.0
230
1.0
  2
SOLID
 70
     1
 71
     0
 91
        1
 92
        1
 93
        1
 72
     2
 10
0.0000000004656613
 20
0.0
 40
0.00015
 50
0.0
 51
360.0
 73
     1
 97
        0
 75
     0
 76
     1
 98
        1
 10
0.0
 20
0.0
450
        0
451
        0
460
0.0
461
0.0
452
        0
462
0.0
453
        0
470

  0
ENDBLK
  5
522
330
51F
100
AcDbEntity
  8
0
100
AcDbBlockEnd
  0
BLOCK
  5
526
330
525
100
AcDbEntity
  8
0
100
AcDbBlockBegin
  2
9.12_112
 70
     0
 10
0.0
 20
0.0
 30
0.0
  3
9.12_112
  1

  0
HATCH
  5
527
330
525
100
AcDbEntity
  8
GS09-výškopis-body podrobné-buňky
  6
Continuous
 62
    32
370
     0
100
AcDbHatch
 10
0.0
 20
0.0
 30
0.0
210
0.0
220
0.0
230
1.0
  2
SOLID
 70
     1
 71
     0
 91
        1
 92
        1
 93
        1
 72
     2
 10
0.0
 20
0.0
 40
0.00015
 50
0.0
 51
360.0
 73
     1
 97
        0
 75
     0
 76
     1
 98
        1
 10
0.0
 20
0.0
450
        0
451
        0
460
0.0
461
0.0
452
        0
462
0.0
453
        0
470

  0
ENDBLK
  5
528
330
525
100
AcDbEntity
  8
0
100
AcDbBlockEnd
  0
BLOCK
  5
52C
330
52B
100
AcDbEntity
  8
0
100
AcDbBlockBegin
  2
9.12_113
 70
     0
 10
0.0
 20
0.0
 30
0.0
  3
9.12_113
  1

  0
HATCH
  5
52D
330
52B
100
AcDbEntity
  8
GS09-výškopis-body podrobné-buňky
  6
Continuous
 62
    32
370
     0
100
AcDbHatch
 10
0.0
 20
0.0
 30
0.0
210
0.0
220
0.0
230
1.0
  2
SOLID
 70
     1
 71
     0
 91
        1
 92
        1
 93
        1
 72
     2
 10
0.0000000004656613
 20
0.0000000009313226
 40
0.00015
 50
0.0
 51
360.0
 73
     1
 97
        0
 75
     0
 76
     1
 98
        1
 10
0.0
 20
0.0
450
        0
451
        0
460
0.0
461
0.0
452
        0
462
0.0
453
        0
470

  0
ENDBLK
  5
52E
330
52B
100
AcDbEntity
  8
0
100
AcDbBlockEnd
  0
BLOCK
  5
532
330
531
100
AcDbEntity
  8
0
100
AcDbBlockBegin
  2
9.12_114
 70
     0
 10
0.0
 20
0.0
 30
0.0
  3
9.12_114
  1

  0
HATCH
  5
533
330
531
100
AcDbEntity
  8
GS09-výškopis-body podrobné-buňky
  6
Continuous
 62
    32
370
     0
100
AcDbHatch
 10
0.0
 20
0.0
 30
0.0
210
0.0
220
0.0
230
1.0
  2
SOLID
 70
     1
 71
     0
 91
        1
 92
        1
 93
        1
 72
     2
 10
-0.0000000004656613
 20
0.0
 40
0.00015
 50
0.0
 51
360.0
 73
     1
 97
        0
 75
     0
 76
     1
 98
        1
 10
0.0
 20
0.0
450
        0
451
        0
460
0.0
461
0.0
452
        0
462
0.0
453
        0
470

  0
ENDBLK
  5
534
330
531
100
AcDbEntity
  8
0
100
AcDbBlockEnd
  0
BLOCK
  5
538
330
537
100
AcDbEntity
  8
0
100
AcDbBlockBegin
  2
9.12_115
 70
     0
 10
0.0
 20
0.0
 30
0.0
  3
9.12_115
  1

  0
HATCH
  5
539
330
537
100
AcDbEntity
  8
GS09-výškopis-body podrobné-buňky
  6
Continuous
 62
    32
370
     0
100
AcDbHatch
 10
0.0
 20
0.0
 30
0.0
210
0.0
220
0.0
230
1.0
  2
SOLID
 70
     1
 71
     0
 91
        1
 92
        1
 93
        1
 72
     2
 10
0.0
 20
0.0
 40
0.00015
 50
0.0
 51
360.0
 73
     1
 97
        0
 75
     0
 76
     1
 98
        1
 10
0.0
 20
0.0
450
        0
451
        0
460
0.0
461
0.0
452
        0
462
0.0
453
        0
470

  0
ENDBLK
  5
53A
330
537
100
AcDbEntity
  8
0
100
AcDbBlockEnd
  0
BLOCK
  5
53E
330
53D
100
AcDbEntity
  8
0
100
AcDbBlockBegin
  2
9.12_116
 70
     0
 10
0.0
 20
0.0
 30
0.0
  3
9.12_116
  1

  0
HATCH
  5
53F
330
53D
100
AcDbEntity
  8
GS09-výškopis-body podrobné-buňky
  6
Continuous
 62
    32
370
     0
100
AcDbHatch
 10
0.0
 20
0.0
 30
0.0
210
0.0
220
0.0
230
1.0
  2
SOLID
 70
     1
 71
     0
 91
        1
 92
        1
 93
        1
 72
     2
 10
0.0
 20
0.0
 40
0.00015
 50
0.0
 51
360.0
 73
     1
 97
        0
 75
     0
 76
     1
 98
        1
 10
0.0
 20
0.0
450
        0
451
        0
460
0.0
461
0.0
452
        0
462
0.0
453
        0
470

  0
ENDBLK
  5
540
330
53D
100
AcDbEntity
  8
0
100
AcDbBlockEnd
  0
BLOCK
  5
544
330
543
100
AcDbEntity
  8
0
100
AcDbBlockBegin
  2
9.12_117
 70
     0
 10
0.0
 20
0.0
 30
0.0
  3
9.12_117
  1

  0
HATCH
  5
545
330
543
100
AcDbEntity
  8
GS09-výškopis-body podrobné-buňky
  6
Continuous
 62
    32
370
     0
100
AcDbHatch
 10
0.0
 20
0.0
 30
0.0
210
0.0
220
0.0
230
1.0
  2
SOLID
 70
     1
 71
     0
 91
        1
 92
        1
 93
        1
 72
     2
 10
0.0
 20
0.0000000009313226
 40
0.00015
 50
0.0
 51
360.0
 73
     1
 97
        0
 75
     0
 76
     1
 98
        1
 10
0.0
 20
0.0
450
        0
451
        0
460
0.0
461
0.0
452
        0
462
0.0
453
        0
470

  0
ENDBLK
  5
546
330
543
100
AcDbEntity
  8
0
100
AcDbBlockEnd
  0
BLOCK
  5
54D
330
54A
100
AcDbEntity
  8
0
100
AcDbBlockBegin
  2
1.07
 70
     0
 10
0.0
 20
0.0
 30
0.0
  3
1.07
  1

  0
HATCH
  5
54E
330
54A
100
AcDbEntity
  8
GS01-body-BP+PMS-buňky
  6
Continuous
 62
     7
370
     0
100
AcDbHatch
 10
0.0
 20
0.0
 30
0.0
210
0.0
220
0.0
230
1.0
  2
SOLID
 70
     1
 71
     0
 91
        1
 92
        1
 93
        1
 72
     2
 10
0.0
 20
0.0
 40
0.0001
 50
0.0
 51
360.0
 73
     1
 97
        0
 75
     0
 76
     1
 98
        1
 10
0.0
 20
0.0
450
        0
451
        0
460
0.0
461
0.0
452
        0
462
0.0
453
        0
470

  0
HATCH
  5
54F
330
54A
100
AcDbEntity
  8
GS01-body-BP+PMS-buňky
  6
Continuous
 62
     7
370
     0
100
AcDbHatch
 10
0.0
 20
0.0
 30
0.0
210
0.0
220
0.0
230
1.0
  2
SOLID
 70
     1
 71
     0
 91
        1
 92
        1
 93
        1
 72
     2
 10
0.0
 20
0.0
 40
0.00075
 50
0.0
 51
360.0
 73
     1
 97
        0
 75
     0
 76
     1
 98
        1
 10
0.0
 20
0.0
450
        0
451
        0
460
0.0
461
0.0
452
        0
462
0.0
453
        0
470

  0
ENDBLK
  5
550
330
54A
100
AcDbEntity
  8
0
100
AcDbBlockEnd
  0
BLOCK
  5
555
330
552
100
AcDbEntity
  8
0
100
AcDbBlockBegin
  2
1.07_1
 70
     0
 10
0.0
 20
0.0
 30
0.0
  3
1.07_1
  1

  0
HATCH
  5
556
330
552
100
AcDbEntity
  8
GS01-body-BP+PMS-buňky
  6
Continuous
 62
     7
370
     0
100
AcDbHatch
 10
0.0
 20
0.0
 30
0.0
210
0.0
220
0.0
230
1.0
  2
SOLID
 70
     1
 71
     0
 91
        1
 92
        1
 93
        1
 72
     2
 10
0.0
 20
-0.0000000000009095
 40
0.0001
 50
0.0
 51
360.0
 73
     1
 97
        0
 75
     0
 76
     1
 98
        1
 10
0.0
 20
0.0
450
        0
451
        0
460
0.0
461
0.0
452
        0
462
0.0
453
        0
470

  0
HATCH
  5
557
330
552
100
AcDbEntity
  8
GS01-body-BP+PMS-buňky
  6
Continuous
 62
     7
370
     0
100
AcDbHatch
 10
0.0
 20
0.0
 30
0.0
210
0.0
220
0.0
230
1.0
  2
SOLID
 70
     1
 71
     0
 91
        1
 92
        1
 93
        1
 72
     2
 10
0.0
 20
-0.0000000000009095
 40
0.00075
 50
0.0
 51
360.0
 73
     1
 97
        0
 75
     0
 76
     1
 98
        1
 10
0.0
 20
0.0
450
        0
451
        0
460
0.0
461
0.0
452
        0
462
0.0
453
        0
470

  0
ENDBLK
  5
558
330
552
100
AcDbEntity
  8
0
100
AcDbBlockEnd
  0
BLOCK
  5
5F0
330
5EF
100
AcDbEntity
  8
0
 62
     7
370
     0
100
AcDbBlockBegin
  2
4.02_3
 70
     0
 10
0.0
 20
0.0
 30
0.0
  3
4.02_3
  1

  0
HATCH
  5
5F1
330
5EF
100
AcDbEntity
  8
GS04-objekty-buňky
  6
Continuous
 62
     7
370
     0
100
AcDbHatch
 10
0.0
 20
0.0
 30
0.0
210
0.0
220
0.0
230
1.0
  2
SOLID
 70
     1
 71
     0
 91
        1
 92
        1
 93
        1
 72
     2
 10
0.0
 20
-0.0000000000009095
 40
0.000175
 50
0.0
 51
360.0
 73
     1
 97
        0
 75
     0
 76
     1
 98
        1
 10
0.0
 20
0.0
450
        0
451
        0
460
0.0
461
0.0
452
        0
462
0.0
453
        0
470

  0
ENDBLK
  5
5F2
330
5EF
100
AcDbEntity
  8
0
 62
     7
370
     0
100
AcDbBlockEnd
  0
BLOCK
  5
5F5
330
5F4
100
AcDbEntity
  8
0
 62
     7
370
     0
100
AcDbBlockBegin
  2
4.02_4
 70
     0
 10
0.0
 20
0.0
 30
0.0
  3
4.02_4
  1

  0
HATCH
  5
5F6
330
5F4
100
AcDbEntity
  8
GS04-objekty-buňky
  6
Continuous
 62
     7
370
     0
100
AcDbHatch
 10
0.0
 20
0.0
 30
0.0
210
0.0
220
0.0
230
1.0
  2
SOLID
 70
     1
 71
     0
 91
        1
 92
        1
 93
        1
 72
     2
 10
-0.0000000000004547
 20
-0.0000000000009095
 40
0.000175
 50
0.0
 51
360.0
 73
     1
 97
        0
 75
     0
 76
     1
 98
        1
 10
0.0
 20
0.0
450
        0
451
        0
460
0.0
461
0.0
452
        0
462
0.0
453
        0
470

  0
ENDBLK
  5
5F7
330
5F4
100
AcDbEntity
  8
0
 62
     7
370
     0
100
AcDbBlockEnd
  0
BLOCK
  5
5FB
330
5FA
100
AcDbEntity
  8
0
 62
     7
370
     0
100
AcDbBlockBegin
  2
3.14_10
 70
     0
 10
0.0
 20
0.0
 30
0.0
  3
3.14_10
  1

  0
LINE
  5
5FC
330
5FA
100
AcDbEntity
  8
GS03-plochy nezpevněné-buňky
  6
Continuous
 62
    96
370
     0
100
AcDbLine
 10
-0.001
 20
0.0015
 30
0.0
 11
0.0
 21
0.0
 31
0.0
  0
LINE
  5
5FD
330
5FA
100
AcDbEntity
  8
GS03-plochy nezpevněné-buňky
  6
Continuous
 62
    96
370
     0
100
AcDbLine
 10
0.0
 20
0.0
 30
0.0
 11
0.001
 21
0.0015
 31
0.0
  0
HATCH
  5
5FE
330
5FA
100
AcDbEntity
  8
GS03-plochy nezpevněné-buňky
  6
Continuous
 62
    96
370
     0
100
AcDbHatch
 10
0.0
 20
0.0
 30
0.0
210
0.0
220
0.0
230
1.0
  2
SOLID
 70
     1
 71
     0
 91
        1
 92
        1
 93
        1
 72
     2
 10
0.0008999999995467
 20
0.0000499999996464
 40
0.0001
 50
0.0
 51
360.0
 73
     1
 97
        0
 75
     0
 76
     1
 98
        1
 10
0.0
 20
0.0
450
        0
451
        0
460
0.0
461
0.0
452
        0
462
0.0
453
        0
470

  0
HATCH
  5
5FF
330
5FA
100
AcDbEntity
  8
GS03-plochy nezpevněné-buňky
  6
Continuous
 62
    96
370
     0
100
AcDbHatch
 10
0.0
 20
0.0
 30
0.0
210
0.0
220
0.0
230
1.0
  2
SOLID
 70
     1
 71
     0
 91
        1
 92
        1
 93
        1
 72
     2
 10
-0.0009000000004562
 20
0.0000499999996464
 40
0.0001
 50
0.0
 51
360.0
 73
     1
 97
        0
 75
     0
 76
     1
 98
        1
 10
0.0
 20
0.0
450
        0
451
        0
460
0.0
461
0.0
452
        0
462
0.0
453
        0
470

  0
ENDBLK
  5
600
330
5FA
100
AcDbEntity
  8
0
 62
     7
370
     0
100
AcDbBlockEnd
  0
BLOCK
  5
603
330
602
100
AcDbEntity
  8
0
 62
     7
370
     0
100
AcDbBlockBegin
  2
3.14_11
 70
     0
 10
0.0
 20
0.0
 30
0.0
  3
3.14_11
  1

  0
LINE
  5
604
330
602
100
AcDbEntity
  8
GS03-plochy nezpevněné-buňky
  6
Continuous
 62
    96
370
     0
100
AcDbLine
 10
-0.001
 20
0.0015
 30
0.0
 11
0.0
 21
0.0
 31
0.0
  0
LINE
  5
605
330
602
100
AcDbEntity
  8
GS03-plochy nezpevněné-buňky
  6
Continuous
 62
    96
370
     0
100
AcDbLine
 10
0.0
 20
0.0
 30
0.0
 11
0.001
 21
0.0015
 31
0.0
  0
HATCH
  5
606
330
602
100
AcDbEntity
  8
GS03-plochy nezpevněné-buňky
  6
Continuous
 62
    96
370
     0
100
AcDbHatch
 10
0.0
 20
0.0
 30
0.0
210
0.0
220
0.0
230
1.0
  2
SOLID
 70
     1
 71
     0
 91
        1
 92
        1
 93
        1
 72
     2
 10
0.0009000000000015
 20
0.0000499999996464
 40
0.0001
 50
0.0
 51
360.0
 73
     1
 97
        0
 75
     0
 76
     1
 98
        1
 10
0.0
 20
0.0
450
        0
451
        0
460
0.0
461
0.0
452
        0
462
0.0
453
        0
470

  0
HATCH
  5
607
330
602
100
AcDbEntity
  8
GS03-plochy nezpevněné-buňky
  6
Continuous
 62
    96
370
     0
100
AcDbHatch
 10
0.0
 20
0.0
 30
0.0
210
0.0
220
0.0
230
1.0
  2
SOLID
 70
     1
 71
     0
 91
        1
 92
        1
 93
        1
 72
     2
 10
-0.0009000000000015
 20
0.0000499999996464
 40
0.0001
 50
0.0
 51
360.0
 73
     1
 97
        0
 75
     0
 76
     1
 98
        1
 10
0.0
 20
0.0
450
        0
451
        0
460
0.0
461
0.0
452
        0
462
0.0
453
        0
470

  0
ENDBLK
  5
608
330
602
100
AcDbEntity
  8
0
 62
     7
370
     0
100
AcDbBlockEnd
  0
BLOCK
  5
60B
330
60A
100
AcDbEntity
  8
0
 62
     7
370
     0
100
AcDbBlockBegin
  2
3.14_12
 70
     0
 10
0.0
 20
0.0
 30
0.0
  3
3.14_12
  1

  0
LINE
  5
60C
330
60A
100
AcDbEntity
  8
GS03-plochy nezpevněné-buňky
  6
Continuous
 62
    96
370
     0
100
AcDbLine
 10
-0.001
 20
0.0015
 30
0.0
 11
0.0
 21
0.0
 31
0.0
  0
LINE
  5
60D
330
60A
100
AcDbEntity
  8
GS03-plochy nezpevněné-buňky
  6
Continuous
 62
    96
370
     0
100
AcDbLine
 10
0.0
 20
0.0
 30
0.0
 11
0.001
 21
0.0015
 31
0.0
  0
HATCH
  5
60E
330
60A
100
AcDbEntity
  8
GS03-plochy nezpevněné-buňky
  6
Continuous
 62
    96
370
     0
100
AcDbHatch
 10
0.0
 20
0.0
 30
0.0
210
0.0
220
0.0
230
1.0
  2
SOLID
 70
     1
 71
     0
 91
        1
 92
        1
 93
        1
 72
     2
 10
0.0009000000000015
 20
0.0000499999996464
 40
0.0001
 50
0.0
 51
360.0
 73
     1
 97
        0
 75
     0
 76
     1
 98
        1
 10
0.0
 20
0.0
450
        0
451
        0
460
0.0
461
0.0
452
        0
462
0.0
453
        0
470

  0
HATCH
  5
60F
330
60A
100
AcDbEntity
  8
GS03-plochy nezpevněné-buňky
  6
Continuous
 62
    96
370
     0
100
AcDbHatch
 10
0.0
 20
0.0
 30
0.0
210
0.0
220
0.0
230
1.0
  2
SOLID
 70
     1
 71
     0
 91
        1
 92
        1
 93
        1
 72
     2
 10
-0.0009000000000015
 20
0.0000499999996464
 40
0.0001
 50
0.0
 51
360.0
 73
     1
 97
        0
 75
     0
 76
     1
 98
        1
 10
0.0
 20
0.0
450
        0
451
        0
460
0.0
461
0.0
452
        0
462
0.0
453
        0
470

  0
ENDBLK
  5
610
330
60A
100
AcDbEntity
  8
0
 62
     7
370
     0
100
AcDbBlockEnd
  0
BLOCK
  5
613
330
612
100
AcDbEntity
  8
0
 62
     7
370
     0
100
AcDbBlockBegin
  2
3.14_13
 70
     0
 10
0.0
 20
0.0
 30
0.0
  3
3.14_13
  1

  0
LINE
  5
614
330
612
100
AcDbEntity
  8
GS03-plochy nezpevněné-buňky
  6
Continuous
 62
    96
370
     0
100
AcDbLine
 10
-0.001
 20
0.0015
 30
0.0
 11
0.0
 21
0.0
 31
0.0
  0
LINE
  5
615
330
612
100
AcDbEntity
  8
GS03-plochy nezpevněné-buňky
  6
Continuous
 62
    96
370
     0
100
AcDbLine
 10
0.0
 20
0.0
 30
0.0
 11
0.001
 21
0.0015
 31
0.0
  0
HATCH
  5
616
330
612
100
AcDbEntity
  8
GS03-plochy nezpevněné-buňky
  6
Continuous
 62
    96
370
     0
100
AcDbHatch
 10
0.0
 20
0.0
 30
0.0
210
0.0
220
0.0
230
1.0
  2
SOLID
 70
     1
 71
     0
 91
        1
 92
        1
 93
        1
 72
     2
 10
0.0009000000004562
 20
0.0000499999996464
 40
0.0001
 50
0.0
 51
360.0
 73
     1
 97
        0
 75
     0
 76
     1
 98
        1
 10
0.0
 20
0.0
450
        0
451
        0
460
0.0
461
0.0
452
        0
462
0.0
453
        0
470

  0
HATCH
  5
617
330
612
100
AcDbEntity
  8
GS03-plochy nezpevněné-buňky
  6
Continuous
 62
    96
370
     0
100
AcDbHatch
 10
0.0
 20
0.0
 30
0.0
210
0.0
220
0.0
230
1.0
  2
SOLID
 70
     1
 71
     0
 91
        1
 92
        1
 93
        1
 72
     2
 10
-0.0008999999995467
 20
0.0000499999996464
 40
0.0001
 50
0.0
 51
360.0
 73
     1
 97
        0
 75
     0
 76
     1
 98
        1
 10
0.0
 20
0.0
450
        0
451
        0
460
0.0
461
0.0
452
        0
462
0.0
453
        0
470

  0
ENDBLK
  5
618
330
612
100
AcDbEntity
  8
0
 62
     7
370
     0
100
AcDbBlockEnd
  0
BLOCK
  5
61B
330
61A
100
AcDbEntity
  8
0
 62
     7
370
     0
100
AcDbBlockBegin
  2
3.14_14
 70
     0
 10
0.0
 20
0.0
 30
0.0
  3
3.14_14
  1

  0
LINE
  5
61C
330
61A
100
AcDbEntity
  8
GS03-plochy nezpevněné-buňky
  6
Continuous
 62
    96
370
     0
100
AcDbLine
 10
-0.001
 20
0.0015
 30
0.0
 11
0.0
 21
0.0
 31
0.0
  0
LINE
  5
61D
330
61A
100
AcDbEntity
  8
GS03-plochy nezpevněné-buňky
  6
Continuous
 62
    96
370
     0
100
AcDbLine
 10
0.0
 20
0.0
 30
0.0
 11
0.001
 21
0.0015
 31
0.0
  0
HATCH
  5
61E
330
61A
100
AcDbEntity
  8
GS03-plochy nezpevněné-buňky
  6
Continuous
 62
    96
370
     0
100
AcDbHatch
 10
0.0
 20
0.0
 30
0.0
210
0.0
220
0.0
230
1.0
  2
SOLID
 70
     1
 71
     0
 91
        1
 92
        1
 93
        1
 72
     2
 10
0.0008999999995467
 20
0.0000499999987369
 40
0.0001
 50
0.0
 51
360.0
 73
     1
 97
        0
 75
     0
 76
     1
 98
        1
 10
0.0
 20
0.0
450
        0
451
        0
460
0.0
461
0.0
452
        0
462
0.0
453
        0
470

  0
HATCH
  5
61F
330
61A
100
AcDbEntity
  8
GS03-plochy nezpevněné-buňky
  6
Continuous
 62
    96
370
     0
100
AcDbHatch
 10
0.0
 20
0.0
 30
0.0
210
0.0
220
0.0
230
1.0
  2
SOLID
 70
     1
 71
     0
 91
        1
 92
        1
 93
        1
 72
     2
 10
-0.0009000000004562
 20
0.0000499999987369
 40
0.0001
 50
0.0
 51
360.0
 73
     1
 97
        0
 75
     0
 76
     1
 98
        1
 10
0.0
 20
0.0
450
        0
451
        0
460
0.0
461
0.0
452
        0
462
0.0
453
        0
470

  0
ENDBLK
  5
620
330
61A
100
AcDbEntity
  8
0
 62
     7
370
     0
100
AcDbBlockEnd
  0
BLOCK
  5
623
330
622
100
AcDbEntity
  8
0
 62
     7
370
     0
100
AcDbBlockBegin
  2
3.14_15
 70
     0
 10
0.0
 20
0.0
 30
0.0
  3
3.14_15
  1

  0
LINE
  5
624
330
622
100
AcDbEntity
  8
GS03-plochy nezpevněné-buňky
  6
Continuous
 62
    96
370
     0
100
AcDbLine
 10
-0.001
 20
0.0015
 30
0.0
 11
0.0
 21
0.0
 31
0.0
  0
LINE
  5
625
330
622
100
AcDbEntity
  8
GS03-plochy nezpevněné-buňky
  6
Continuous
 62
    96
370
     0
100
AcDbLine
 10
0.0
 20
0.0
 30
0.0
 11
0.001
 21
0.0015
 31
0.0
  0
HATCH
  5
626
330
622
100
AcDbEntity
  8
GS03-plochy nezpevněné-buňky
  6
Continuous
 62
    96
370
     0
100
AcDbHatch
 10
0.0
 20
0.0
 30
0.0
210
0.0
220
0.0
230
1.0
  2
SOLID
 70
     1
 71
     0
 91
        1
 92
        1
 93
        1
 72
     2
 10
0.0008999999995467
 20
0.0000499999996464
 40
0.0001
 50
0.0
 51
360.0
 73
     1
 97
        0
 75
     0
 76
     1
 98
        1
 10
0.0
 20
0.0
450
        0
451
        0
460
0.0
461
0.0
452
        0
462
0.0
453
        0
470

  0
HATCH
  5
627
330
622
100
AcDbEntity
  8
GS03-plochy nezpevněné-buňky
  6
Continuous
 62
    96
370
     0
100
AcDbHatch
 10
0.0
 20
0.0
 30
0.0
210
0.0
220
0.0
230
1.0
  2
SOLID
 70
     1
 71
     0
 91
        1
 92
        1
 93
        1
 72
     2
 10
-0.0009000000004562
 20
0.0000499999996464
 40
0.0001
 50
0.0
 51
360.0
 73
     1
 97
        0
 75
     0
 76
     1
 98
        1
 10
0.0
 20
0.0
450
        0
451
        0
460
0.0
461
0.0
452
        0
462
0.0
453
        0
470

  0
ENDBLK
  5
628
330
622
100
AcDbEntity
  8
0
 62
     7
370
     0
100
AcDbBlockEnd
  0
BLOCK
  5
62B
330
62A
100
AcDbEntity
  8
0
 62
     7
370
     0
100
AcDbBlockBegin
  2
3.14_16
 70
     0
 10
0.0
 20
0.0
 30
0.0
  3
3.14_16
  1

  0
LINE
  5
62C
330
62A
100
AcDbEntity
  8
GS03-plochy nezpevněné-buňky
  6
Continuous
 62
    96
370
     0
100
AcDbLine
 10
-0.001
 20
0.0015
 30
0.0
 11
0.0
 21
0.0
 31
0.0
  0
LINE
  5
62D
330
62A
100
AcDbEntity
  8
GS03-plochy nezpevněné-buňky
  6
Continuous
 62
    96
370
     0
100
AcDbLine
 10
0.0
 20
0.0
 30
0.0
 11
0.001
 21
0.0015
 31
0.0
  0
HATCH
  5
62E
330
62A
100
AcDbEntity
  8
GS03-plochy nezpevněné-buňky
  6
Continuous
 62
    96
370
     0
100
AcDbHatch
 10
0.0
 20
0.0
 30
0.0
210
0.0
220
0.0
230
1.0
  2
SOLID
 70
     1
 71
     0
 91
        1
 92
        1
 93
        1
 72
     2
 10
0.0009000000004562
 20
0.0000499999996464
 40
0.0001
 50
0.0
 51
360.0
 73
     1
 97
        0
 75
     0
 76
     1
 98
        1
 10
0.0
 20
0.0
450
        0
451
        0
460
0.0
461
0.0
452
        0
462
0.0
453
        0
470

  0
HATCH
  5
62F
330
62A
100
AcDbEntity
  8
GS03-plochy nezpevněné-buňky
  6
Continuous
 62
    96
370
     0
100
AcDbHatch
 10
0.0
 20
0.0
 30
0.0
210
0.0
220
0.0
230
1.0
  2
SOLID
 70
     1
 71
     0
 91
        1
 92
        1
 93
        1
 72
     2
 10
-0.0008999999995467
 20
0.0000499999996464
 40
0.0001
 50
0.0
 51
360.0
 73
     1
 97
        0
 75
     0
 76
     1
 98
        1
 10
0.0
 20
0.0
450
        0
451
        0
460
0.0
461
0.0
452
        0
462
0.0
453
        0
470

  0
ENDBLK
  5
630
330
62A
100
AcDbEntity
  8
0
 62
     7
370
     0
100
AcDbBlockEnd
  0
BLOCK
  5
633
330
632
100
AcDbEntity
  8
0
 62
     7
370
     0
100
AcDbBlockBegin
  2
3.14_17
 70
     0
 10
0.0
 20
0.0
 30
0.0
  3
3.14_17
  1

  0
LINE
  5
634
330
632
100
AcDbEntity
  8
GS03-plochy nezpevněné-buňky
  6
Continuous
 62
    96
370
     0
100
AcDbLine
 10
-0.001
 20
0.0015
 30
0.0
 11
0.0
 21
0.0
 31
0.0
  0
LINE
  5
635
330
632
100
AcDbEntity
  8
GS03-plochy nezpevněné-buňky
  6
Continuous
 62
    96
370
     0
100
AcDbLine
 10
0.0
 20
0.0
 30
0.0
 11
0.001
 21
0.0015
 31
0.0
  0
HATCH
  5
636
330
632
100
AcDbEntity
  8
GS03-plochy nezpevněné-buňky
  6
Continuous
 62
    96
370
     0
100
AcDbHatch
 10
0.0
 20
0.0
 30
0.0
210
0.0
220
0.0
230
1.0
  2
SOLID
 70
     1
 71
     0
 91
        1
 92
        1
 93
        1
 72
     2
 10
0.0009000000000015
 20
0.0000499999996464
 40
0.0001
 50
0.0
 51
360.0
 73
     1
 97
        0
 75
     0
 76
     1
 98
        1
 10
0.0
 20
0.0
450
        0
451
        0
460
0.0
461
0.0
452
        0
462
0.0
453
        0
470

  0
HATCH
  5
637
330
632
100
AcDbEntity
  8
GS03-plochy nezpevněné-buňky
  6
Continuous
 62
    96
370
     0
100
AcDbHatch
 10
0.0
 20
0.0
 30
0.0
210
0.0
220
0.0
230
1.0
  2
SOLID
 70
     1
 71
     0
 91
        1
 92
        1
 93
        1
 72
     2
 10
-0.0009000000000015
 20
0.0000499999996464
 40
0.0001
 50
0.0
 51
360.0
 73
     1
 97
        0
 75
     0
 76
     1
 98
        1
 10
0.0
 20
0.0
450
        0
451
        0
460
0.0
461
0.0
452
        0
462
0.0
453
        0
470

  0
ENDBLK
  5
638
330
632
100
AcDbEntity
  8
0
 62
     7
370
     0
100
AcDbBlockEnd
  0
BLOCK
  5
63B
330
63A
100
AcDbEntity
  8
0
 62
     7
370
     0
100
AcDbBlockBegin
  2
3.14_18
 70
     0
 10
0.0
 20
0.0
 30
0.0
  3
3.14_18
  1

  0
LINE
  5
63C
330
63A
100
AcDbEntity
  8
GS03-plochy nezpevněné-buňky
  6
Continuous
 62
    96
370
     0
100
AcDbLine
 10
-0.001
 20
0.0015
 30
0.0
 11
0.0
 21
0.0
 31
0.0
  0
LINE
  5
63D
330
63A
100
AcDbEntity
  8
GS03-plochy nezpevněné-buňky
  6
Continuous
 62
    96
370
     0
100
AcDbLine
 10
0.0
 20
0.0
 30
0.0
 11
0.001
 21
0.0015
 31
0.0
  0
HATCH
  5
63E
330
63A
100
AcDbEntity
  8
GS03-plochy nezpevněné-buňky
  6
Continuous
 62
    96
370
     0
100
AcDbHatch
 10
0.0
 20
0.0
 30
0.0
210
0.0
220
0.0
230
1.0
  2
SOLID
 70
     1
 71
     0
 91
        1
 92
        1
 93
        1
 72
     2
 10
0.0008999999995467
 20
0.0000499999996464
 40
0.0001
 50
0.0
 51
360.0
 73
     1
 97
        0
 75
     0
 76
     1
 98
        1
 10
0.0
 20
0.0
450
        0
451
        0
460
0.0
461
0.0
452
        0
462
0.0
453
        0
470

  0
HATCH
  5
63F
330
63A
100
AcDbEntity
  8
GS03-plochy nezpevněné-buňky
  6
Continuous
 62
    96
370
     0
100
AcDbHatch
 10
0.0
 20
0.0
 30
0.0
210
0.0
220
0.0
230
1.0
  2
SOLID
 70
     1
 71
     0
 91
        1
 92
        1
 93
        1
 72
     2
 10
-0.0009000000004562
 20
0.0000499999996464
 40
0.0001
 50
0.0
 51
360.0
 73
     1
 97
        0
 75
     0
 76
     1
 98
        1
 10
0.0
 20
0.0
450
        0
451
        0
460
0.0
461
0.0
452
        0
462
0.0
453
        0
470

  0
ENDBLK
  5
640
330
63A
100
AcDbEntity
  8
0
 62
     7
370
     0
100
AcDbBlockEnd
  0
BLOCK
  5
65C
330
65B
100
AcDbEntity
  8
0
 62
     7
370
     0
100
AcDbBlockBegin
  2
9.12_154
 70
     0
 10
0.0
 20
0.0
 30
0.0
  3
9.12_154
  1

  0
HATCH
  5
65D
330
65B
100
AcDbEntity
  8
GS09-výškopis-body podrobné-buňky-TISK
  6
Continuous
 62
    32
370
     0
100
AcDbHatch
 10
0.0
 20
0.0
 30
0.0
210
0.0
220
0.0
230
1.0
  2
SOLID
 70
     1
 71
     0
 91
        1
 92
        1
 93
        1
 72
     2
 10
-0.0000000000004547
 20
0.0
 40
0.00015
 50
0.0
 51
360.0
 73
     1
 97
        0
 75
     0
 76
     1
 98
        1
 10
0.0
 20
0.0
450
        0
451
        0
460
0.0
461
0.0
452
        0
462
0.0
453
        0
470

  0
ENDBLK
  5
65E
330
65B
100
AcDbEntity
  8
0
 62
     7
370
     0
100
AcDbBlockEnd
  0
BLOCK
  5
661
330
660
100
AcDbEntity
  8
0
 62
     7
370
     0
100
AcDbBlockBegin
  2
9.12_155
 70
     0
 10
0.0
 20
0.0
 30
0.0
  3
9.12_155
  1

  0
HATCH
  5
662
330
660
100
AcDbEntity
  8
GS09-výškopis-body podrobné-buňky-TISK
  6
Continuous
 62
    32
370
     0
100
AcDbHatch
 10
0.0
 20
0.0
 30
0.0
210
0.0
220
0.0
230
1.0
  2
SOLID
 70
     1
 71
     0
 91
        1
 92
        1
 93
        1
 72
     2
 10
0.0
 20
0.0
 40
0.00015
 50
0.0
 51
360.0
 73
     1
 97
        0
 75
     0
 76
     1
 98
        1
 10
0.0
 20
0.0
450
        0
451
        0
460
0.0
461
0.0
452
        0
462
0.0
453
        0
470

  0
ENDBLK
  5
663
330
660
100
AcDbEntity
  8
0
 62
     7
370
     0
100
AcDbBlockEnd
  0
BLOCK
  5
666
330
665
100
AcDbEntity
  8
0
 62
     7
370
     0
100
AcDbBlockBegin
  2
9.12_156
 70
     0
 10
0.0
 20
0.0
 30
0.0
  3
9.12_156
  1

  0
HATCH
  5
667
330
665
100
AcDbEntity
  8
GS09-výškopis-body podrobné-buňky-TISK
  6
Continuous
 62
    32
370
     0
100
AcDbHatch
 10
0.0
 20
0.0
 30
0.0
210
0.0
220
0.0
230
1.0
  2
SOLID
 70
     1
 71
     0
 91
        1
 92
        1
 93
        1
 72
     2
 10
0.0
 20
0.0
 40
0.00015
 50
0.0
 51
360.0
 73
     1
 97
        0
 75
     0
 76
     1
 98
        1
 10
0.0
 20
0.0
450
        0
451
        0
460
0.0
461
0.0
452
        0
462
0.0
453
        0
470

  0
ENDBLK
  5
668
330
665
100
AcDbEntity
  8
0
 62
     7
370
     0
100
AcDbBlockEnd
  0
BLOCK
  5
66B
330
66A
100
AcDbEntity
  8
0
 62
     7
370
     0
100
AcDbBlockBegin
  2
9.12_157
 70
     0
 10
0.0
 20
0.0
 30
0.0
  3
9.12_157
  1

  0
HATCH
  5
66C
330
66A
100
AcDbEntity
  8
GS09-výškopis-body podrobné-buňky-TISK
  6
Continuous
 62
    32
370
     0
100
AcDbHatch
 10
0.0
 20
0.0
 30
0.0
210
0.0
220
0.0
230
1.0
  2
SOLID
 70
     1
 71
     0
 91
        1
 92
        1
 93
        1
 72
     2
 10
0.0
 20
0.0
 40
0.00015
 50
0.0
 51
360.0
 73
     1
 97
        0
 75
     0
 76
     1
 98
        1
 10
0.0
 20
0.0
450
        0
451
        0
460
0.0
461
0.0
452
        0
462
0.0
453
        0
470

  0
ENDBLK
  5
66D
330
66A
100
AcDbEntity
  8
0
 62
     7
370
     0
100
AcDbBlockEnd
  0
BLOCK
  5
670
330
66F
100
AcDbEntity
  8
0
 62
     7
370
     0
100
AcDbBlockBegin
  2
9.12_158
 70
     0
 10
0.0
 20
0.0
 30
0.0
  3
9.12_158
  1

  0
HATCH
  5
671
330
66F
100
AcDbEntity
  8
GS09-výškopis-body podrobné-buňky-TISK
  6
Continuous
 62
    32
370
     0
100
AcDbHatch
 10
0.0
 20
0.0
 30
0.0
210
0.0
220
0.0
230
1.0
  2
SOLID
 70
     1
 71
     0
 91
        1
 92
        1
 93
        1
 72
     2
 10
0.0
 20
-0.0000000000009095
 40
0.00015
 50
0.0
 51
360.0
 73
     1
 97
        0
 75
     0
 76
     1
 98
        1
 10
0.0
 20
0.0
450
        0
451
        0
460
0.0
461
0.0
452
        0
462
0.0
453
        0
470

  0
ENDBLK
  5
672
330
66F
100
AcDbEntity
  8
0
 62
     7
370
     0
100
AcDbBlockEnd
  0
BLOCK
  5
675
330
674
100
AcDbEntity
  8
0
 62
     7
370
     0
100
AcDbBlockBegin
  2
9.12_159
 70
     0
 10
0.0
 20
0.0
 30
0.0
  3
9.12_159
  1

  0
HATCH
  5
676
330
674
100
AcDbEntity
  8
GS09-výškopis-body podrobné-buňky-TISK
  6
Continuous
 62
    32
370
     0
100
AcDbHatch
 10
0.0
 20
0.0
 30
0.0
210
0.0
220
0.0
230
1.0
  2
SOLID
 70
     1
 71
     0
 91
        1
 92
        1
 93
        1
 72
     2
 10
0.0
 20
0.0
 40
0.00015
 50
0.0
 51
360.0
 73
     1
 97
        0
 75
     0
 76
     1
 98
        1
 10
0.0
 20
0.0
450
        0
451
        0
460
0.0
461
0.0
452
        0
462
0.0
453
        0
470

  0
ENDBLK
  5
677
330
674
100
AcDbEntity
  8
0
 62
     7
370
     0
100
AcDbBlockEnd
  0
BLOCK
  5
67A
330
679
100
AcDbEntity
  8
0
 62
     7
370
     0
100
AcDbBlockBegin
  2
9.12_160
 70
     0
 10
0.0
 20
0.0
 30
0.0
  3
9.12_160
  1

  0
HATCH
  5
67B
330
679
100
AcDbEntity
  8
GS09-výškopis-body podrobné-buňky-TISK
  6
Continuous
 62
    32
370
     0
100
AcDbHatch
 10
0.0
 20
0.0
 30
0.0
210
0.0
220
0.0
230
1.0
  2
SOLID
 70
     1
 71
     0
 91
        1
 92
        1
 93
        1
 72
     2
 10
0.0
 20
0.0
 40
0.00015
 50
0.0
 51
360.0
 73
     1
 97
        0
 75
     0
 76
     1
 98
        1
 10
0.0
 20
0.0
450
        0
451
        0
460
0.0
461
0.0
452
        0
462
0.0
453
        0
470

  0
ENDBLK
  5
67C
330
679
100
AcDbEntity
  8
0
 62
     7
370
     0
100
AcDbBlockEnd
  0
BLOCK
  5
67F
330
67E
100
AcDbEntity
  8
0
 62
     7
370
     0
100
AcDbBlockBegin
  2
9.12_161
 70
     0
 10
0.0
 20
0.0
 30
0.0
  3
9.12_161
  1

  0
HATCH
  5
680
330
67E
100
AcDbEntity
  8
GS09-výškopis-body podrobné-buňky-TISK
  6
Continuous
 62
    32
370
     0
100
AcDbHatch
 10
0.0
 20
0.0
 30
0.0
210
0.0
220
0.0
230
1.0
  2
SOLID
 70
     1
 71
     0
 91
        1
 92
        1
 93
        1
 72
     2
 10
-0.0000000000004547
 20
0.0000000000009095
 40
0.00015
 50
0.0
 51
360.0
 73
     1
 97
        0
 75
     0
 76
     1
 98
        1
 10
0.0
 20
0.0
450
        0
451
        0
460
0.0
461
0.0
452
        0
462
0.0
453
        0
470

  0
ENDBLK
  5
681
330
67E
100
AcDbEntity
  8
0
 62
     7
370
     0
100
AcDbBlockEnd
  0
BLOCK
  5
684
330
683
100
AcDbEntity
  8
0
 62
     7
370
     0
100
AcDbBlockBegin
  2
9.12_162
 70
     0
 10
0.0
 20
0.0
 30
0.0
  3
9.12_162
  1

  0
HATCH
  5
685
330
683
100
AcDbEntity
  8
GS09-výškopis-body podrobné-buňky-TISK
  6
Continuous
 62
    32
370
     0
100
AcDbHatch
 10
0.0
 20
0.0
 30
0.0
210
0.0
220
0.0
230
1.0
  2
SOLID
 70
     1
 71
     0
 91
        1
 92
        1
 93
        1
 72
     2
 10
0.0
 20
0.0
 40
0.00015
 50
0.0
 51
360.0
 73
     1
 97
        0
 75
     0
 76
     1
 98
        1
 10
0.0
 20
0.0
450
        0
451
        0
460
0.0
461
0.0
452
        0
462
0.0
453
        0
470

  0
ENDBLK
  5
686
330
683
100
AcDbEntity
  8
0
 62
     7
370
     0
100
AcDbBlockEnd
  0
BLOCK
  5
689
330
688
100
AcDbEntity
  8
0
 62
     7
370
     0
100
AcDbBlockBegin
  2
9.12_163
 70
     0
 10
0.0
 20
0.0
 30
0.0
  3
9.12_163
  1

  0
HATCH
  5
68A
330
688
100
AcDbEntity
  8
GS09-výškopis-body podrobné-buňky-TISK
  6
Continuous
 62
    32
370
     0
100
AcDbHatch
 10
0.0
 20
0.0
 30
0.0
210
0.0
220
0.0
230
1.0
  2
SOLID
 70
     1
 71
     0
 91
        1
 92
        1
 93
        1
 72
     2
 10
0.0
 20
0.0
 40
0.00015
 50
0.0
 51
360.0
 73
     1
 97
        0
 75
     0
 76
     1
 98
        1
 10
0.0
 20
0.0
450
        0
451
        0
460
0.0
461
0.0
452
        0
462
0.0
453
        0
470

  0
ENDBLK
  5
68B
330
688
100
AcDbEntity
  8
0
 62
     7
370
     0
100
AcDbBlockEnd
  0
BLOCK
  5
68E
330
68D
100
AcDbEntity
  8
0
 62
     7
370
     0
100
AcDbBlockBegin
  2
9.12_164
 70
     0
 10
0.0
 20
0.0
 30
0.0
  3
9.12_164
  1

  0
HATCH
  5
68F
330
68D
100
AcDbEntity
  8
GS09-výškopis-body podrobné-buňky-TISK
  6
Continuous
 62
    32
370
     0
100
AcDbHatch
 10
0.0
 20
0.0
 30
0.0
210
0.0
220
0.0
230
1.0
  2
SOLID
 70
     1
 71
     0
 91
        1
 92
        1
 93
        1
 72
     2
 10
0.0
 20
0.0
 40
0.00015
 50
0.0
 51
360.0
 73
     1
 97
        0
 75
     0
 76
     1
 98
        1
 10
0.0
 20
0.0
450
        0
451
        0
460
0.0
461
0.0
452
        0
462
0.0
453
        0
470

  0
ENDBLK
  5
690
330
68D
100
AcDbEntity
  8
0
 62
     7
370
     0
100
AcDbBlockEnd
  0
BLOCK
  5
693
330
692
100
AcDbEntity
  8
0
 62
     7
370
     0
100
AcDbBlockBegin
  2
9.12_165
 70
     0
 10
0.0
 20
0.0
 30
0.0
  3
9.12_165
  1

  0
HATCH
  5
694
330
692
100
AcDbEntity
  8
GS09-výškopis-body podrobné-buňky-TISK
  6
Continuous
 62
    32
370
     0
100
AcDbHatch
 10
0.0
 20
0.0
 30
0.0
210
0.0
220
0.0
230
1.0
  2
SOLID
 70
     1
 71
     0
 91
        1
 92
        1
 93
        1
 72
     2
 10
-0.0000000000004547
 20
-0.0000000000009095
 40
0.00015
 50
0.0
 51
360.0
 73
     1
 97
        0
 75
     0
 76
     1
 98
        1
 10
0.0
 20
0.0
450
        0
451
        0
460
0.0
461
0.0
452
        0
462
0.0
453
        0
470

  0
ENDBLK
  5
695
330
692
100
AcDbEntity
  8
0
 62
     7
370
     0
100
AcDbBlockEnd
  0
BLOCK
  5
698
330
697
100
AcDbEntity
  8
0
 62
     7
370
     0
100
AcDbBlockBegin
  2
9.12_166
 70
     0
 10
0.0
 20
0.0
 30
0.0
  3
9.12_166
  1

  0
HATCH
  5
699
330
697
100
AcDbEntity
  8
GS09-výškopis-body podrobné-buňky-TISK
  6
Continuous
 62
    32
370
     0
100
AcDbHatch
 10
0.0
 20
0.0
 30
0.0
210
0.0
220
0.0
230
1.0
  2
SOLID
 70
     1
 71
     0
 91
        1
 92
        1
 93
        1
 72
     2
 10
0.0
 20
0.0
 40
0.00015
 50
0.0
 51
360.0
 73
     1
 97
        0
 75
     0
 76
     1
 98
        1
 10
0.0
 20
0.0
450
        0
451
        0
460
0.0
461
0.0
452
        0
462
0.0
453
        0
470

  0
ENDBLK
  5
69A
330
697
100
AcDbEntity
  8
0
 62
     7
370
     0
100
AcDbBlockEnd
  0
BLOCK
  5
69D
330
69C
100
AcDbEntity
  8
0
 62
     7
370
     0
100
AcDbBlockBegin
  2
9.12_167
 70
     0
 10
0.0
 20
0.0
 30
0.0
  3
9.12_167
  1

  0
HATCH
  5
69E
330
69C
100
AcDbEntity
  8
GS09-výškopis-body podrobné-buňky-TISK
  6
Continuous
 62
    32
370
     0
100
AcDbHatch
 10
0.0
 20
0.0
 30
0.0
210
0.0
220
0.0
230
1.0
  2
SOLID
 70
     1
 71
     0
 91
        1
 92
        1
 93
        1
 72
     2
 10
0.0
 20
0.0
 40
0.00015
 50
0.0
 51
360.0
 73
     1
 97
        0
 75
     0
 76
     1
 98
        1
 10
0.0
 20
0.0
450
        0
451
        0
460
0.0
461
0.0
452
        0
462
0.0
453
        0
470

  0
ENDBLK
  5
69F
330
69C
100
AcDbEntity
  8
0
 62
     7
370
     0
100
AcDbBlockEnd
  0
BLOCK
  5
6A2
330
6A1
100
AcDbEntity
  8
0
 62
     7
370
     0
100
AcDbBlockBegin
  2
9.12_168
 70
     0
 10
0.0
 20
0.0
 30
0.0
  3
9.12_168
  1

  0
HATCH
  5
6A3
330
6A1
100
AcDbEntity
  8
GS09-výškopis-body podrobné-buňky-TISK
  6
Continuous
 62
    32
370
     0
100
AcDbHatch
 10
0.0
 20
0.0
 30
0.0
210
0.0
220
0.0
230
1.0
  2
SOLID
 70
     1
 71
     0
 91
        1
 92
        1
 93
        1
 72
     2
 10
0.0
 20
0.0
 40
0.00015
 50
0.0
 51
360.0
 73
     1
 97
        0
 75
     0
 76
     1
 98
        1
 10
0.0
 20
0.0
450
        0
451
        0
460
0.0
461
0.0
452
        0
462
0.0
453
        0
470

  0
ENDBLK
  5
6A4
330
6A1
100
AcDbEntity
  8
0
 62
     7
370
     0
100
AcDbBlockEnd
  0
BLOCK
  5
6A7
330
6A6
100
AcDbEntity
  8
0
 62
     7
370
     0
100
AcDbBlockBegin
  2
9.12_169
 70
     0
 10
0.0
 20
0.0
 30
0.0
  3
9.12_169
  1

  0
HATCH
  5
6A8
330
6A6
100
AcDbEntity
  8
GS09-výškopis-body podrobné-buňky-TISK
  6
Continuous
 62
    32
370
     0
100
AcDbHatch
 10
0.0
 20
0.0
 30
0.0
210
0.0
220
0.0
230
1.0
  2
SOLID
 70
     1
 71
     0
 91
        1
 92
        1
 93
        1
 72
     2
 10
0.0
 20
0.0
 40
0.00015
 50
0.0
 51
360.0
 73
     1
 97
        0
 75
     0
 76
     1
 98
        1
 10
0.0
 20
0.0
450
        0
451
        0
460
0.0
461
0.0
452
        0
462
0.0
453
        0
470

  0
ENDBLK
  5
6A9
330
6A6
100
AcDbEntity
  8
0
 62
     7
370
     0
100
AcDbBlockEnd
  0
BLOCK
  5
6AC
330
6AB
100
AcDbEntity
  8
0
 62
     7
370
     0
100
AcDbBlockBegin
  2
9.12_170
 70
     0
 10
0.0
 20
0.0
 30
0.0
  3
9.12_170
  1

  0
HATCH
  5
6AD
330
6AB
100
AcDbEntity
  8
GS09-výškopis-body podrobné-buňky-TISK
  6
Continuous
 62
    32
370
     0
100
AcDbHatch
 10
0.0
 20
0.0
 30
0.0
210
0.0
220
0.0
230
1.0
  2
SOLID
 70
     1
 71
     0
 91
        1
 92
        1
 93
        1
 72
     2
 10
0.0
 20
0.0
 40
0.00015
 50
0.0
 51
360.0
 73
     1
 97
        0
 75
     0
 76
     1
 98
        1
 10
0.0
 20
0.0
450
        0
451
        0
460
0.0
461
0.0
452
        0
462
0.0
453
        0
470

  0
ENDBLK
  5
6AE
330
6AB
100
AcDbEntity
  8
0
 62
     7
370
     0
100
AcDbBlockEnd
  0
BLOCK
  5
6B1
330
6B0
100
AcDbEntity
  8
0
 62
     7
370
     0
100
AcDbBlockBegin
  2
9.12_171
 70
     0
 10
0.0
 20
0.0
 30
0.0
  3
9.12_171
  1

  0
HATCH
  5
6B2
330
6B0
100
AcDbEntity
  8
GS09-výškopis-body podrobné-buňky-TISK
  6
Continuous
 62
    32
370
     0
100
AcDbHatch
 10
0.0
 20
0.0
 30
0.0
210
0.0
220
0.0
230
1.0
  2
SOLID
 70
     1
 71
     0
 91
        1
 92
        1
 93
        1
 72
     2
 10
-0.0000000000004547
 20
0.0
 40
0.00015
 50
0.0
 51
360.0
 73
     1
 97
        0
 75
     0
 76
     1
 98
        1
 10
0.0
 20
0.0
450
        0
451
        0
460
0.0
461
0.0
452
        0
462
0.0
453
        0
470

  0
ENDBLK
  5
6B3
330
6B0
100
AcDbEntity
  8
0
 62
     7
370
     0
100
AcDbBlockEnd
  0
BLOCK
  5
6B6
330
6B5
100
AcDbEntity
  8
0
 62
     7
370
     0
100
AcDbBlockBegin
  2
9.12_172
 70
     0
 10
0.0
 20
0.0
 30
0.0
  3
9.12_172
  1

  0
HATCH
  5
6B7
330
6B5
100
AcDbEntity
  8
GS09-výškopis-body podrobné-buňky-TISK
  6
Continuous
 62
    32
370
     0
100
AcDbHatch
 10
0.0
 20
0.0
 30
0.0
210
0.0
220
0.0
230
1.0
  2
SOLID
 70
     1
 71
     0
 91
        1
 92
        1
 93
        1
 72
     2
 10
0.0
 20
0.0
 40
0.00015
 50
0.0
 51
360.0
 73
     1
 97
        0
 75
     0
 76
     1
 98
        1
 10
0.0
 20
0.0
450
        0
451
        0
460
0.0
461
0.0
452
        0
462
0.0
453
        0
470

  0
ENDBLK
  5
6B8
330
6B5
100
AcDbEntity
  8
0
 62
     7
370
     0
100
AcDbBlockEnd
  0
BLOCK
  5
6BB
330
6BA
100
AcDbEntity
  8
0
 62
     7
370
     0
100
AcDbBlockBegin
  2
9.12_173
 70
     0
 10
0.0
 20
0.0
 30
0.0
  3
9.12_173
  1

  0
HATCH
  5
6BC
330
6BA
100
AcDbEntity
  8
GS09-výškopis-body podrobné-buňky-TISK
  6
Continuous
 62
    32
370
     0
100
AcDbHatch
 10
0.0
 20
0.0
 30
0.0
210
0.0
220
0.0
230
1.0
  2
SOLID
 70
     1
 71
     0
 91
        1
 92
        1
 93
        1
 72
     2
 10
0.0000000000004547
 20
0.0
 40
0.00015
 50
0.0
 51
360.0
 73
     1
 97
        0
 75
     0
 76
     1
 98
        1
 10
0.0
 20
0.0
450
        0
451
        0
460
0.0
461
0.0
452
        0
462
0.0
453
        0
470

  0
ENDBLK
  5
6BD
330
6BA
100
AcDbEntity
  8
0
 62
     7
370
     0
100
AcDbBlockEnd
  0
BLOCK
  5
6C0
330
6BF
100
AcDbEntity
  8
0
 62
     7
370
     0
100
AcDbBlockBegin
  2
9.12_174
 70
     0
 10
0.0
 20
0.0
 30
0.0
  3
9.12_174
  1

  0
HATCH
  5
6C1
330
6BF
100
AcDbEntity
  8
GS09-výškopis-body podrobné-buňky-TISK
  6
Continuous
 62
    32
370
     0
100
AcDbHatch
 10
0.0
 20
0.0
 30
0.0
210
0.0
220
0.0
230
1.0
  2
SOLID
 70
     1
 71
     0
 91
        1
 92
        1
 93
        1
 72
     2
 10
-0.0000000000004547
 20
0.0
 40
0.00015
 50
0.0
 51
360.0
 73
     1
 97
        0
 75
     0
 76
     1
 98
        1
 10
0.0
 20
0.0
450
        0
451
        0
460
0.0
461
0.0
452
        0
462
0.0
453
        0
470

  0
ENDBLK
  5
6C2
330
6BF
100
AcDbEntity
  8
0
 62
     7
370
     0
100
AcDbBlockEnd
  0
BLOCK
  5
6C5
330
6C4
100
AcDbEntity
  8
0
 62
     7
370
     0
100
AcDbBlockBegin
  2
9.12_175
 70
     0
 10
0.0
 20
0.0
 30
0.0
  3
9.12_175
  1

  0
HATCH
  5
6C6
330
6C4
100
AcDbEntity
  8
GS09-výškopis-body podrobné-buňky-TISK
  6
Continuous
 62
    32
370
     0
100
AcDbHatch
 10
0.0
 20
0.0
 30
0.0
210
0.0
220
0.0
230
1.0
  2
SOLID
 70
     1
 71
     0
 91
        1
 92
        1
 93
        1
 72
     2
 10
-0.0000000000004547
 20
0.0
 40
0.00015
 50
0.0
 51
360.0
 73
     1
 97
        0
 75
     0
 76
     1
 98
        1
 10
0.0
 20
0.0
450
        0
451
        0
460
0.0
461
0.0
452
        0
462
0.0
453
        0
470

  0
ENDBLK
  5
6C7
330
6C4
100
AcDbEntity
  8
0
 62
     7
370
     0
100
AcDbBlockEnd
  0
BLOCK
  5
6CA
330
6C9
100
AcDbEntity
  8
0
 62
     7
370
     0
100
AcDbBlockBegin
  2
9.12_176
 70
     0
 10
0.0
 20
0.0
 30
0.0
  3
9.12_176
  1

  0
HATCH
  5
6CB
330
6C9
100
AcDbEntity
  8
GS09-výškopis-body podrobné-buňky-TISK
  6
Continuous
 62
    32
370
     0
100
AcDbHatch
 10
0.0
 20
0.0
 30
0.0
210
0.0
220
0.0
230
1.0
  2
SOLID
 70
     1
 71
     0
 91
        1
 92
        1
 93
        1
 72
     2
 10
0.0
 20
0.0
 40
0.00015
 50
0.0
 51
360.0
 73
     1
 97
        0
 75
     0
 76
     1
 98
        1
 10
0.0
 20
0.0
450
        0
451
        0
460
0.0
461
0.0
452
        0
462
0.0
453
        0
470

  0
ENDBLK
  5
6CC
330
6C9
100
AcDbEntity
  8
0
 62
     7
370
     0
100
AcDbBlockEnd
  0
BLOCK
  5
6CF
330
6CE
100
AcDbEntity
  8
0
 62
     7
370
     0
100
AcDbBlockBegin
  2
9.12_177
 70
     0
 10
0.0
 20
0.0
 30
0.0
  3
9.12_177
  1

  0
HATCH
  5
6D0
330
6CE
100
AcDbEntity
  8
GS09-výškopis-body podrobné-buňky-TISK
  6
Continuous
 62
    32
370
     0
100
AcDbHatch
 10
0.0
 20
0.0
 30
0.0
210
0.0
220
0.0
230
1.0
  2
SOLID
 70
     1
 71
     0
 91
        1
 92
        1
 93
        1
 72
     2
 10
0.0
 20
0.0
 40
0.00015
 50
0.0
 51
360.0
 73
     1
 97
        0
 75
     0
 76
     1
 98
        1
 10
0.0
 20
0.0
450
        0
451
        0
460
0.0
461
0.0
452
        0
462
0.0
453
        0
470

  0
ENDBLK
  5
6D1
330
6CE
100
AcDbEntity
  8
0
 62
     7
370
     0
100
AcDbBlockEnd
  0
BLOCK
  5
6D4
330
6D3
100
AcDbEntity
  8
0
 62
     7
370
     0
100
AcDbBlockBegin
  2
9.12_178
 70
     0
 10
0.0
 20
0.0
 30
0.0
  3
9.12_178
  1

  0
HATCH
  5
6D5
330
6D3
100
AcDbEntity
  8
GS09-výškopis-body podrobné-buňky-TISK
  6
Continuous
 62
    32
370
     0
100
AcDbHatch
 10
0.0
 20
0.0
 30
0.0
210
0.0
220
0.0
230
1.0
  2
SOLID
 70
     1
 71
     0
 91
        1
 92
        1
 93
        1
 72
     2
 10
0.0
 20
0.0
 40
0.00015
 50
0.0
 51
360.0
 73
     1
 97
        0
 75
     0
 76
     1
 98
        1
 10
0.0
 20
0.0
450
        0
451
        0
460
0.0
461
0.0
452
        0
462
0.0
453
        0
470

  0
ENDBLK
  5
6D6
330
6D3
100
AcDbEntity
  8
0
 62
     7
370
     0
100
AcDbBlockEnd
  0
BLOCK
  5
6D9
330
6D8
100
AcDbEntity
  8
0
 62
     7
370
     0
100
AcDbBlockBegin
  2
9.12_179
 70
     0
 10
0.0
 20
0.0
 30
0.0
  3
9.12_179
  1

  0
HATCH
  5
6DA
330
6D8
100
AcDbEntity
  8
GS09-výškopis-body podrobné-buňky-TISK
  6
Continuous
 62
    32
370
     0
100
AcDbHatch
 10
0.0
 20
0.0
 30
0.0
210
0.0
220
0.0
230
1.0
  2
SOLID
 70
     1
 71
     0
 91
        1
 92
        1
 93
        1
 72
     2
 10
0.0
 20
-0.0000000000009095
 40
0.00015
 50
0.0
 51
360.0
 73
     1
 97
        0
 75
     0
 76
     1
 98
        1
 10
0.0
 20
0.0
450
        0
451
        0
460
0.0
461
0.0
452
        0
462
0.0
453
        0
470

  0
ENDBLK
  5
6DB
330
6D8
100
AcDbEntity
  8
0
 62
     7
370
     0
100
AcDbBlockEnd
  0
BLOCK
  5
6DE
330
6DD
100
AcDbEntity
  8
0
 62
     7
370
     0
100
AcDbBlockBegin
  2
9.12_180
 70
     0
 10
0.0
 20
0.0
 30
0.0
  3
9.12_180
  1

  0
HATCH
  5
6DF
330
6DD
100
AcDbEntity
  8
GS09-výškopis-body podrobné-buňky-TISK
  6
Continuous
 62
    32
370
     0
100
AcDbHatch
 10
0.0
 20
0.0
 30
0.0
210
0.0
220
0.0
230
1.0
  2
SOLID
 70
     1
 71
     0
 91
        1
 92
        1
 93
        1
 72
     2
 10
-0.0000000000004547
 20
-0.0000000000009095
 40
0.00015
 50
0.0
 51
360.0
 73
     1
 97
        0
 75
     0
 76
     1
 98
        1
 10
0.0
 20
0.0
450
        0
451
        0
460
0.0
461
0.0
452
        0
462
0.0
453
        0
470

  0
ENDBLK
  5
6E0
330
6DD
100
AcDbEntity
  8
0
 62
     7
370
     0
100
AcDbBlockEnd
  0
BLOCK
  5
6E3
330
6E2
100
AcDbEntity
  8
0
 62
     7
370
     0
100
AcDbBlockBegin
  2
9.12_181
 70
     0
 10
0.0
 20
0.0
 30
0.0
  3
9.12_181
  1

  0
HATCH
  5
6E4
330
6E2
100
AcDbEntity
  8
GS09-výškopis-body podrobné-buňky-TISK
  6
Continuous
 62
    32
370
     0
100
AcDbHatch
 10
0.0
 20
0.0
 30
0.0
210
0.0
220
0.0
230
1.0
  2
SOLID
 70
     1
 71
     0
 91
        1
 92
        1
 93
        1
 72
     2
 10
0.0
 20
0.0
 40
0.00015
 50
0.0
 51
360.0
 73
     1
 97
        0
 75
     0
 76
     1
 98
        1
 10
0.0
 20
0.0
450
        0
451
        0
460
0.0
461
0.0
452
        0
462
0.0
453
        0
470

  0
ENDBLK
  5
6E5
330
6E2
100
AcDbEntity
  8
0
 62
     7
370
     0
100
AcDbBlockEnd
  0
BLOCK
  5
6E8
330
6E7
100
AcDbEntity
  8
0
 62
     7
370
     0
100
AcDbBlockBegin
  2
9.12_182
 70
     0
 10
0.0
 20
0.0
 30
0.0
  3
9.12_182
  1

  0
HATCH
  5
6E9
330
6E7
100
AcDbEntity
  8
GS09-výškopis-body podrobné-buňky-TISK
  6
Continuous
 62
    32
370
     0
100
AcDbHatch
 10
0.0
 20
0.0
 30
0.0
210
0.0
220
0.0
230
1.0
  2
SOLID
 70
     1
 71
     0
 91
        1
 92
        1
 93
        1
 72
     2
 10
0.0
 20
-0.0000000000009095
 40
0.00015
 50
0.0
 51
360.0
 73
     1
 97
        0
 75
     0
 76
     1
 98
        1
 10
0.0
 20
0.0
450
        0
451
        0
460
0.0
461
0.0
452
        0
462
0.0
453
        0
470

  0
ENDBLK
  5
6EA
330
6E7
100
AcDbEntity
  8
0
 62
     7
370
     0
100
AcDbBlockEnd
  0
BLOCK
  5
6ED
330
6EC
100
AcDbEntity
  8
0
 62
     7
370
     0
100
AcDbBlockBegin
  2
9.12_183
 70
     0
 10
0.0
 20
0.0
 30
0.0
  3
9.12_183
  1

  0
HATCH
  5
6EE
330
6EC
100
AcDbEntity
  8
GS09-výškopis-body podrobné-buňky-TISK
  6
Continuous
 62
    32
370
     0
100
AcDbHatch
 10
0.0
 20
0.0
 30
0.0
210
0.0
220
0.0
230
1.0
  2
SOLID
 70
     1
 71
     0
 91
        1
 92
        1
 93
        1
 72
     2
 10
0.0
 20
0.0
 40
0.00015
 50
0.0
 51
360.0
 73
     1
 97
        0
 75
     0
 76
     1
 98
        1
 10
0.0
 20
0.0
450
        0
451
        0
460
0.0
461
0.0
452
        0
462
0.0
453
        0
470

  0
ENDBLK
  5
6EF
330
6EC
100
AcDbEntity
  8
0
 62
     7
370
     0
100
AcDbBlockEnd
  0
BLOCK
  5
6F2
330
6F1
100
AcDbEntity
  8
0
 62
     7
370
     0
100
AcDbBlockBegin
  2
9.12_184
 70
     0
 10
0.0
 20
0.0
 30
0.0
  3
9.12_184
  1

  0
HATCH
  5
6F3
330
6F1
100
AcDbEntity
  8
GS09-výškopis-body podrobné-buňky-TISK
  6
Continuous
 62
    32
370
     0
100
AcDbHatch
 10
0.0
 20
0.0
 30
0.0
210
0.0
220
0.0
230
1.0
  2
SOLID
 70
     1
 71
     0
 91
        1
 92
        1
 93
        1
 72
     2
 10
0.0
 20
0.0
 40
0.00015
 50
0.0
 51
360.0
 73
     1
 97
        0
 75
     0
 76
     1
 98
        1
 10
0.0
 20
0.0
450
        0
451
        0
460
0.0
461
0.0
452
        0
462
0.0
453
        0
470

  0
ENDBLK
  5
6F4
330
6F1
100
AcDbEntity
  8
0
 62
     7
370
     0
100
AcDbBlockEnd
  0
BLOCK
  5
6F7
330
6F6
100
AcDbEntity
  8
0
 62
     7
370
     0
100
AcDbBlockBegin
  2
9.12_185
 70
     0
 10
0.0
 20
0.0
 30
0.0
  3
9.12_185
  1

  0
HATCH
  5
6F8
330
6F6
100
AcDbEntity
  8
GS09-výškopis-body podrobné-buňky-TISK
  6
Continuous
 62
    32
370
     0
100
AcDbHatch
 10
0.0
 20
0.0
 30
0.0
210
0.0
220
0.0
230
1.0
  2
SOLID
 70
     1
 71
     0
 91
        1
 92
        1
 93
        1
 72
     2
 10
0.0
 20
0.0
 40
0.00015
 50
0.0
 51
360.0
 73
     1
 97
        0
 75
     0
 76
     1
 98
        1
 10
0.0
 20
0.0
450
        0
451
        0
460
0.0
461
0.0
452
        0
462
0.0
453
        0
470

  0
ENDBLK
  5
6F9
330
6F6
100
AcDbEntity
  8
0
 62
     7
370
     0
100
AcDbBlockEnd
  0
BLOCK
  5
6FC
330
6FB
100
AcDbEntity
  8
0
 62
     7
370
     0
100
AcDbBlockBegin
  2
9.12_186
 70
     0
 10
0.0
 20
0.0
 30
0.0
  3
9.12_186
  1

  0
HATCH
  5
6FD
330
6FB
100
AcDbEntity
  8
GS09-výškopis-body podrobné-buňky-TISK
  6
Continuous
 62
    32
370
     0
100
AcDbHatch
 10
0.0
 20
0.0
 30
0.0
210
0.0
220
0.0
230
1.0
  2
SOLID
 70
     1
 71
     0
 91
        1
 92
        1
 93
        1
 72
     2
 10
0.0
 20
0.0
 40
0.00015
 50
0.0
 51
360.0
 73
     1
 97
        0
 75
     0
 76
     1
 98
        1
 10
0.0
 20
0.0
450
        0
451
        0
460
0.0
461
0.0
452
        0
462
0.0
453
        0
470

  0
ENDBLK
  5
6FE
330
6FB
100
AcDbEntity
  8
0
 62
     7
370
     0
100
AcDbBlockEnd
  0
BLOCK
  5
701
330
700
100
AcDbEntity
  8
0
 62
     7
370
     0
100
AcDbBlockBegin
  2
9.12_187
 70
     0
 10
0.0
 20
0.0
 30
0.0
  3
9.12_187
  1

  0
HATCH
  5
702
330
700
100
AcDbEntity
  8
GS09-výškopis-body podrobné-buňky-TISK
  6
Continuous
 62
    32
370
     0
100
AcDbHatch
 10
0.0
 20
0.0
 30
0.0
210
0.0
220
0.0
230
1.0
  2
SOLID
 70
     1
 71
     0
 91
        1
 92
        1
 93
        1
 72
     2
 10
0.0
 20
0.0
 40
0.00015
 50
0.0
 51
360.0
 73
     1
 97
        0
 75
     0
 76
     1
 98
        1
 10
0.0
 20
0.0
450
        0
451
        0
460
0.0
461
0.0
452
        0
462
0.0
453
        0
470

  0
ENDBLK
  5
703
330
700
100
AcDbEntity
  8
0
 62
     7
370
     0
100
AcDbBlockEnd
  0
BLOCK
  5
706
330
705
100
AcDbEntity
  8
0
 62
     7
370
     0
100
AcDbBlockBegin
  2
9.12_188
 70
     0
 10
0.0
 20
0.0
 30
0.0
  3
9.12_188
  1

  0
HATCH
  5
707
330
705
100
AcDbEntity
  8
GS09-výškopis-body podrobné-buňky-TISK
  6
Continuous
 62
    32
370
     0
100
AcDbHatch
 10
0.0
 20
0.0
 30
0.0
210
0.0
220
0.0
230
1.0
  2
SOLID
 70
     1
 71
     0
 91
        1
 92
        1
 93
        1
 72
     2
 10
0.0
 20
0.0
 40
0.00015
 50
0.0
 51
360.0
 73
     1
 97
        0
 75
     0
 76
     1
 98
        1
 10
0.0
 20
0.0
450
        0
451
        0
460
0.0
461
0.0
452
        0
462
0.0
453
        0
470

  0
ENDBLK
  5
708
330
705
100
AcDbEntity
  8
0
 62
     7
370
     0
100
AcDbBlockEnd
  0
BLOCK
  5
70C
330
70B
100
AcDbEntity
  8
0
 62
     7
370
     0
100
AcDbBlockBegin
  2
9.14_1
 70
     0
 10
0.0
 20
0.0
 30
0.0
  3
9.14_1
  1

  0
HATCH
  5
70D
330
70B
100
AcDbEntity
  8
GS09-výškopis-kóty na objektech-buňky
  6
Continuous
 62
     7
370
     0
100
AcDbHatch
 10
0.0
 20
0.0
 30
0.0
210
0.0
220
0.0
230
1.0
  2
SOLID
 70
     1
 71
     0
 91
        1
 92
        1
 93
        1
 72
     2
 10
-0.0000000000004547
 20
0.0000000000009095
 40
0.00015
 50
0.0
 51
360.0
 73
     1
 97
        0
 75
     0
 76
     1
 98
        1
 10
0.0
 20
0.0
450
        0
451
        0
460
0.0
461
0.0
452
        0
462
0.0
453
        0
470

  0
ENDBLK
  5
70E
330
70B
100
AcDbEntity
  8
0
 62
     7
370
     0
100
AcDbBlockEnd
  0
ENDSEC
  0
SECTION
  2
ENTITIES
  0
INSERT
  5
92
330
2
100
AcDbEntity
  8
GS06-sítě-kanalizace_DEST
  6
Continuous
 62
     7
370
     0
100
AcDbBlockReference
  2
Husovice_Včelák_mapa
 10
0.0
 20
0.0
 30
0.0
  0
TEXT
  5
55A
330
2
100
AcDbEntity
  8
GS09-výškopis-body podrobné-výšky-TISK
  6
Continuous
 62
    32
370
     0
100
AcDbText
 10
-595976.171
 20
-1158246.748
 30
0.0
 40
0.32
  1
8 27
 50
284.16
 41
0.8125
  7
Style-Arial Narrow
100
AcDbText
  0
TEXT
  5
55C
330
2
100
AcDbEntity
  8
GS09-výškopis-body podrobné-výšky-TISK
  6
Continuous
 62
    32
370
     0
100
AcDbText
 10
-595975.531
 20
-1158247.006
 30
0.0
 40
0.32
  1
8 76
 50
284.16
 41
0.8125
  7
Style-Arial Narrow
100
AcDbText
  0
TEXT
  5
55D
330
2
100
AcDbEntity
  8
GS09-výškopis-body podrobné-výšky-TISK
  6
Continuous
 62
    32
370
     0
100
AcDbText
 10
-595974.993
 20
-1158246.598
 30
0.0
 40
0.32
  1
8 52
 50
284.16
 41
0.8125
  7
Style-Arial Narrow
100
AcDbText
  0
TEXT
  5
55E
330
2
100
AcDbEntity
  8
GS09-výškopis-body podrobné-výšky-TISK
  6
Continuous
 62
    32
370
     0
100
AcDbText
 10
-595977.8
 20
-1158247.206
 30
0.0
 40
0.32
  1
8 23
 50
275.74
 41
0.8125
  7
Style-Arial Narrow
100
AcDbText
  0
TEXT
  5
55F
330
2
100
AcDbEntity
  8
GS09-výškopis-body podrobné-výšky-TISK
  6
Continuous
 62
    32
370
     0
100
AcDbText
 10
-595979.282
 20
-1158247.441
 30
0.0
 40
0.32
  1
8 28
 50
275.74
 41
0.8125
  7
Style-Arial Narrow
100
AcDbText
  0
TEXT
  5
560
330
2
100
AcDbEntity
  8
GS09-výškopis-body podrobné-výšky-TISK
  6
Continuous
 62
    32
370
     0
100
AcDbText
 10
-595980.474
 20
-1158247.695
 30
0.0
 40
0.32
  1
8 24
 50
275.74
 41
0.8125
  7
Style-Arial Narrow
100
AcDbText
  0
TEXT
  5
561
330
2
100
AcDbEntity
  8
GS09-výškopis-body podrobné-výšky-TISK
  6
Continuous
 62
    32
370
     0
100
AcDbText
 10
-595987.531
 20
-1158247.718
 30
0.0
 40
0.32
  1
8 43
 41
0.8125
  7
Style-Arial Narrow
100
AcDbText
  0
TEXT
  5
562
330
2
100
AcDbEntity
  8
GS09-výškopis-body podrobné-výšky-TISK
  6
Continuous
 62
    32
370
     0
100
AcDbText
 10
-595978.21
 20
-1158238.436
 30
0.0
 40
0.32
  1
8 33
 50
284.19
 41
0.8125
  7
Style-Arial Narrow
100
AcDbText
  0
TEXT
  5
563
330
2
100
AcDbEntity
  8
GS09-výškopis-body podrobné-výšky-TISK
  6
Continuous
 62
    32
370
     0
100
AcDbText
 10
-595977.79
 20
-1158238.332
 30
0.0
 40
0.32
  1
8 79
 50
284.19
 41
0.8125
  7
Style-Arial Narrow
100
AcDbText
  0
TEXT
  5
564
330
2
100
AcDbEntity
  8
GS09-výškopis-body podrobné-výšky-TISK
  6
Continuous
 62
    32
370
     0
100
AcDbText
 10
-595977.224
 20
-1158238.594
 30
0.0
 40
0.32
  1
8 55
 50
284.2
 41
0.8125
  7
Style-Arial Narrow
100
AcDbText
  0
TEXT
  5
565
330
2
100
AcDbEntity
  8
GS09-výškopis-body podrobné-výšky-TISK
  6
Continuous
 62
    32
370
     0
100
AcDbText
 10
-595979.152
 20
-1158238.075
 30
0.0
 40
0.32
  1
8 24
 50
275.74
 41
0.8125
  7
Style-Arial Narrow
100
AcDbText
  0
TEXT
  5
566
330
2
100
AcDbEntity
  8
GS09-výškopis-body podrobné-výšky-TISK
  6
Continuous
 62
    32
370
     0
100
AcDbText
 10
-595980.612
 20
-1158238.104
 30
0.0
 40
0.32
  1
8 25
 50
275.74
 41
0.8125
  7
Style-Arial Narrow
100
AcDbText
  0
TEXT
  5
567
330
2
100
AcDbEntity
  8
GS09-výškopis-body podrobné-výšky-TISK
  6
Continuous
 62
    32
370
     0
100
AcDbText
 10
-595981.594
 20
-1158238.157
 30
0.0
 40
0.32
  1
8 21
 50
275.74
 41
0.8125
  7
Style-Arial Narrow
100
AcDbText
  0
TEXT
  5
568
330
2
100
AcDbEntity
  8
GS09-výškopis-body podrobné-výšky-TISK
  6
Continuous
 62
    32
370
     0
100
AcDbText
 10
-595979.322
 20
-1158233.911
 30
0.0
 40
0.32
  1
8 32
 50
275.74
 41
0.8125
  7
Style-Arial Narrow
100
AcDbText
  0
TEXT
  5
569
330
2
100
AcDbEntity
  8
GS09-výškopis-body podrobné-výšky-TISK
  6
Continuous
 62
    32
370
     0
100
AcDbText
 10
-595978.736
 20
-1158233.134
 30
0.0
 40
0.32
  1
8 71
 50
290.92
 41
0.8125
  7
Style-Arial Narrow
100
AcDbText
  0
TEXT
  5
56A
330
2
100
AcDbEntity
  8
GS09-výškopis-body podrobné-výšky-TISK
  6
Continuous
 62
    32
370
     0
100
AcDbText
 10
-595979.305
 20
-1158232.659
 30
0.0
 40
0.32
  1
8 13
 50
290.92
 41
0.8125
  7
Style-Arial Narrow
100
AcDbText
  0
TEXT
  5
56B
330
2
100
AcDbEntity
  8
GS09-výškopis-body podrobné-výšky-TISK
  6
Continuous
 62
    32
370
     0
100
AcDbText
 10
-595978.787
 20
-1158232.25
 30
0.0
 40
0.32
  1
7 87
 50
290.92
 41
0.8125
  7
Style-Arial Narrow
100
AcDbText
  0
TEXT
  5
56C
330
2
100
AcDbEntity
  8
GS09-výškopis-body podrobné-výšky-TISK
  6
Continuous
 62
    32
370
     0
100
AcDbText
 10
-595980.541
 20
-1158229.563
 30
0.0
 40
0.32
  1
8 22
 50
275.74
 41
0.8125
  7
Style-Arial Narrow
100
AcDbText
  0
TEXT
  5
56D
330
2
100
AcDbEntity
  8
GS09-výškopis-body podrobné-výšky-TISK
  6
Continuous
 62
    32
370
     0
100
AcDbText
 10
-595981.487
 20
-1158230.056
 30
0.0
 40
0.32
  1
8 27
 50
275.74
 41
0.8125
  7
Style-Arial Narrow
100
AcDbText
  0
TEXT
  5
56E
330
2
100
AcDbEntity
  8
GS09-výškopis-body podrobné-výšky-TISK
  6
Continuous
 62
    32
370
     0
100
AcDbText
 10
-595983.817
 20
-1158231.345
 30
0.0
 40
0.32
  1
258,17
 41
0.8125
  7
Style-Arial Narrow
100
AcDbText
  0
TEXT
  5
56F
330
2
100
AcDbEntity
  8
GS09-výškopis-body podrobné-výšky-TISK
  6
Continuous
 62
    32
370
     0
100
AcDbText
 10
-595979.674
 20
-1158225.348
 30
0.0
 40
0.32
  1
8 21
 41
0.8125
  7
Style-Arial Narrow
100
AcDbText
  0
TEXT
  5
570
330
2
100
AcDbEntity
  8
GS09-výškopis-body podrobné-výšky-TISK
  6
Continuous
 62
    32
370
     0
100
AcDbText
 10
-595979.862
 20
-1158223.527
 30
0.0
 40
0.32
  1
8 18
 41
0.8125
  7
Style-Arial Narrow
100
AcDbText
  0
TEXT
  5
571
330
2
100
AcDbEntity
  8
GS09-výškopis-body podrobné-výšky-TISK
  6
Continuous
 62
    32
370
     0
100
AcDbText
 10
-595982.888
 20
-1158223.762
 30
0.0
 40
0.32
  1
8 34
 41
0.8125
  7
Style-Arial Narrow
100
AcDbText
  0
TEXT
  5
572
330
2
100
AcDbEntity
  8
GS09-výškopis-body podrobné-výšky-TISK
  6
Continuous
 62
    32
370
     0
100
AcDbText
 10
-595982.917
 20
-1158223.215
 30
0.0
 40
0.32
  1
8 39
 41
0.8125
  7
Style-Arial Narrow
100
AcDbText
  0
TEXT
  5
573
330
2
100
AcDbEntity
  8
GS09-výškopis-body podrobné-výšky-TISK
  6
Continuous
 62
    32
370
     0
100
AcDbText
 10
-595982.996
 20
-1158220.139
 30
0.0
 40
0.32
  1
258 19
 41
0.8125
  7
Style-Arial Narrow
100
AcDbText
  0
TEXT
  5
574
330
2
100
AcDbEntity
  8
GS09-výškopis-body podrobné-výšky-TISK
  6
Continuous
 62
    32
370
     0
100
AcDbText
 10
-595983.906
 20
-1158220.302
 30
0.0
 40
0.32
  1
8 23
 50
275.74
 41
0.8125
  7
Style-Arial Narrow
100
AcDbText
  0
TEXT
  5
575
330
2
100
AcDbEntity
  8
GS09-výškopis-body podrobné-výšky-TISK
  6
Continuous
 62
    32
370
     0
100
AcDbText
 10
-595981.219
 20
-1158220.201
 30
0.0
 40
0.32
  1
8 02
 50
275.74
 41
0.8125
  7
Style-Arial Narrow
100
AcDbText
  0
TEXT
  5
576
330
2
100
AcDbEntity
  8
GS09-výškopis-body podrobné-výšky-TISK
  6
Continuous
 62
    32
370
     0
100
AcDbText
 10
-595980.364
 20
-1158220.934
 30
0.0
 40
0.32
  1
8 00
 41
0.8125
  7
Style-Arial Narrow
100
AcDbText
  0
TEXT
  5
577
330
2
100
AcDbEntity
  8
GS09-výškopis-body podrobné-výšky-TISK
  6
Continuous
 62
    32
370
     0
100
AcDbText
 10
-595984.996
 20
-1158208.376
 30
0.0
 40
0.32
  1
8 40
 50
270.0
 41
0.8125
  7
Style-Arial Narrow
100
AcDbText
  0
TEXT
  5
578
330
2
100
AcDbEntity
  8
GS09-výškopis-body podrobné-výšky-TISK
  6
Continuous
 62
    32
370
     0
100
AcDbText
 10
-595981.872
 20
-1158206.035
 30
0.0
 40
0.32
  1
8 45
 50
270.0
 41
0.8125
  7
Style-Arial Narrow
100
AcDbText
  0
TEXT
  5
579
330
2
100
AcDbEntity
  8
GS09-výškopis-body podrobné-výšky-TISK
  6
Continuous
 62
    32
370
     0
100
AcDbText
 10
-595982.361
 20
-1158207.791
 30
0.0
 40
0.32
  1
8 39
 50
270.0
 41
0.8125
  7
Style-Arial Narrow
100
AcDbText
  0
TEXT
  5
57A
330
2
100
AcDbEntity
  8
GS09-výškopis-body podrobné-výšky-TISK
  6
Continuous
 62
    32
370
     0
100
AcDbText
 10
-595981.574
 20
-1158207.718
 30
0.0
 40
0.32
  1
8 40
 50
270.0
 41
0.8125
  7
Style-Arial Narrow
100
AcDbText
  0
TEXT
  5
57B
330
2
100
AcDbEntity
  8
GS09-výškopis-body podrobné-výšky-TISK
  6
Continuous
 62
    32
370
     0
100
AcDbText
 10
-595981.091
 20
-1158207.706
 30
0.0
 40
0.32
  1
8 38
 50
270.0
 41
0.8125
  7
Style-Arial Narrow
100
AcDbText
  0
TEXT
  5
57C
330
2
100
AcDbEntity
  8
GS09-výškopis-body podrobné-výšky-TISK
  6
Continuous
 62
    32
370
     0
100
AcDbText
 10
-595980.937
 20
-1158208.922
 30
0.0
 40
0.32
  1
8 36
 41
0.8125
  7
Style-Arial Narrow
100
AcDbText
  0
TEXT
  5
57D
330
2
100
AcDbEntity
  8
GS09-výškopis-body podrobné-výšky-TISK
  6
Continuous
 62
    32
370
     0
100
AcDbText
 10
-595981.332
 20
-1158211.463
 30
0.0
 40
0.32
  1
8 37
 50
270.0
 41
0.8125
  7
Style-Arial Narrow
100
AcDbText
  0
TEXT
  5
57E
330
2
100
AcDbEntity
  8
GS09-výškopis-body podrobné-výšky-TISK
  6
Continuous
 62
    32
370
     0
100
AcDbText
 10
-595981.069
 20
-1158213.599
 30
0.0
 40
0.32
  1
8 48
 41
0.8125
  7
Style-Arial Narrow
100
AcDbText
  0
TEXT
  5
57F
330
2
100
AcDbEntity
  8
GS09-výškopis-body podrobné-výšky-TISK
  6
Continuous
 62
    32
370
     0
100
AcDbText
 10
-595981.901
 20
-1158211.982
 30
0.0
 40
0.32
  1
8 35
 50
270.0
 41
0.8125
  7
Style-Arial Narrow
100
AcDbText
  0
TEXT
  5
580
330
2
100
AcDbEntity
  8
GS09-výškopis-body podrobné-výšky-TISK
  6
Continuous
 62
    32
370
     0
100
AcDbText
 10
-595981.568
 20
-1158215.245
 30
0.0
 40
0.32
  1
8 13
 41
0.8125
  7
Style-Arial Narrow
100
AcDbText
  0
TEXT
  5
581
330
2
100
AcDbEntity
  8
GS09-výškopis-body podrobné-výšky-TISK
  6
Continuous
 62
    32
370
     0
100
AcDbText
 10
-595980.152
 20
-1158216.086
 30
0.0
 40
0.32
  1
7 92
 41
0.8125
  7
Style-Arial Narrow
100
AcDbText
  0
TEXT
  5
582
330
2
100
AcDbEntity
  8
GS09-výškopis-body podrobné-výšky-TISK
  6
Continuous
 62
    32
370
     0
100
AcDbText
 10
-595976.628
 20
-1158217.332
 30
0.0
 40
0.32
  1
7 38
 41
0.8125
  7
Style-Arial Narrow
100
AcDbText
  0
TEXT
  5
583
330
2
100
AcDbEntity
  8
GS09-výškopis-body podrobné-výšky-TISK
  6
Continuous
 62
    32
370
     0
100
AcDbText
 10
-595991.691
 20
-1158209.657
 30
0.0
 40
0.32
  1
8 59
 41
0.8125
  7
Style-Arial Narrow
100
AcDbText
  0
TEXT
  5
584
330
2
100
AcDbEntity
  8
GS09-výškopis-body podrobné-výšky-TISK
  6
Continuous
 62
    32
370
     0
100
AcDbText
 10
-595990.748
 20
-1158219.638
 30
0.0
 40
0.32
  1
8 53
 41
0.8125
  7
Style-Arial Narrow
100
AcDbText
  0
TEXT
  5
585
330
2
100
AcDbEntity
  8
GS09-výškopis-body podrobné-výšky-TISK
  6
Continuous
 62
    32
370
     0
100
AcDbText
 10
-595991.978
 20
-1158226.321
 30
0.0
 40
0.32
  1
8 50
 41
0.8125
  7
Style-Arial Narrow
100
AcDbText
  0
TEXT
  5
586
330
2
100
AcDbEntity
  8
GS09-výškopis-body podrobné-výšky-TISK
  6
Continuous
 62
    32
370
     0
100
AcDbText
 10
-595994.192
 20
-1158227.331
 30
0.0
 40
0.32
  1
8 45
 41
0.8125
  7
Style-Arial Narrow
100
AcDbText
  0
TEXT
  5
587
330
2
100
AcDbEntity
  8
GS09-výškopis-body podrobné-výšky-TISK
  6
Continuous
 62
    32
370
     0
100
AcDbText
 10
-595994.578
 20
-1158234.0
 30
0.0
 40
0.32
  1
8 43
 41
0.8125
  7
Style-Arial Narrow
100
AcDbText
  0
TEXT
  5
588
330
2
100
AcDbEntity
  8
GS09-výškopis-body podrobné-výšky-TISK
  6
Continuous
 62
    32
370
     0
100
AcDbText
 10
-595991.293
 20
-1158232.606
 30
0.0
 40
0.32
  1
8 48
 41
0.8125
  7
Style-Arial Narrow
100
AcDbText
  0
TEXT
  5
589
330
2
100
AcDbEntity
  8
GS09-výškopis-body podrobné-výšky-TISK
  6
Continuous
 62
    32
370
     0
100
AcDbText
 10
-595990.014
 20
-1158232.769
 30
0.0
 40
0.32
  1
8 53
 41
0.8125
  7
Style-Arial Narrow
100
AcDbText
  0
TEXT
  5
58A
330
2
100
AcDbEntity
  8
GS09-výškopis-body podrobné-výšky-TISK
  6
Continuous
 62
    32
370
     0
100
AcDbText
 10
-595989.057
 20
-1158234.388
 30
0.0
 40
0.32
  1
8 48
 41
0.8125
  7
Style-Arial Narrow
100
AcDbText
  0
TEXT
  5
58B
330
2
100
AcDbEntity
  8
GS09-výškopis-body podrobné-výšky-TISK
  6
Continuous
 62
    32
370
     0
100
AcDbText
 10
-595986.942
 20
-1158252.633
 30
0.0
 40
0.32
  1
258 40
 41
0.8125
  7
Style-Arial Narrow
100
AcDbText
  0
TEXT
  5
58C
330
2
100
AcDbEntity
  8
GS09-výškopis-body podrobné-výšky-TISK
  6
Continuous
 62
    32
370
     0
100
AcDbText
 10
-595987.84
 20
-1158245.649
 30
0.0
 40
0.32
  1
8 43
 41
0.8125
  7
Style-Arial Narrow
100
AcDbText
  0
TEXT
  5
58D
330
2
100
AcDbEntity
  8
GS09-výškopis-body podrobné-výšky-TISK
  6
Continuous
 62
    32
370
     0
100
AcDbText
 10
-595978.621
 20
-1158221.385
 30
0.0
 40
0.32
  1
7 59
 41
0.8125
  7
Style-Arial Narrow
100
AcDbText
  0
TEXT
  5
58E
330
2
100
AcDbEntity
  8
GS09-výškopis-body podrobné-výšky-TISK
  6
Continuous
 62
    32
370
     0
100
AcDbText
 10
-595976.323
 20
-1158227.628
 30
0.0
 40
0.32
  1
7 01
 41
0.8125
  7
Style-Arial Narrow
100
AcDbText
  0
TEXT
  5
58F
330
2
100
AcDbEntity
  8
GS09-výškopis-body podrobné-výšky-TISK
  6
Continuous
 62
    32
370
     0
100
AcDbText
 10
-595976.415
 20
-1158228.335
 30
0.0
 40
0.32
  1
7 28
 41
0.8125
  7
Style-Arial Narrow
100
AcDbText
  0
TEXT
  5
590
330
2
100
AcDbEntity
  8
GS09-výškopis-body podrobné-výšky-TISK
  6
Continuous
 62
    32
370
     0
100
AcDbText
 10
-595975.499
 20
-1158231.048
 30
0.0
 40
0.32
  1
6 94
 41
0.8125
  7
Style-Arial Narrow
100
AcDbText
  0
TEXT
  5
591
330
2
100
AcDbEntity
  8
GS09-výškopis-body podrobné-výšky-TISK
  6
Continuous
 62
    32
370
     0
100
AcDbText
 10
-595976.827
 20
-1158231.749
 30
0.0
 40
0.32
  1
7 08
 41
0.8125
  7
Style-Arial Narrow
100
AcDbText
  0
TEXT
  5
592
330
2
100
AcDbEntity
  8
GS09-výškopis-body podrobné-výšky-TISK
  6
Continuous
 62
    32
370
     0
100
AcDbText
 10
-595978.172
 20
-1158232.816
 30
0.0
 40
0.32
  1
7 45
 50
290.92
 41
0.8125
  7
Style-Arial Narrow
100
AcDbText
  0
TEXT
  5
593
330
2
100
AcDbEntity
  8
GS09-výškopis-body podrobné-výšky-TISK
  6
Continuous
 62
    32
370
     0
100
AcDbText
 10
-595973.294
 20
-1158231.164
 30
0.0
 40
0.32
  1
6 15
 41
0.8125
  7
Style-Arial Narrow
100
AcDbText
  0
TEXT
  5
594
330
2
100
AcDbEntity
  8
GS09-výškopis-body podrobné-výšky-TISK
  6
Continuous
 62
    32
370
     0
100
AcDbText
 10
-595973.125
 20
-1158231.692
 30
0.0
 40
0.32
  1
6 12
 41
0.8125
  7
Style-Arial Narrow
100
AcDbText
  0
TEXT
  5
595
330
2
100
AcDbEntity
  8
GS09-výškopis-body podrobné-výšky-TISK
  6
Continuous
 62
    32
370
     0
100
AcDbText
 10
-595974.211
 20
-1158227.431
 30
0.0
 40
0.32
  1
6 49
 41
0.8125
  7
Style-Arial Narrow
100
AcDbText
  0
TEXT
  5
596
330
2
100
AcDbEntity
  8
GS09-výškopis-body podrobné-výšky-TISK
  6
Continuous
 62
    32
370
     0
100
AcDbText
 10
-595975.628
 20
-1158224.715
 30
0.0
 40
0.32
  1
6 80
 41
0.8125
  7
Style-Arial Narrow
100
AcDbText
  0
TEXT
  5
597
330
2
100
AcDbEntity
  8
GS09-výškopis-body podrobné-výšky-TISK
  6
Continuous
 62
    32
370
     0
100
AcDbText
 10
-595978.328
 20
-1158234.141
 30
0.0
 40
0.32
  1
5 95
 50
275.74
 41
0.8125
  7
Style-Arial Narrow
100
AcDbText
  0
TEXT
  5
598
330
2
100
AcDbEntity
  8
GS09-výškopis-body podrobné-výšky-TISK
  6
Continuous
 62
    32
370
     0
100
AcDbText
 10
-595977.649
 20
-1158237.283
 30
0.0
 40
0.32
  1
6 03
 50
284.2
 41
0.8125
  7
Style-Arial Narrow
100
AcDbText
  0
TEXT
  5
599
330
2
100
AcDbEntity
  8
GS09-výškopis-body podrobné-výšky-TISK
  6
Continuous
 62
    32
370
     0
100
AcDbText
 10
-595974.446
 20
-1158236.168
 30
0.0
 40
0.32
  1
255,75
 41
0.8125
  7
Style-Arial Narrow
100
AcDbText
  0
TEXT
  5
59A
330
2
100
AcDbEntity
  8
GS09-výškopis-body podrobné-výšky-TISK
  6
Continuous
 62
    32
370
     0
100
AcDbText
 10
-595974.073
 20
-1158237.336
 30
0.0
 40
0.32
  1
5 87
 50
13.51
 41
0.8125
  7
Style-Arial Narrow
100
AcDbText
  0
TEXT
  5
59B
330
2
100
AcDbEntity
  8
GS09-výškopis-body podrobné-výšky-TISK
  6
Continuous
 62
    32
370
     0
100
AcDbText
 10
-595972.928
 20
-1158237.094
 30
0.0
 40
0.32
  1
5 86
 50
13.51
 41
0.8125
  7
Style-Arial Narrow
100
AcDbText
  0
TEXT
  5
59C
330
2
100
AcDbEntity
  8
GS09-výškopis-body podrobné-výšky-TISK
  6
Continuous
 62
    32
370
     0
100
AcDbText
 10
-595971.735
 20
-1158237.103
 30
0.0
 40
0.32
  1
5 77
 50
13.51
 41
0.8125
  7
Style-Arial Narrow
100
AcDbText
  0
TEXT
  5
59D
330
2
100
AcDbEntity
  8
GS09-výškopis-body podrobné-výšky-TISK
  6
Continuous
 62
    32
370
     0
100
AcDbText
 10
-595971.594
 20
-1158237.53
 30
0.0
 40
0.32
  1
5 71
 50
13.51
 41
0.8125
  7
Style-Arial Narrow
100
AcDbText
  0
TEXT
  5
59E
330
2
100
AcDbEntity
  8
GS09-výškopis-body podrobné-výšky-TISK
  6
Continuous
 62
    32
370
     0
100
AcDbText
 10
-595971.062
 20
-1158239.713
 30
0.0
 40
0.32
  1
5 69
 50
13.51
 41
0.8125
  7
Style-Arial Narrow
100
AcDbText
  0
TEXT
  5
59F
330
2
100
AcDbEntity
  8
GS09-výškopis-body podrobné-výšky-TISK
  6
Continuous
 62
    32
370
     0
100
AcDbText
 10
-595965.816
 20
-1158239.225
 30
0.0
 40
0.32
  1
5 59
 50
15.34
 41
0.8125
  7
Style-Arial Narrow
100
AcDbText
  0
TEXT
  5
5A0
330
2
100
AcDbEntity
  8
GS09-výškopis-body podrobné-výšky-TISK
  6
Continuous
 62
    32
370
     0
100
AcDbText
 10
-595966.243
 20
-1158237.502
 30
0.0
 40
0.32
  1
5 66
 50
15.34
 41
0.8125
  7
Style-Arial Narrow
100
AcDbText
  0
TEXT
  5
5A1
330
2
100
AcDbEntity
  8
GS09-výškopis-body podrobné-výšky-TISK
  6
Continuous
 62
    32
370
     0
100
AcDbText
 10
-595966.471
 20
-1158236.519
 30
0.0
 40
0.32
  1
5 71
 50
15.34
 41
0.8125
  7
Style-Arial Narrow
100
AcDbText
  0
TEXT
  5
5A2
330
2
100
AcDbEntity
  8
GS09-výškopis-body podrobné-výšky-TISK
  6
Continuous
 62
    32
370
     0
100
AcDbText
 10
-595963.973
 20
-1158234.948
 30
0.0
 40
0.32
  1
5 69
 50
15.34
 41
0.8125
  7
Style-Arial Narrow
100
AcDbText
  0
TEXT
  5
5A3
330
2
100
AcDbEntity
  8
GS09-výškopis-body podrobné-výšky-TISK
  6
Continuous
 62
    32
370
     0
100
AcDbText
 10
-595964.83
 20
-1158235.92
 30
0.0
 40
0.32
  1
5 71
 50
15.34
 41
0.8125
  7
Style-Arial Narrow
100
AcDbText
  0
TEXT
  5
5A4
330
2
100
AcDbEntity
  8
GS09-výškopis-body podrobné-výšky-TISK
  6
Continuous
 62
    32
370
     0
100
AcDbText
 10
-595969.403
 20
-1158224.787
 30
0.0
 40
0.32
  1
6 55
 50
15.34
 41
0.8125
  7
Style-Arial Narrow
100
AcDbText
  0
TEXT
  5
5A5
330
2
100
AcDbEntity
  8
GS09-výškopis-body podrobné-výšky-TISK
  6
Continuous
 62
    32
370
     0
100
AcDbText
 10
-595969.542
 20
-1158223.338
 30
0.0
 40
0.32
  1
6 59
 41
0.8125
  7
Style-Arial Narrow
100
AcDbText
  0
TEXT
  5
5A6
330
2
100
AcDbEntity
  8
GS09-výškopis-body podrobné-výšky-TISK
  6
Continuous
 62
    32
370
     0
100
AcDbText
 10
-595966.67
 20
-1158221.214
 30
0.0
 40
0.32
  1
6 20
 41
0.8125
  7
Style-Arial Narrow
100
AcDbText
  0
TEXT
  5
5A7
330
2
100
AcDbEntity
  8
GS09-výškopis-body podrobné-výšky-TISK
  6
Continuous
 62
    32
370
     0
100
AcDbText
 10
-595964.776
 20
-1158217.686
 30
0.0
 40
0.32
  1
5 94
 41
0.8125
  7
Style-Arial Narrow
100
AcDbText
  0
TEXT
  5
5A8
330
2
100
AcDbEntity
  8
GS09-výškopis-body podrobné-výšky-TISK
  6
Continuous
 62
    32
370
     0
100
AcDbText
 10
-595971.878
 20
-1158218.21
 30
0.0
 40
0.32
  1
6 77
 41
0.8125
  7
Style-Arial Narrow
100
AcDbText
  0
TEXT
  5
5A9
330
2
100
AcDbEntity
  8
GS09-výškopis-body podrobné-výšky-TISK
  6
Continuous
 62
    32
370
     0
100
AcDbText
 10
-595967.191
 20
-1158224.062
 30
0.0
 40
0.32
  1
8 25
 50
15.34
 41
0.8125
  7
Style-Arial Narrow
100
AcDbText
  0
TEXT
  5
5AA
330
2
100
AcDbEntity
  8
GS09-výškopis-body podrobné-výšky-TISK
  6
Continuous
 62
    32
370
     0
100
AcDbText
 10
-595970.541
 20
-1158212.293
 30
0.0
 40
0.32
  1
7 24
 41
0.8125
  7
Style-Arial Narrow
100
AcDbText
  0
TEXT
  5
5AB
330
2
100
AcDbEntity
  8
GS09-výškopis-body podrobné-výšky-TISK
  6
Continuous
 62
    32
370
     0
100
AcDbText
 10
-595980.264
 20
-1158249.542
 30
0.0
 40
0.32
  1
8 26
 50
275.74
 41
0.8125
  7
Style-Arial Narrow
100
AcDbText
  0
TEXT
  5
5AC
330
2
100
AcDbEntity
  8
GS09-výškopis-body podrobné-výšky-TISK
  6
Continuous
 62
    32
370
     0
100
AcDbText
 10
-595979.006
 20
-1158249.347
 30
0.0
 40
0.32
  1
8 26
 50
275.74
 41
0.8125
  7
Style-Arial Narrow
100
AcDbText
  0
TEXT
  5
5AD
330
2
100
AcDbEntity
  8
GS09-výškopis-body podrobné-výšky-TISK
  6
Continuous
 62
    32
370
     0
100
AcDbText
 10
-595977.512
 20
-1158249.139
 30
0.0
 40
0.32
  1
8 27
 50
275.74
 41
0.8125
  7
Style-Arial Narrow
100
AcDbText
  0
TEXT
  5
5AE
330
2
100
AcDbEntity
  8
GS09-výškopis-body podrobné-výšky-TISK
  6
Continuous
 62
    32
370
     0
100
AcDbText
 10
-595975.014
 20
-1158249.229
 30
0.0
 40
0.32
  1
8 29
 50
284.16
 41
0.8125
  7
Style-Arial Narrow
100
AcDbText
  0
TEXT
  5
5AF
330
2
100
AcDbEntity
  8
GS09-výškopis-body podrobné-výšky-TISK
  6
Continuous
 62
    32
370
     0
100
AcDbText
 10
-595975.613
 20
-1158248.959
 30
0.0
 40
0.32
  1
8 29
 50
284.16
 41
0.8125
  7
Style-Arial Narrow
100
AcDbText
  0
TEXT
  5
5B0
330
2
100
AcDbEntity
  8
GS09-výškopis-body podrobné-výšky-TISK
  6
Continuous
 62
    32
370
     0
100
AcDbText
 10
-595974.644
 20
-1158248.457
 30
0.0
 40
0.32
  1
8 28
 50
284.16
 41
0.8125
  7
Style-Arial Narrow
100
AcDbText
  0
TEXT
  5
5B1
330
2
100
AcDbEntity
  8
GS09-výškopis-body podrobné-výšky-TISK
  6
Continuous
 62
    32
370
     0
100
AcDbText
 10
-595969.633
 20
-1158245.283
 30
0.0
 40
0.32
  1
5 71
 50
13.51
 41
0.8125
  7
Style-Arial Narrow
100
AcDbText
  0
TEXT
  5
5B2
330
2
100
AcDbEntity
  8
GS09-výškopis-body podrobné-výšky-TISK
  6
Continuous
 62
    32
370
     0
100
AcDbText
 10
-595965.034
 20
-1158242.363
 30
0.0
 40
0.32
  1
5 71
 50
15.34
 41
0.8125
  7
Style-Arial Narrow
100
AcDbText
  0
TEXT
  5
5B3
330
2
100
AcDbEntity
  8
GS09-výškopis-body podrobné-výšky-TISK
  6
Continuous
 62
    32
370
     0
100
AcDbText
 10
-595959.808
 20
-1158235.621
 30
0.0
 40
0.32
  1
5 73
 50
15.34
 41
0.8125
  7
Style-Arial Narrow
100
AcDbText
  0
TEXT
  5
5B4
330
2
100
AcDbEntity
  8
GS09-výškopis-body podrobné-výšky-TISK
  6
Continuous
 62
    32
370
     0
100
AcDbText
 10
-595960.058
 20
-1158234.64
 30
0.0
 40
0.32
  1
5 74
 50
15.34
 41
0.8125
  7
Style-Arial Narrow
100
AcDbText
  0
TEXT
  5
5B5
330
2
100
AcDbEntity
  8
GS09-výškopis-body podrobné-výšky-TISK
  6
Continuous
 62
    32
370
     0
100
AcDbText
 10
-595958.466
 20
-1158233.593
 30
0.0
 40
0.32
  1
5 74
 50
15.34
 41
0.8125
  7
Style-Arial Narrow
100
AcDbText
  0
TEXT
  5
5B6
330
2
100
AcDbEntity
  8
GS09-výškopis-body podrobné-výšky-TISK
  6
Continuous
 62
    32
370
     0
100
AcDbText
 10
-595960.524
 20
-1158222.357
 30
0.0
 40
0.32
  1
6 25
 50
15.34
 41
0.8125
  7
Style-Arial Narrow
100
AcDbText
  0
TEXT
  5
5B7
330
2
100
AcDbEntity
  8
GS09-výškopis-body podrobné-výšky-TISK
  6
Continuous
 62
    32
370
     0
100
AcDbText
 10
-595960.69
 20
-1158221.71
 30
0.0
 40
0.32
  1
6 25
 50
15.34
 41
0.8125
  7
Style-Arial Narrow
100
AcDbText
  0
TEXT
  5
5B8
330
2
100
AcDbEntity
  8
GS09-výškopis-body podrobné-výšky-TISK
  6
Continuous
 62
    32
370
     0
100
AcDbText
 10
-595968.008
 20
-1158223.578
 30
0.0
 40
0.32
  1
6 25
 50
15.34
 41
0.8125
  7
Style-Arial Narrow
100
AcDbText
  0
TEXT
  5
5B9
330
2
100
AcDbEntity
  8
GS09-výškopis-body podrobné-výšky-TISK
  6
Continuous
 62
    32
370
     0
100
AcDbText
 10
-595959.764
 20
-1158220.833
 30
0.0
 40
0.32
  1
6 25
 41
0.8125
  7
Style-Arial Narrow
100
AcDbText
  0
TEXT
  5
5BA
330
2
100
AcDbEntity
  8
GS09-výškopis-body podrobné-výšky-TISK
  6
Continuous
 62
    32
370
     0
100
AcDbText
 10
-595959.736
 20
-1158217.293
 30
0.0
 40
0.32
  1
6 08
 41
0.8125
  7
Style-Arial Narrow
100
AcDbText
  0
TEXT
  5
5BB
330
2
100
AcDbEntity
  8
GS09-výškopis-body podrobné-výšky-TISK
  6
Continuous
 62
    32
370
     0
100
AcDbText
 10
-595959.923
 20
-1158211.588
 30
0.0
 40
0.32
  1
7 21
 41
0.8125
  7
Style-Arial Narrow
100
AcDbText
  0
TEXT
  5
5BC
330
2
100
AcDbEntity
  8
GS09-výškopis-body podrobné-výšky-TISK
  6
Continuous
 62
    32
370
     0
100
AcDbText
 10
-595980.388
 20
-1158211.299
 30
0.0
 40
0.32
  1
8 35
 50
270.0
 41
0.8125
  7
Style-Arial Narrow
100
AcDbText
  0
TEXT
  5
5BD
330
2
100
AcDbEntity
  8
GS09-výškopis-body podrobné-výšky-TISK
  6
Continuous
 62
    32
370
     0
100
AcDbText
 10
-595984.66
 20
-1158212.222
 30
0.0
 40
0.32
  1
8 35
 50
270.0
 41
0.8125
  7
Style-Arial Narrow
100
AcDbText
  0
TEXT
  5
5BE
330
2
100
AcDbEntity
  8
GS09-výškopis-body podrobné-výšky-TISK
  6
Continuous
 62
    32
370
     0
100
AcDbText
 10
-595984.259
 20
-1158204.695
 30
0.0
 40
0.32
  1
8 45
 50
270.0
 41
0.8125
  7
Style-Arial Narrow
100
AcDbText
  0
TEXT
  5
5BF
330
2
100
AcDbEntity
  8
GS09-výškopis-body podrobné-výšky-TISK
  6
Continuous
 62
    32
370
     0
100
AcDbText
 10
-595982.83
 20
-1158204.59
 30
0.0
 40
0.32
  1
8 45
 50
270.0
 41
0.8125
  7
Style-Arial Narrow
100
AcDbText
  0
TEXT
  5
5C0
330
2
100
AcDbEntity
  8
GS09-výškopis-body podrobné-výšky-TISK
  6
Continuous
 62
    32
370
     0
100
AcDbText
 10
-595985.383
 20
-1158204.745
 30
0.0
 40
0.32
  1
8 47
 50
270.0
 41
0.8125
  7
Style-Arial Narrow
100
AcDbText
  0
TEXT
  5
5C1
330
2
100
AcDbEntity
  8
GS09-výškopis-body podrobné-výšky-TISK
  6
Continuous
 62
    32
370
     0
100
AcDbText
 10
-595981.031
 20
-1158205.569
 30
0.0
 40
0.32
  1
8 48
 50
270.0
 41
0.8125
  7
Style-Arial Narrow
100
AcDbText
  0
TEXT
  5
5C2
330
2
100
AcDbEntity
  8
GS09-výškopis-body podrobné-výšky-TISK
  6
Continuous
 62
    32
370
     0
100
AcDbText
 10
-595981.151
 20
-1158204.477
 30
0.0
 40
0.32
  1
8 49
 50
270.0
 41
0.8125
  7
Style-Arial Narrow
100
AcDbText
  0
TEXT
  5
5C3
330
2
100
AcDbEntity
  8
GS09-výškopis-body podrobné-výšky-TISK
  6
Continuous
 62
    32
370
     0
100
AcDbText
 10
-595992.047
 20
-1158205.884
 30
0.0
 40
0.32
  1
8 64
 41
0.8125
  7
Style-Arial Narrow
100
AcDbText
  0
TEXT
  5
5C4
330
2
100
AcDbEntity
  8
GS09-výškopis-body podrobné-výšky-TISK
  6
Continuous
 62
    32
370
     0
100
AcDbText
 10
-595997.22
 20
-1158227.658
 30
0.0
 40
0.32
  1
8 47
 41
0.8125
  7
Style-Arial Narrow
100
AcDbText
  0
TEXT
  5
5C5
330
2
100
AcDbEntity
  8
GS09-výškopis-body podrobné-výšky-TISK
  6
Continuous
 62
    32
370
     0
100
AcDbText
 10
-595996.339
 20
-1158234.809
 30
0.0
 40
0.32
  1
8 47
 41
0.8125
  7
Style-Arial Narrow
100
AcDbText
  0
TEXT
  5
5C6
330
2
100
AcDbEntity
  8
GS09-výškopis-body podrobné-výšky-TISK
  6
Continuous
 62
    32
370
     0
100
AcDbText
 10
-595989.052
 20
-1158233.731
 30
0.0
 40
0.32
  1
8 51
 41
0.8125
  7
Style-Arial Narrow
100
AcDbText
  0
TEXT
  5
5C7
330
2
100
AcDbEntity
  8
GS09-výškopis-body podrobné-výšky-TISK
  6
Continuous
 62
    32
370
     0
100
AcDbText
 10
-595983.878
 20
-1158207.936
 30
0.0
 40
0.32
  1
8 41
 50
270.0
 41
0.8125
  7
Style-Arial Narrow
100
AcDbText
  0
TEXT
  5
5C8
330
2
100
AcDbEntity
  8
GS09-výškopis-body podrobné-výšky-TISK
  6
Continuous
 62
    32
370
     0
100
AcDbText
 10
-595977.149
 20
-1158222.797
 30
0.0
 40
0.32
  1
7 32
 41
0.8125
  7
Style-Arial Narrow
100
AcDbText
  0
TEXT
  5
5C9
330
2
100
AcDbEntity
  8
GS09-výškopis-body podrobné-výšky-TISK
  6
Continuous
 62
    32
370
     0
100
AcDbText
 10
-595985.093
 20
-1158207.397
 30
0.0
 40
0.32
  1
8 41
 50
270.0
 41
0.8125
  7
Style-Arial Narrow
100
AcDbText
  0
TEXT
  5
5CA
330
2
100
AcDbEntity
  8
GS10-popis-názvy ulic
  6
Continuous
 62
     7
370
     0
100
AcDbText
 10
-595986.773
 20
-1158227.397
 30
0.0
 40
0.6
  1
ul. Soběšická
 50
276.33
 41
0.966667
  7
Style-Arial Narrow
100
AcDbText
  0
TEXT
  5
5CC
330
2
100
AcDbEntity
  8
GS10-popis-objekty
  6
Continuous
 62
     7
370
     0
100
AcDbText
 10
-595963.667
 20
-1158226.823
 30
0.0
 40
0.46
  1
BYTOVÝ DŮM
 50
284.31
 41
0.956522
  7
Style-Arial Narrow
100
AcDbText
  0
TEXT
  5
5CE
330
2
100
AcDbEntity
  8
GS10-popis-objekty
  6
Continuous
 62
     7
370
     0
100
AcDbText
 10
-595974.239
 20
-1158240.089
 30
0.0
 40
0.46
  1
GARÁŽOVÉ BOXY
 50
284.31
 41
0.956522
  7
Style-Arial Narrow
100
AcDbText
  0
TEXT
  5
5CF
330
2
100
AcDbEntity
  8
GS10-popis-budovy-čísla popisná a orientační
  6
Continuous
 62
     7
370
     0
100
AcDbText
 10
-595964.6457
 20
-1158227.2642
 30
0.0
 40
0.38
  1
č. p. 1264, č. o. 104
 50
284.31
 41
0.947368
  7
Style-Arial Narrow IF
100
AcDbText
  0
TEXT
  5
5D1
330
2
100
AcDbEntity
  8
GS06-sítě-silové vedení_NEROZ
  6
Continuous
 62
     1
370
     0
100
AcDbText
 10
-595979.27
 20
-1158224.32
 30
0.0
 40
0.32
  1
el.
 41
0.875
  7
Style-Calibri IF
100
AcDbText
  0
TEXT
  5
5D3
330
2
100
AcDbEntity
  8
GS06-sítě-sdělovací vedení
  6
Continuous
 62
     6
370
     0
100
AcDbText
 10
-595982.639
 20
-1158224.497
 30
0.0
 40
0.32
  1
PRIS
 50
275.73
 41
0.875
  7
Style-Calibri IF
100
AcDbText
  0
TEXT
  5
5D4
330
2
100
AcDbEntity
  8
GS10-popis-objekty
  6
Continuous
 62
     7
370
     0
100
AcDbText
 10
-595977.077
 20
-1158244.025
 30
0.0
 40
0.46
  1
opěrná zeď
 50
284.19
 41
0.956522
  7
Style-Arial Narrow
100
AcDbText
  0
TEXT
  5
5D5
330
2
100
AcDbEntity
  8
GS10-popis-objekty
  6
Continuous
 62
     7
370
     0
100
AcDbText
 10
-595976.474
 20
-1158233.795
 30
0.0
 40
0.46
  1
opěrná zeď
 50
24.9
 41
0.956522
  7
Style-Arial Narrow
100
AcDbText
  0
TEXT
  5
5D6
330
2
100
AcDbEntity
  8
GS10-popis-plochy
  6
Continuous
 62
     7
370
     0
100
AcDbText
 10
-595985.747
 20
-1158228.009
 30
0.0
 40
0.32
  1
živičná vozovka
 50
276.33
 41
0.9375
  7
Style-Arial Narrow IF
100
AcDbText
  0
TEXT
  5
5D8
330
2
100
AcDbEntity
  8
GS10-popis-plochy
  6
Continuous
 62
     7
370
     0
100
AcDbText
 10
-595970.569
 20
-1158230.671
 30
0.0
 40
0.32
  1
živičná vozovka
 50
284.36
 41
0.9375
  7
Style-Arial Narrow IF
100
AcDbText
  0
TEXT
  5
5D9
330
2
100
AcDbEntity
  8
GS10-popis-plochy
  6
Continuous
 62
     7
370
     0
100
AcDbText
 10
-595983.791
 20
-1158210.056
 30
0.0
 40
0.32
  1
zámk. dlažba
 41
0.9375
  7
Style-Arial Narrow IF
100
AcDbText
  0
TEXT
  5
5DA
330
2
100
AcDbEntity
  8
GS10-popis-plochy
  6
Continuous
 62
     7
370
     0
100
AcDbText
 10
-595994.078
 20
-1158231.28
 30
0.0
 40
0.32
  1
zámk. dlažba
 50
23.23
 41
0.9375
  7
Style-Arial Narrow IF
100
AcDbText
  0
TEXT
  5
5DB
330
2
100
AcDbEntity
  8
GS10-popis-plochy
  6
Continuous
 62
     7
370
     0
100
AcDbText
 10
-595962.937
 20
-1158236.134
 30
0.0
 40
0.32
  1
zámk. dl.
 50
14.94
 41
0.9375
  7
Style-Arial Narrow IF
100
AcDbText
  0
TEXT
  5
5DC
330
2
100
AcDbEntity
  8
GS10-popis-plochy
  6
Continuous
 62
     7
370
     0
100
AcDbText
 10
-595966.133
 20
-1158228.884
 30
0.0
 40
0.32
  1
dlažba
 50
284.35
 41
0.9375
  7
Style-Arial Narrow IF
100
AcDbText
  0
TEXT
  5
5DD
330
2
100
AcDbEntity
  8
GS10-popis-plochy
  6
Continuous
 62
     7
370
     0
100
AcDbText
 10
-595983.297
 20
-1158205.194
 30
0.0
 40
0.32
  1
dl. chodník
 50
275.55
 41
0.9375
  7
Style-Arial Narrow IF
100
AcDbText
  0
TEXT
  5
5DE
330
2
100
AcDbEntity
  8
GS10-popis-plochy
  6
Continuous
 62
     7
370
     0
100
AcDbText
 10
-595976.133
 20
-1158235.361
 30
0.0
 40
0.32
  1
bet. plocha
 41
0.9375
  7
Style-Arial Narrow IF
100
AcDbText
  0
TEXT
  5
5DF
330
2
100
AcDbEntity
  8
GS09-výškopis-body podrobné-výšky-TISK
  6
Continuous
 62
    32
370
     0
100
AcDbText
 10
-595986.2392
 20
-1158206.1862
 30
0.0
 40
0.32
  1
8 40
 41
0.8125
  7
Style-Arial Narrow
100
AcDbText
  0
TEXT
  5
5E0
330
2
100
AcDbEntity
  8
GS09-výškopis-body podrobné-výšky-TISK
  6
Continuous
 62
    32
370
     0
100
AcDbText
 10
-595985.0718
 20
-1158206.2708
 30
0.0
 40
0.32
  1
8 43
 41
0.8125
  7
Style-Arial Narrow
100
AcDbText
  0
TEXT
  5
5E1
330
2
100
AcDbEntity
  8
GS09-výškopis-body podrobné-výšky-TISK
  6
Continuous
 62
    32
370
     0
100
AcDbText
 10
-595982.2252
 20
-1158205.3582
 30
0.0
 40
0.32
  1
8 46
 41
0.8125
  7
Style-Arial Narrow
100
AcDbText
  0
TEXT
  5
5E2
330
2
100
AcDbEntity
  8
GS09-výškopis-body podrobné-výšky-TISK
  6
Continuous
 62
    32
370
     0
100
AcDbText
 10
-595982.0662
 20
-1158211.4018
 30
0.0
 40
0.32
  1
8 36
 41
0.8125
  7
Style-Arial Narrow
100
AcDbText
  0
TEXT
  5
5E3
330
2
100
AcDbEntity
  8
GS09-výškopis-body podrobné-výšky-TISK
  6
Continuous
 62
    32
370
     0
100
AcDbText
 10
-595976.2095
 20
-1158237.6823
 30
0.0
 40
0.32
  1
5 98
 41
0.8125
  7
Style-Arial Narrow
100
AcDbText
  0
TEXT
  5
5E4
330
2
100
AcDbEntity
  8
GS09-výškopis-body podrobné-výšky-TISK
  6
Continuous
 62
    32
370
     0
100
AcDbText
 10
-595975.9985
 20
-1158238.3343
 30
0.0
 40
0.32
  1
5 96
 41
0.8125
  7
Style-Arial Narrow
100
AcDbText
  0
TEXT
  5
5E5
330
2
100
AcDbEntity
  8
GS09-výškopis-objekty-výšky
  6
Continuous
 62
     7
370
     0
100
AcDbText
 10
-595973.994
 20
-1158238.029
 30
0.0
 40
0.32
  1
střecha 258,47
 50
14.98
 41
0.9375
  7
Style-Arial Narrow
100
AcDbText
  0
TEXT
  5
5E7
330
2
100
AcDbEntity
  8
GS10-popis-body-BP+PMS-čísla
  6
Continuous
 62
     7
370
     0
100
AcDbText
 10
-595991.418
 20
-1158224.111
 30
0.0
 40
0.38
  1
4001
 41
0.947368
  7
Style-Arial Narrow
100
AcDbText
  0
TEXT
  5
5E9
330
2
100
AcDbEntity
  8
GS09-výškopis-body-BP+PMS-výšky
  6
Continuous
 62
    32
370
     0
100
AcDbText
 10
-595990.021
 20
-1158224.491
 30
0.0
 40
0.38
  1
258,60
 41
0.947368
  7
Style-Arial Narrow
100
AcDbText
  0
TEXT
  5
5EB
330
2
100
AcDbEntity
  8
GS10-popis-body-BP+PMS-čísla
  6
Continuous
 62
     7
370
     0
100
AcDbText
 10
-595973.029
 20
-1158234.754
 30
0.0
 40
0.38
  1
4002
 41
0.947368
  7
Style-Arial Narrow
100
AcDbText
  0
TEXT
  5
5EC
330
2
100
AcDbEntity
  8
GS09-výškopis-body-BP+PMS-výšky
  6
Continuous
 62
    32
370
     0
100
AcDbText
 10
-595971.632
 20
-1158235.134
 30
0.0
 40
0.38
  1
255,89
 41
0.947368
  7
Style-Arial Narrow
100
AcDbText
  0
INSERT
  5
5ED
330
2
100
AcDbEntity
  8
GS04-objekty-buňky
  6
Continuous
 62
     7
370
     0
100
AcDbBlockReference
  2
4.02_3
 10
-595963.3
 20
-1158229.2
 30
0.0
 41
200.0
 42
200.0
 43
200.0
  0
INSERT
  5
5F3
330
2
100
AcDbEntity
  8
GS04-objekty-buňky
  6
Continuous
 62
     7
370
     0
100
AcDbBlockReference
  2
4.02_4
 10
-595972.6
 20
-1158243.2
 30
0.0
 41
200.0
 42
200.0
 43
200.0
  0
INSERT
  5
5F8
330
2
100
AcDbEntity
  8
GS03-plochy nezpevněné-buňky
  6
Continuous
 62
    96
370
     0
100
AcDbBlockReference
  2
3.14_10
 10
-595978.34
 20
-1158228.75
 30
0.0
 41
200.0
 42
200.0
 43
200.0
  0
INSERT
  5
601
330
2
100
AcDbEntity
  8
GS03-plochy nezpevněné-buňky
  6
Continuous
 62
    96
370
     0
100
AcDbBlockReference
  2
3.14_11
 10
-595980.79
 20
-1158241.18
 30
0.0
 41
200.0
 42
200.0
 43
200.0
  0
INSERT
  5
609
330
2
100
AcDbEntity
  8
GS03-plochy nezpevněné-buňky
  6
Continuous
 62
    96
370
     0
100
AcDbBlockReference
  2
3.14_12
 10
-595977.78
 20
-1158242.63
 30
0.0
 41
200.0
 42
200.0
 43
200.0
  0
INSERT
  5
611
330
2
100
AcDbEntity
  8
GS03-plochy nezpevněné-buňky
  6
Continuous
 62
    96
370
     0
100
AcDbBlockReference
  2
3.14_13
 10
-595966.69
 20
-1158230.69
 30
0.0
 41
200.0
 42
200.0
 43
200.0
  0
INSERT
  5
619
330
2
100
AcDbEntity
  8
GS03-plochy nezpevněné-buňky
  6
Continuous
 62
    96
370
     0
100
AcDbBlockReference
  2
3.14_14
 10
-595971.61
 20
-1158215.16
 30
0.0
 41
200.0
 42
200.0
 43
200.0
  0
INSERT
  5
621
330
2
100
AcDbEntity
  8
GS03-plochy nezpevněné-buňky
  6
Continuous
 62
    96
370
     0
100
AcDbBlockReference
  2
3.14_15
 10
-595984.26
 20
-1158206.71
 30
0.0
 41
200.0
 42
200.0
 43
200.0
  0
INSERT
  5
629
330
2
100
AcDbEntity
  8
GS03-plochy nezpevněné-buňky
  6
Continuous
 62
    96
370
     0
100
AcDbBlockReference
  2
3.14_16
 10
-595981.57
 20
-1158205.46
 30
0.0
 41
200.0
 42
200.0
 43
200.0
  0
INSERT
  5
631
330
2
100
AcDbEntity
  8
GS03-plochy nezpevněné-buňky
  6
Continuous
 62
    96
370
     0
100
AcDbBlockReference
  2
3.14_17
 10
-595994.14
 20
-1158218.74
 30
0.0
 41
200.0
 42
200.0
 43
200.0
  0
INSERT
  5
639
330
2
100
AcDbEntity
  8
GS03-plochy nezpevněné-buňky
  6
Continuous
 62
    96
370
     0
100
AcDbBlockReference
  2
3.14_18
 10
-595990.71
 20
-1158244.1
 30
0.0
 41
200.0
 42
200.0
 43
200.0
  0
LINE
  5
641
330
2
100
AcDbEntity
  8
GS09-výškopis-šrafy svahů
  6
Continuous
 62
    30
370
     0
100
AcDbLine
 10
-595980.7
 20
-1158221.48
 30
0.0
 11
-595978.671
 21
-1158221.345
 31
0.0
  0
LINE
  5
643
330
2
100
AcDbEntity
  8
GS09-výškopis-šrafy svahů
  6
Continuous
 62
    30
370
     0
100
AcDbLine
 10
-595979.79
 20
-1158221.57
 30
0.0
 11
-595980.69
 21
-1158221.63
 31
0.0
  0
LINE
  5
644
330
2
100
AcDbEntity
  8
GS09-výškopis-šrafy svahů
  6
Continuous
 62
    30
370
     0
100
AcDbLine
 10
-595980.41
 20
-1158225.81
 30
0.0
 11
-595975.35
 21
-1158225.48
 31
0.0
  0
LINE
  5
645
330
2
100
AcDbEntity
  8
GS09-výškopis-šrafy svahů
  6
Continuous
 62
    30
370
     0
100
AcDbLine
 10
-595978.3
 20
-1158225.82
 30
0.0
 11
-595980.4
 21
-1158225.96
 31
0.0
  0
LINE
  5
646
330
2
100
AcDbEntity
  8
GS09-výškopis-šrafy svahů
  6
Continuous
 62
    30
370
     0
100
AcDbLine
 10
-595980.125
 20
-1158230.087
 30
0.0
 11
-595974.1
 21
-1158228.33
 31
0.0
  0
LINE
  5
647
330
2
100
AcDbEntity
  8
GS09-výškopis-šrafy svahů
  6
Continuous
 62
    30
370
     0
100
AcDbLine
 10
-595977.66
 20
-1158229.58
 30
0.0
 11
-595980.05
 21
-1158230.32
 31
0.0
  0
LINE
  5
648
330
2
100
AcDbEntity
  8
GS09-výškopis-šrafy svahů
  6
Continuous
 62
    30
370
     0
100
AcDbLine
 10
-595980.01
 20
-1158230.46
 30
0.0
 11
-595974.02
 21
-1158228.62
 31
0.0
  0
LINE
  5
649
330
2
100
AcDbEntity
  8
GS09-výškopis-šrafy svahů
  6
Continuous
 62
    30
370
     0
100
AcDbLine
 10
-595979.92
 20
-1158230.75
 30
0.0
 11
-595973.94
 21
-1158228.91
 31
0.0
  0
LINE
  5
64A
330
2
100
AcDbEntity
  8
GS09-výškopis-šrafy svahů
  6
Continuous
 62
    30
370
     0
100
AcDbLine
 10
-595979.84
 20
-1158231.04
 30
0.0
 11
-595973.87
 21
-1158229.19
 31
0.0
  0
LINE
  5
64B
330
2
100
AcDbEntity
  8
GS09-výškopis-šrafy svahů
  6
Continuous
 62
    30
370
     0
100
AcDbLine
 10
-595977.57
 20
-1158229.86
 30
0.0
 11
-595979.97
 21
-1158230.6
 31
0.0
  0
LINE
  5
64C
330
2
100
AcDbEntity
  8
GS09-výškopis-šrafy svahů
  6
Continuous
 62
    30
370
     0
100
AcDbLine
 10
-595977.49
 20
-1158230.15
 30
0.0
 11
-595979.88
 21
-1158230.89
 31
0.0
  0
LINE
  5
64D
330
2
100
AcDbEntity
  8
GS09-výškopis-šrafy svahů
  6
Continuous
 62
    30
370
     0
100
AcDbLine
 10
-595980.39
 20
-1158226.11
 30
0.0
 11
-595975.19
 21
-1158225.77
 31
0.0
  0
LINE
  5
64E
330
2
100
AcDbEntity
  8
GS09-výškopis-šrafy svahů
  6
Continuous
 62
    30
370
     0
100
AcDbLine
 10
-595980.37
 20
-1158226.41
 30
0.0
 11
-595975.04
 21
-1158226.05
 31
0.0
  0
LINE
  5
64F
330
2
100
AcDbEntity
  8
GS09-výškopis-šrafy svahů
  6
Continuous
 62
    30
370
     0
100
AcDbLine
 10
-595980.35
 20
-1158226.71
 30
0.0
 11
-595974.88
 21
-1158226.34
 31
0.0
  0
LINE
  5
650
330
2
100
AcDbEntity
  8
GS09-výškopis-šrafy svahů
  6
Continuous
 62
    30
370
     0
100
AcDbLine
 10
-595978.28
 20
-1158226.12
 30
0.0
 11
-595980.38
 21
-1158226.27
 31
0.0
  0
LINE
  5
651
330
2
100
AcDbEntity
  8
GS09-výškopis-šrafy svahů
  6
Continuous
 62
    30
370
     0
100
AcDbLine
 10
-595978.26
 20
-1158226.42
 30
0.0
 11
-595980.36
 21
-1158226.56
 31
0.0
  0
LINE
  5
652
330
2
100
AcDbEntity
  8
GS09-výškopis-šrafy svahů
  6
Continuous
 62
    30
370
     0
100
AcDbLine
 10
-595980.68
 20
-1158221.78
 30
0.0
 11
-595978.39
 21
-1158221.62
 31
0.0
  0
LINE
  5
653
330
2
100
AcDbEntity
  8
GS09-výškopis-šrafy svahů
  6
Continuous
 62
    30
370
     0
100
AcDbLine
 10
-595980.66
 20
-1158222.07
 30
0.0
 11
-595978.1
 21
-1158221.91
 31
0.0
  0
LINE
  5
654
330
2
100
AcDbEntity
  8
GS09-výškopis-šrafy svahů
  6
Continuous
 62
    30
370
     0
100
AcDbLine
 10
-595980.64
 20
-1158222.38
 30
0.0
 11
-595977.82
 21
-1158222.19
 31
0.0
  0
LINE
  5
655
330
2
100
AcDbEntity
  8
GS09-výškopis-šrafy svahů
  6
Continuous
 62
    30
370
     0
100
AcDbLine
 10
-595980.62
 20
-1158222.67
 30
0.0
 11
-595977.53
 21
-1158222.47
 31
0.0
  0
LINE
  5
656
330
2
100
AcDbEntity
  8
GS09-výškopis-šrafy svahů
  6
Continuous
 62
    30
370
     0
100
AcDbLine
 10
-595979.76
 20
-1158221.87
 30
0.0
 11
-595980.67
 21
-1158221.93
 31
0.0
  0
LINE
  5
657
330
2
100
AcDbEntity
  8
GS09-výškopis-šrafy svahů
  6
Continuous
 62
    30
370
     0
100
AcDbLine
 10
-595979.74
 20
-1158222.17
 30
0.0
 11
-595980.65
 21
-1158222.23
 31
0.0
  0
LINE
  5
658
330
2
100
AcDbEntity
  8
GS09-výškopis-šrafy svahů
  6
Continuous
 62
    30
370
     0
100
AcDbLine
 10
-595979.72
 20
-1158222.46
 30
0.0
 11
-595980.63
 21
-1158222.53
 31
0.0
  0
INSERT
  5
659
330
2
100
AcDbEntity
  8
GS09-výškopis-body podrobné-buňky-TISK
  6
Continuous
 62
    32
370
     0
100
AcDbBlockReference
  2
9.12_154
 10
-595975.72
 20
-1158246.973
 30
0.0
 41
200.0
 42
200.0
 43
200.0
  0
INSERT
  5
65F
330
2
100
AcDbEntity
  8
GS09-výškopis-body podrobné-buňky-TISK
  6
Continuous
 62
    32
370
     0
100
AcDbBlockReference
  2
9.12_155
 10
-595975.43
 20
-1158246.915
 30
0.0
 41
200.0
 42
200.0
 43
200.0
  0
INSERT
  5
664
330
2
100
AcDbEntity
  8
GS09-výškopis-body podrobné-buňky-TISK
  6
Continuous
 62
    32
370
     0
100
AcDbBlockReference
  2
9.12_156
 10
-595975.148
 20
-1158246.939
 30
0.0
 41
200.0
 42
200.0
 43
200.0
  0
INSERT
  5
669
330
2
100
AcDbEntity
  8
GS09-výškopis-body podrobné-buňky-TISK
  6
Continuous
 62
    32
370
     0
100
AcDbBlockReference
  2
9.12_157
 10
-595977.833
 20
-1158247.492
 30
0.0
 41
200.0
 42
200.0
 43
200.0
  0
INSERT
  5
66E
330
2
100
AcDbEntity
  8
GS09-výškopis-body podrobné-buňky-TISK
  6
Continuous
 62
    32
370
     0
100
AcDbBlockReference
  2
9.12_158
 10
-595979.315
 20
-1158247.727
 30
0.0
 41
200.0
 42
200.0
 43
200.0
  0
INSERT
  5
673
330
2
100
AcDbEntity
  8
GS09-výškopis-body podrobné-buňky-TISK
  6
Continuous
 62
    32
370
     0
100
AcDbBlockReference
  2
9.12_159
 10
-595980.506
 20
-1158247.982
 30
0.0
 41
200.0
 42
200.0
 43
200.0
  0
INSERT
  5
678
330
2
100
AcDbEntity
  8
GS09-výškopis-body podrobné-buňky-TISK
  6
Continuous
 62
    32
370
     0
100
AcDbBlockReference
  2
9.12_160
 10
-595987.667
 20
-1158247.603
 30
0.0
 41
200.0
 42
200.0
 43
200.0
  0
INSERT
  5
67D
330
2
100
AcDbEntity
  8
GS09-výškopis-body podrobné-buňky-TISK
  6
Continuous
 62
    32
370
     0
100
AcDbBlockReference
  2
9.12_161
 10
-595977.83
 20
-1158238.63
 30
0.0
 41
200.0
 42
200.0
 43
200.0
  0
INSERT
  5
682
330
2
100
AcDbEntity
  8
GS09-výškopis-body podrobné-buňky-TISK
  6
Continuous
 62
    32
370
     0
100
AcDbBlockReference
  2
9.12_162
 10
-595977.565
 20
-1158238.565
 30
0.0
 41
200.0
 42
200.0
 43
200.0
  0
INSERT
  5
687
330
2
100
AcDbEntity
  8
GS09-výškopis-body podrobné-buňky-TISK
  6
Continuous
 62
    32
370
     0
100
AcDbBlockReference
  2
9.12_163
 10
-595979.185
 20
-1158238.361
 30
0.0
 41
200.0
 42
200.0
 43
200.0
  0
INSERT
  5
68C
330
2
100
AcDbEntity
  8
GS09-výškopis-body podrobné-buňky-TISK
  6
Continuous
 62
    32
370
     0
100
AcDbBlockReference
  2
9.12_164
 10
-595980.645
 20
-1158238.391
 30
0.0
 41
200.0
 42
200.0
 43
200.0
  0
INSERT
  5
691
330
2
100
AcDbEntity
  8
GS09-výškopis-body podrobné-buňky-TISK
  6
Continuous
 62
    32
370
     0
100
AcDbBlockReference
  2
9.12_165
 10
-595981.629
 20
-1158238.423
 30
0.0
 41
200.0
 42
200.0
 43
200.0
  0
INSERT
  5
696
330
2
100
AcDbEntity
  8
GS09-výškopis-body podrobné-buňky-TISK
  6
Continuous
 62
    32
370
     0
100
AcDbBlockReference
  2
9.12_166
 10
-595978.947
 20
-1158233.905
 30
0.0
 41
200.0
 42
200.0
 43
200.0
  0
INSERT
  5
69B
330
2
100
AcDbEntity
  8
GS09-výškopis-body podrobné-buňky-TISK
  6
Continuous
 62
    32
370
     0
100
AcDbBlockReference
  2
9.12_167
 10
-595978.505
 20
-1158233.703
 30
0.0
 41
200.0
 42
200.0
 43
200.0
  0
INSERT
  5
6A0
330
2
100
AcDbEntity
  8
GS09-výškopis-body podrobné-buňky-TISK
  6
Continuous
 62
    32
370
     0
100
AcDbBlockReference
  2
9.12_168
 10
-595978.849
 20
-1158233.194
 30
0.0
 41
200.0
 42
200.0
 43
200.0
  0
INSERT
  5
6A5
330
2
100
AcDbEntity
  8
GS09-výškopis-body podrobné-buňky-TISK
  6
Continuous
 62
    32
370
     0
100
AcDbBlockReference
  2
9.12_169
 10
-595978.719
 20
-1158232.804
 30
0.0
 41
200.0
 42
200.0
 43
200.0
  0
INSERT
  5
6AA
330
2
100
AcDbEntity
  8
GS09-výškopis-body podrobné-buňky-TISK
  6
Continuous
 62
    32
370
     0
100
AcDbBlockReference
  2
9.12_170
 10
-595980.125
 20
-1158230.087
 30
0.0
 41
200.0
 42
200.0
 43
200.0
  0
INSERT
  5
6AF
330
2
100
AcDbEntity
  8
GS09-výškopis-body podrobné-buňky-TISK
  6
Continuous
 62
    32
370
     0
100
AcDbBlockReference
  2
9.12_171
 10
-595981.52
 20
-1158230.343
 30
0.0
 41
200.0
 42
200.0
 43
200.0
  0
INSERT
  5
6B4
330
2
100
AcDbEntity
  8
GS09-výškopis-body podrobné-buňky-TISK
  6
Continuous
 62
    32
370
     0
100
AcDbBlockReference
  2
9.12_172
 10
-595984.64
 20
-1158208.378
 30
0.0
 41
200.0
 42
200.0
 43
200.0
  0
INSERT
  5
6B9
330
2
100
AcDbEntity
  8
GS09-výškopis-body podrobné-buňky-TISK
  6
Continuous
 62
    32
370
     0
100
AcDbBlockReference
  2
9.12_173
 10
-595991.467
 20
-1158209.662
 30
0.0
 41
200.0
 42
200.0
 43
200.0
  0
INSERT
  5
6BE
330
2
100
AcDbEntity
  8
GS09-výškopis-body podrobné-buňky-TISK
  6
Continuous
 62
    32
370
     0
100
AcDbBlockReference
  2
9.12_174
 10
-595990.526
 20
-1158219.645
 30
0.0
 41
200.0
 42
200.0
 43
200.0
  0
INSERT
  5
6C3
330
2
100
AcDbEntity
  8
GS09-výškopis-body podrobné-buňky-TISK
  6
Continuous
 62
    32
370
     0
100
AcDbBlockReference
  2
9.12_175
 10
-595991.458
 20
-1158226.473
 30
0.0
 41
200.0
 42
200.0
 43
200.0
  0
INSERT
  5
6C8
330
2
100
AcDbEntity
  8
GS09-výškopis-body podrobné-buňky-TISK
  6
Continuous
 62
    32
370
     0
100
AcDbBlockReference
  2
9.12_176
 10
-595993.672
 20
-1158227.483
 30
0.0
 41
200.0
 42
200.0
 43
200.0
  0
INSERT
  5
6CD
330
2
100
AcDbEntity
  8
GS09-výškopis-body podrobné-buňky-TISK
  6
Continuous
 62
    32
370
     0
100
AcDbBlockReference
  2
9.12_177
 10
-595993.923
 20
-1158234.043
 30
0.0
 41
200.0
 42
200.0
 43
200.0
  0
INSERT
  5
6D2
330
2
100
AcDbEntity
  8
GS09-výškopis-body podrobné-buňky-TISK
  6
Continuous
 62
    32
370
     0
100
AcDbBlockReference
  2
9.12_178
 10
-595990.888
 20
-1158232.74
 30
0.0
 41
200.0
 42
200.0
 43
200.0
  0
INSERT
  5
6D7
330
2
100
AcDbEntity
  8
GS09-výškopis-body podrobné-buňky-TISK
  6
Continuous
 62
    32
370
     0
100
AcDbBlockReference
  2
9.12_179
 10
-595989.85
 20
-1158232.852
 30
0.0
 41
200.0
 42
200.0
 43
200.0
  0
INSERT
  5
6DC
330
2
100
AcDbEntity
  8
GS09-výškopis-body podrobné-buňky-TISK
  6
Continuous
 62
    32
370
     0
100
AcDbBlockReference
  2
9.12_180
 10
-595989.149
 20
-1158234.21
 30
0.0
 41
200.0
 42
200.0
 43
200.0
  0
INSERT
  5
6E1
330
2
100
AcDbEntity
  8
GS09-výškopis-body podrobné-buňky-TISK
  6
Continuous
 62
    32
370
     0
100
AcDbBlockReference
  2
9.12_181
 10
-595987.991
 20
-1158245.522
 30
0.0
 41
200.0
 42
200.0
 43
200.0
  0
INSERT
  5
6E6
330
2
100
AcDbEntity
  8
GS09-výškopis-body podrobné-buňky-TISK
  6
Continuous
 62
    32
370
     0
100
AcDbBlockReference
  2
9.12_182
 10
-595965.214
 20
-1158238.981
 30
0.0
 41
200.0
 42
200.0
 43
200.0
  0
INSERT
  5
6EB
330
2
100
AcDbEntity
  8
GS09-výškopis-body podrobné-buňky-TISK
  6
Continuous
 62
    32
370
     0
100
AcDbBlockReference
  2
9.12_183
 10
-595968.802
 20
-1158224.545
 30
0.0
 41
200.0
 42
200.0
 43
200.0
  0
INSERT
  5
6F0
330
2
100
AcDbEntity
  8
GS09-výškopis-body podrobné-buňky-TISK
  6
Continuous
 62
    32
370
     0
100
AcDbBlockReference
  2
9.12_184
 10
-595968.837
 20
-1158223.246
 30
0.0
 41
200.0
 42
200.0
 43
200.0
  0
INSERT
  5
6F5
330
2
100
AcDbEntity
  8
GS09-výškopis-body podrobné-buňky-TISK
  6
Continuous
 62
    32
370
     0
100
AcDbBlockReference
  2
9.12_185
 10
-595966.374
 20
-1158221.373
 30
0.0
 41
200.0
 42
200.0
 43
200.0
  0
INSERT
  5
6FA
330
2
100
AcDbEntity
  8
GS09-výškopis-body podrobné-buňky-TISK
  6
Continuous
 62
    32
370
     0
100
AcDbBlockReference
  2
9.12_186
 10
-595964.589
 20
-1158217.292
 30
0.0
 41
200.0
 42
200.0
 43
200.0
  0
INSERT
  5
6FF
330
2
100
AcDbEntity
  8
GS09-výškopis-body podrobné-buňky-TISK
  6
Continuous
 62
    32
370
     0
100
AcDbBlockReference
  2
9.12_187
 10
-595970.249
 20
-1158212.421
 30
0.0
 41
200.0
 42
200.0
 43
200.0
  0
INSERT
  5
704
330
2
100
AcDbEntity
  8
GS09-výškopis-body podrobné-buňky-TISK
  6
Continuous
 62
    32
370
     0
100
AcDbBlockReference
  2
9.12_188
 10
-595989.22
 20
-1158233.588
 30
0.0
 41
200.0
 42
200.0
 43
200.0
  0
INSERT
  5
709
330
2
100
AcDbEntity
  8
GS09-výškopis-kóty na objektech-buňky
  6
Continuous
 62
     7
370
     0
100
AcDbBlockReference
  2
9.14_1
 10
-595971.791
 20
-1158237.103
 30
0.0
 41
200.0
 42
200.0
 43
200.0
  0
TEXT
  5
70F
330
2
100
AcDbEntity
  8
GS10-popis-plochy
  6
Continuous
 62
     7
370
     0
100
AcDbText
 10
-595979.37
 20
-1158242.387
 30
0.0
 40
0.32
  1
dlažděný chodník
 50
278.11
 41
0.9375
  7
Style-Arial Narrow IF
100
AcDbText
  0
ENDSEC
  0
SECTION
  2
OBJECTS
  0
DICTIONARY
  5
9
330
0
100
AcDbDictionary
281
     1
  3
ACAD_COLOR
350
4C
  3
ACAD_GROUP
350
39
  3
ACAD_LAYOUT
350
17
  3
ACAD_MATERIAL
350
B
  3
ACAD_MLEADERSTYLE
350
4F
  3
ACAD_MLINESTYLE
350
3A
  3
ACAD_PLOTSETTINGS
350
3B
  3
ACAD_PLOTSTYLENAME
350
8
  3
ACAD_SCALELIST
350
4D
  3
ACAD_TABLESTYLE
350
4E
  3
ACAD_VISUALSTYLE
350
33
  3
ACDB_RECOMPOSE_DATA
350
715
  3
AcDbVariableDictionary
350
50
  0
DICTIONARY
  5
24
330
23
100
AcDbDictionary
280
     1
281
     1
  3
ACAD_LAYERFILTERS
360
25
  3
ACAD_LAYERSTATES
360
26
  3
ACLYDICTIONARY
360
27
  0
DICTIONARY
  5
5
330
4
100
AcDbDictionary
280
     1
281
     1
  3
ADSK_XREC_LAYER_RECONCILED
360
6
  0
DICTIONARY
  5
712
330
2
100
AcDbDictionary
280
     1
281
     1
  3
ACAD_SORTENTS
360
713
  0
DICTIONARY
  5
1B
330
1A
100
AcDbDictionary
280
     1
281
     1
  3
ACAD_SORTENTS
360
1C
  0
DICTIONARY
  5
54B
330
54A
100
AcDbDictionary
280
     1
281
     1
  3
ACAD_SORTENTS
360
710
  0
DICTIONARY
  5
553
330
552
100
AcDbDictionary
280
     1
281
     1
  3
ACAD_SORTENTS
360
711
  0
DICTIONARY
  5
4C
102
{ACAD_REACTORS
330
9
102
}
330
9
100
AcDbDictionary
281
     1
  0
DICTIONARY
  5
39
102
{ACAD_REACTORS
330
9
102
}
330
9
100
AcDbDictionary
281
     1
  0
DICTIONARY
  5
17
102
{ACAD_REACTORS
330
9
102
}
330
9
100
AcDbDictionary
281
     1
  3
Model
350
16
  3
Tisk A3
350
1F
  0
DICTIONARY
  5
B
102
{ACAD_REACTORS
330
9
102
}
330
9
100
AcDbDictionary
281
     1
  3
ByBlock
350
44
  3
ByLayer
350
3C
  3
Global
350
A
  0
DICTIONARY
  5
4F
102
{ACAD_REACTORS
330
9
102
}
330
9
100
AcDbDictionary
281
     1
  0
DICTIONARY
  5
3A
102
{ACAD_REACTORS
330
9
102
}
330
9
100
AcDbDictionary
281
     1
  3
Standard
350
6A
  0
DICTIONARY
  5
3B
102
{ACAD_REACTORS
330
9
102
}
330
9
100
AcDbDictionary
281
     1
  0
ACDBDICTIONARYWDFLT
  5
8
102
{ACAD_REACTORS
330
9
102
}
330
9
100
AcDbDictionary
281
     1
  3
Normal
350
7
100
AcDbDictionaryWithDefault
340
7
  0
DICTIONARY
  5
4D
102
{ACAD_REACTORS
330
9
102
}
330
9
100
AcDbDictionary
281
     1
  3
*A1
350
70
  3
A0
350
71
  3
A1
350
72
  3
A2
350
73
  3
A3
350
74
  3
A4
350
75
  3
A5
350
76
  3
A6
350
77
  3
A7
350
78
  3
A8
350
79
  3
A9
350
7A
  3
B0
350
7B
  3
B1
350
7C
  3
B2
350
7D
  3
B3
350
7E
  3
B4
350
7F
  3
B5
350
80
  3
B6
350
81
  3
B7
350
82
  3
B8
350
83
  3
B9
350
84
  3
C0
350
85
  3
C1
350
86
  3
C2
350
87
  3
C3
350
88
  3
C4
350
89
  3
C5
350
8A
  3
C6
350
8B
  3
C7
350
8C
  3
C8
350
8D
  3
C9
350
8E
  3
D0
350
8F
  3
D1
350
90
  3
D2
350
91
  0
DICTIONARY
  5
4E
102
{ACAD_REACTORS
330
9
102
}
330
9
100
AcDbDictionary
281
     1
  3
Standard
350
6B
  0
DICTIONARY
  5
33
102
{ACAD_REACTORS
330
9
102
}
330
9
100
AcDbDictionary
281
     1
  3
2dWireframe
350
32
  3
Realistic
350
6D
  3
Wireframe
350
6E
  0
XRECORD
  5
715
102
{ACAD_REACTORS
330
9
102
}
330
9
100
AcDbXrecord
280
     1
 90
        1
330
6B
  0
DICTIONARY
  5
50
102
{ACAD_REACTORS
330
9
102
}
330
9
100
AcDbDictionary
281
     1
  3
CANNOSCALE
350
51
  3
CMLEADERSTYLE
350
52
  3
CTABLESTYLE
350
53
  3
CVIEWDETAILSTYLE
350
54
  3
CVIEWSECTIONSTYLE
350
55
  3
DIMASSOC
350
56
  3
HIDETEXT
350
57
  3
LAYEREVAL
350
58
  3
LAYERNOTIFY
350
59
  3
MSLTSCALE
350
5A
  3
PDFFRAME
350
5B
  0
DICTIONARY
  5
25
102
{ACAD_REACTORS
330
24
102
}
330
24
100
AcDbDictionary
281
     1
  0
DICTIONARY
  5
26
102
{ACAD_REACTORS
330
24
102
}
330
24
100
AcDbDictionary
281
     1
  0
DICTIONARY
  5
27
102
{ACAD_REACTORS
330
24
102
}
330
24
100
AcDbDictionary
281
     1
  0
XRECORD
  5
6
102
{ACAD_REACTORS
330
5
102
}
330
5
100
AcDbXrecord
280
     1
290
     1
  0
SORTENTSTABLE
  5
713
102
{ACAD_REACTORS
330
712
102
}
330
712
100
AcDbSortentsTable
330
2
  0
SORTENTSTABLE
  5
1C
102
{ACAD_REACTORS
330
1B
102
}
330
1B
100
AcDbSortentsTable
330
1A
  0
SORTENTSTABLE
  5
710
102
{ACAD_REACTORS
330
54B
102
}
330
54B
100
AcDbSortentsTable
330
54A
331
54E
  5
54F
331
54F
  5
54E
  0
SORTENTSTABLE
  5
711
102
{ACAD_REACTORS
330
553
102
}
330
553
100
AcDbSortentsTable
330
552
331
556
  5
557
331
557
  5
556
  0
LAYOUT
  5
16
102
{ACAD_XDICTIONARY
360
18
102
}
102
{ACAD_REACTORS
330
17
102
}
330
17
100
AcDbPlotSettings
  1

  2
none_device
  4
ANSI_A_(8.50_x_11.00_Inches)
  6

 40
6.35
 41
19.049999
 42
6.350006
 43
19.049988
 44
215.899994
 45
279.399994
 46
0.0
 47
0.0
 48
0.0
 49
0.0
140
0.0
141
0.0
142
1.0
143
2.584895
 70
 11952
 72
     0
 73
     1
 74
     0
  7

 75
     0
147
0.386863
 76
     0
 77
     2
 78
   300
148
0.0
149
0.0
100
AcDbLayout
  1
Model
 70
     1
 71
     0
 10
0.0
 20
0.0
 11
12.0
 21
9.0
 12
0.0
 22
0.0
 32
0.0
 14
0.0
 24
0.0
 34
0.0
 15
0.0
 25
0.0
 35
0.0
146
0.0
 13
0.0
 23
0.0
 33
0.0
 16
1.0
 26
0.0
 36
0.0
 17
0.0
 27
1.0
 37
0.0
 76
     0
330
2
331
31
  0
LAYOUT
  5
1F
102
{ACAD_XDICTIONARY
360
20
102
}
102
{ACAD_REACTORS
330
17
102
}
330
17
100
AcDbPlotSettings
  1

  2
none_device
  4
Letter_(8.50_x_11.00_Inches)
  6

 40
6.35
 41
6.35
 42
6.350006
 43
6.350006
 44
215.899994
 45
279.399994
 46
0.0
 47
0.0
 48
0.0
 49
0.0
140
0.0
141
0.0
142
1.0
143
1.0
 70
   688
 72
     0
 73
     1
 74
     5
  7

 75
    16
147
1.0
 76
     0
 77
     2
 78
   300
148
0.0
149
0.0
100
AcDbLayout
  1
Tisk A3
 70
     1
 71
     1
 10
-0.25
 20
-0.25
 11
10.75
 21
8.25
 12
0.0
 22
0.0
 32
0.0
 14
1.05
 24
0.8
 34
0.0
 15
9.45
 25
7.2
 35
0.0
146
0.0
 13
0.0
 23
0.0
 33
0.0
 16
1.0
 26
0.0
 36
0.0
 17
0.0
 27
1.0
 37
0.0
 76
     0
330
1A
1001
ACAD_PSEXT
1000
None
1000
None
1000
Not applicable
1000
The layout will not be plotted unless a new plotter configuration name is selected.
1070
     0
1001
AcadAnnoAV
1070
     1
  0
MATERIAL
  5
44
102
{ACAD_XDICTIONARY
360
45
102
}
102
{ACAD_REACTORS
330
B
102
}
330
B
100
AcDbMaterial
  1
ByBlock
 72
     0
 43
0.020833
 43
0.0
 43
0.0
 43
0.0
 43
0.0
 43
0.020833
 43
0.0
 43
0.0
 43
0.0
 43
0.0
 43
1.0
 43
0.0
 43
0.0
 43
0.0
 43
0.0
 43
1.0
 77
     0
 47
0.020833
 47
0.0
 47
0.0
 47
0.0
 47
0.0
 47
0.020833
 47
0.0
 47
0.0
 47
0.0
 47
0.0
 47
1.0
 47
0.0
 47
0.0
 47
0.0
 47
0.0
 47
1.0
171
     0
 49
0.020833
 49
0.0
 49
0.0
 49
0.0
 49
0.0
 49
0.020833
 49
0.0
 49
0.0
 49
0.0
 49
0.0
 49
1.0
 49
0.0
 49
0.0
 49
0.0
 49
0.0
 49
1.0
175
     0
142
0.020833
142
0.0
142
0.0
142
0.0
142
0.0
142
0.020833
142
0.0
142
0.0
142
0.0
142
0.0
142
1.0
142
0.0
142
0.0
142
0.0
142
0.0
142
1.0
179
     0
144
0.020833
144
0.0
144
0.0
144
0.0
144
0.0
144
0.020833
144
0.0
144
0.0
144
0.0
144
0.0
144
1.0
144
0.0
144
0.0
144
0.0
144
0.0
144
1.0
147
0.020833
147
0.0
147
0.0
147
0.0
147
0.0
147
0.020833
147
0.0
147
0.0
147
0.0
147
0.0
147
1.0
147
0.0
147
0.0
147
0.0
147
0.0
147
1.0
  0
MATERIAL
  5
3C
102
{ACAD_XDICTIONARY
360
3D
102
}
102
{ACAD_REACTORS
330
B
102
}
330
B
100
AcDbMaterial
  1
ByLayer
 72
     0
 43
0.020833
 43
0.0
 43
0.0
 43
0.0
 43
0.0
 43
0.020833
 43
0.0
 43
0.0
 43
0.0
 43
0.0
 43
1.0
 43
0.0
 43
0.0
 43
0.0
 43
0.0
 43
1.0
 77
     0
 47
0.020833
 47
0.0
 47
0.0
 47
0.0
 47
0.0
 47
0.020833
 47
0.0
 47
0.0
 47
0.0
 47
0.0
 47
1.0
 47
0.0
 47
0.0
 47
0.0
 47
0.0
 47
1.0
171
     0
 49
0.020833
 49
0.0
 49
0.0
 49
0.0
 49
0.0
 49
0.020833
 49
0.0
 49
0.0
 49
0.0
 49
0.0
 49
1.0
 49
0.0
 49
0.0
 49
0.0
 49
0.0
 49
1.0
175
     0
142
0.020833
142
0.0
142
0.0
142
0.0
142
0.0
142
0.020833
142
0.0
142
0.0
142
0.0
142
0.0
142
1.0
142
0.0
142
0.0
142
0.0
142
0.0
142
1.0
179
     0
144
0.020833
144
0.0
144
0.0
144
0.0
144
0.0
144
0.020833
144
0.0
144
0.0
144
0.0
144
0.0
144
1.0
144
0.0
144
0.0
144
0.0
144
0.0
144
1.0
147
0.020833
147
0.0
147
0.0
147
0.0
147
0.0
147
0.020833
147
0.0
147
0.0
147
0.0
147
0.0
147
1.0
147
0.0
147
0.0
147
0.0
147
0.0
147
1.0
  0
MATERIAL
  5
A
102
{ACAD_XDICTIONARY
360
C
102
}
102
{ACAD_REACTORS
330
B
102
}
330
B
100
AcDbMaterial
  1
Global
 72
     0
 43
0.020833
 43
0.0
 43
0.0
 43
0.0
 43
0.0
 43
0.020833
 43
0.0
 43
0.0
 43
0.0
 43
0.0
 43
1.0
 43
0.0
 43
0.0
 43
0.0
 43
0.0
 43
1.0
 77
     0
 47
0.020833
 47
0.0
 47
0.0
 47
0.0
 47
0.0
 47
0.020833
 47
0.0
 47
0.0
 47
0.0
 47
0.0
 47
1.0
 47
0.0
 47
0.0
 47
0.0
 47
0.0
 47
1.0
171
     0
 49
0.020833
 49
0.0
 49
0.0
 49
0.0
 49
0.0
 49
0.020833
 49
0.0
 49
0.0
 49
0.0
 49
0.0
 49
1.0
 49
0.0
 49
0.0
 49
0.0
 49
0.0
 49
1.0
175
     0
142
0.020833
142
0.0
142
0.0
142
0.0
142
0.0
142
0.020833
142
0.0
142
0.0
142
0.0
142
0.0
142
1.0
142
0.0
142
0.0
142
0.0
142
0.0
142
1.0
179
     0
144
0.020833
144
0.0
144
0.0
144
0.0
144
0.0
144
0.020833
144
0.0
144
0.0
144
0.0
144
0.0
144
1.0
144
0.0
144
0.0
144
0.0
144
0.0
144
1.0
147
0.020833
147
0.0
147
0.0
147
0.0
147
0.0
147
0.020833
147
0.0
147
0.0
147
0.0
147
0.0
147
1.0
147
0.0
147
0.0
147
0.0
147
0.0
147
1.0
  0
MLINESTYLE
  5
6A
102
{ACAD_REACTORS
330
3A
102
}
330
3A
100
AcDbMlineStyle
  2
STANDARD
 70
     0
  3

 62
   256
 51
90.0
 52
90.0
 71
     2
 49
0.5
 62
   256
  6
BYLAYER
 49
-0.5
 62
   256
  6
BYLAYER
  0
ACDBPLACEHOLDER
  5
7
102
{ACAD_REACTORS
330
8
102
}
330
8
  0
SCALE
  5
70
102
{ACAD_REACTORS
330
4D
102
}
330
4D
100
AcDbScale
 70
     0
300
1:200
140
1.0
141
200.0
290
     0
  0
SCALE
  5
71
102
{ACAD_REACTORS
330
4D
102
}
330
4D
100
AcDbScale
 70
     0
300
1:1
140
1.0
141
1.0
290
     1
  0
SCALE
  5
72
102
{ACAD_REACTORS
330
4D
102
}
330
4D
100
AcDbScale
 70
     0
300
1:2
140
1.0
141
2.0
290
     0
  0
SCALE
  5
73
102
{ACAD_REACTORS
330
4D
102
}
330
4D
100
AcDbScale
 70
     0
300
1:4
140
1.0
141
4.0
290
     0
  0
SCALE
  5
74
102
{ACAD_REACTORS
330
4D
102
}
330
4D
100
AcDbScale
 70
     0
300
1:5
140
1.0
141
5.0
290
     0
  0
SCALE
  5
75
102
{ACAD_REACTORS
330
4D
102
}
330
4D
100
AcDbScale
 70
     0
300
1:8
140
1.0
141
8.0
290
     0
  0
SCALE
  5
76
102
{ACAD_REACTORS
330
4D
102
}
330
4D
100
AcDbScale
 70
     0
300
1:10
140
1.0
141
10.0
290
     0
  0
SCALE
  5
77
102
{ACAD_REACTORS
330
4D
102
}
330
4D
100
AcDbScale
 70
     0
300
1:16
140
1.0
141
16.0
290
     0
  0
SCALE
  5
78
102
{ACAD_REACTORS
330
4D
102
}
330
4D
100
AcDbScale
 70
     0
300
1:20
140
1.0
141
20.0
290
     0
  0
SCALE
  5
79
102
{ACAD_REACTORS
330
4D
102
}
330
4D
100
AcDbScale
 70
     0
300
1:30
140
1.0
141
30.0
290
     0
  0
SCALE
  5
7A
102
{ACAD_REACTORS
330
4D
102
}
330
4D
100
AcDbScale
 70
     0
300
1:40
140
1.0
141
40.0
290
     0
  0
SCALE
  5
7B
102
{ACAD_REACTORS
330
4D
102
}
330
4D
100
AcDbScale
 70
     0
300
1:50
140
1.0
141
50.0
290
     0
  0
SCALE
  5
7C
102
{ACAD_REACTORS
330
4D
102
}
330
4D
100
AcDbScale
 70
     0
300
1:100
140
1.0
141
100.0
290
     0
  0
SCALE
  5
7D
102
{ACAD_REACTORS
330
4D
102
}
330
4D
100
AcDbScale
 70
     0
300
2:1
140
2.0
141
1.0
290
     0
  0
SCALE
  5
7E
102
{ACAD_REACTORS
330
4D
102
}
330
4D
100
AcDbScale
 70
     0
300
4:1
140
4.0
141
1.0
290
     0
  0
SCALE
  5
7F
102
{ACAD_REACTORS
330
4D
102
}
330
4D
100
AcDbScale
 70
     0
300
8:1
140
8.0
141
1.0
290
     0
  0
SCALE
  5
80
102
{ACAD_REACTORS
330
4D
102
}
330
4D
100
AcDbScale
 70
     0
300
10:1
140
10.0
141
1.0
290
     0
  0
SCALE
  5
81
102
{ACAD_REACTORS
330
4D
102
}
330
4D
100
AcDbScale
 70
     0
300
100:1
140
100.0
141
1.0
290
     0
  0
SCALE
  5
82
102
{ACAD_REACTORS
330
4D
102
}
330
4D
100
AcDbScale
 70
     0
300
1/128" = 1'-0"
140
0.007813
141
12.0
290
     0
  0
SCALE
  5
83
102
{ACAD_REACTORS
330
4D
102
}
330
4D
100
AcDbScale
 70
     0
300
1/64" = 1'-0"
140
0.015625
141
12.0
290
     0
  0
SCALE
  5
84
102
{ACAD_REACTORS
330
4D
102
}
330
4D
100
AcDbScale
 70
     0
300
1/32" = 1'-0"
140
0.03125
141
12.0
290
     0
  0
SCALE
  5
85
102
{ACAD_REACTORS
330
4D
102
}
330
4D
100
AcDbScale
 70
     0
300
1/16" = 1'-0"
140
0.0625
141
12.0
290
     0
  0
SCALE
  5
86
102
{ACAD_REACTORS
330
4D
102
}
330
4D
100
AcDbScale
 70
     0
300
3/32" = 1'-0"
140
0.09375
141
12.0
290
     0
  0
SCALE
  5
87
102
{ACAD_REACTORS
330
4D
102
}
330
4D
100
AcDbScale
 70
     0
300
1/8" = 1'-0"
140
0.125
141
12.0
290
     0
  0
SCALE
  5
88
102
{ACAD_REACTORS
330
4D
102
}
330
4D
100
AcDbScale
 70
     0
300
3/16" = 1'-0"
140
0.1875
141
12.0
290
     0
  0
SCALE
  5
89
102
{ACAD_REACTORS
330
4D
102
}
330
4D
100
AcDbScale
 70
     0
300
1/4" = 1'-0"
140
0.25
141
12.0
290
     0
  0
SCALE
  5
8A
102
{ACAD_REACTORS
330
4D
102
}
330
4D
100
AcDbScale
 70
     0
300
3/8" = 1'-0"
140
0.375
141
12.0
290
     0
  0
SCALE
  5
8B
102
{ACAD_REACTORS
330
4D
102
}
330
4D
100
AcDbScale
 70
     0
300
1/2" = 1'-0"
140
0.5
141
12.0
290
     0
  0
SCALE
  5
8C
102
{ACAD_REACTORS
330
4D
102
}
330
4D
100
AcDbScale
 70
     0
300
3/4" = 1'-0"
140
0.75
141
12.0
290
     0
  0
SCALE
  5
8D
102
{ACAD_REACTORS
330
4D
102
}
330
4D
100
AcDbScale
 70
     0
300
1" = 1'-0"
140
1.0
141
12.0
290
     0
  0
SCALE
  5
8E
102
{ACAD_REACTORS
330
4D
102
}
330
4D
100
AcDbScale
 70
     0
300
1-1/2" = 1'-0"
140
1.5
141
12.0
290
     0
  0
SCALE
  5
8F
102
{ACAD_REACTORS
330
4D
102
}
330
4D
100
AcDbScale
 70
     0
300
3" = 1'-0"
140
3.0
141
12.0
290
     0
  0
SCALE
  5
90
102
{ACAD_REACTORS
330
4D
102
}
330
4D
100
AcDbScale
 70
     0
300
6" = 1'-0"
140
6.0
141
12.0
290
     0
  0
SCALE
  5
91
102
{ACAD_REACTORS
330
4D
102
}
330
4D
100
AcDbScale
 70
     0
300
1'-0" = 1'-0"
140
12.0
141
12.0
290
     0
  0
TABLESTYLE
  5
6B
102
{ACAD_XDICTIONARY
360
6C
102
}
102
{ACAD_REACTORS
330
4E
102
}
330
4E
100
AcDbTableStyle
280
     0
  3
Standard
 70
     0
 71
     0
 40
0.06
 41
0.06
280
     0
281
     0
  7
Standard
140
0.18
170
     2
 62
     0
 63
     7
283
     0
 90
        4
 91
        0
  1

274
    -2
284
     1
 64
     0
275
    -2
285
     1
 65
     0
276
    -2
286
     1
 66
     0
277
    -2
287
     1
 67
     0
278
    -2
288
     1
 68
     0
279
    -2
289
     1
 69
     0
  7
Standard
140
0.25
170
     5
 62
     0
 63
     7
283
     0
 90
        4
 91
        0
  1

274
    -2
284
     1
 64
     0
275
    -2
285
     1
 65
     0
276
    -2
286
     1
 66
     0
277
    -2
287
     1
 67
     0
278
    -2
288
     1
 68
     0
279
    -2
289
     1
 69
     0
  7
Standard
140
0.18
170
     5
 62
     0
 63
     7
283
     0
 90
        4
 91
        0
  1

274
    -2
284
     1
 64
     0
275
    -2
285
     1
 65
     0
276
    -2
286
     1
 66
     0
277
    -2
287
     1
 67
     0
278
    -2
288
     1
 68
     0
279
    -2
289
     1
 69
     0
  0
VISUALSTYLE
  5
32
102
{ACAD_REACTORS
330
33
102
}
330
33
100
AcDbVisualStyle
  2
2dWireframe
 70
     4
177
     3
291
     0
 70
    58
 90
        0
176
     1
 90
        2
176
     1
 90
        0
176
     1
 90
        0
176
     1
 40
0.6
176
     1
 40
30.0
176
     1
 62
     7
420
 16777215
176
     1
 90
        1
176
     1
 90
        4
176
     1
 62
     7
176
     1
 62
   257
176
     1
 90
        1
176
     1
 90
        1
176
     1
 40
1.0
176
     1
 90
        0
176
     1
 62
   257
176
     1
 40
1.0
176
     1
 90
        1
176
     1
 90
        6
176
     1
 90
        2
176
     1
 62
     7
176
     1
 90
        5
176
     1
 90
        0
176
     1
 90
        0
176
     1
290
     0
176
     1
 90
        1
176
     1
 40
0.0
176
     1
 90
        0
176
     1
290
     1
176
     1
290
     1
176
     1
290
     0
176
     1
290
     0
176
     1
290
     0
176
     1
290
     0
176
     1
290
     0
176
     1
290
     0
176
     1
290
     0
176
     1
 90
       50
176
     1
 40
0.0
176
     1
 40
1.0
176
     1
 90
        0
176
     1
 62
    18
420
        0
176
     1
 90
       50
176
     1
 90
        3
176
     1
 62
     5
420
      255
176
     1
290
     0
176
     1
 90
       50
176
     1
 90
       50
176
     1
 90
       50
176
     1
290
     0
176
     1
 90
       50
176
     1
 62
   256
176
     0
 40
1.0
176
     0
 90
        2
176
     1
  1
strokes_ogs.tif
176
     1
290
     0
176
     1
 40
1.0
176
     1
 40
1.0
176
     1
  0
VISUALSTYLE
  5
6D
102
{ACAD_REACTORS
330
33
102
}
330
33
100
AcDbVisualStyle
  2
Realistic
 70
     8
177
     3
291
     0
 70
    58
 90
        2
176
     1
 90
        2
176
     1
 90
        0
176
     1
 90
        0
176
     1
 40
0.6
176
     1
 40
30.0
176
     1
 62
     7
420
 16777215
176
     1
 90
        1
176
     1
 90
        0
176
     1
 62
     7
176
     1
 62
   257
176
     1
 90
        1
176
     1
 90
        1
176
     1
 40
1.0
176
     1
 90
        8
176
     1
 62
     8
420
  7895160
176
     1
 40
1.0
176
     1
 90
        1
176
     1
 90
        6
176
     1
 90
        2
176
     1
 62
     7
176
     1
 90
        5
176
     1
 90
        0
176
     1
 90
        0
176
     1
290
     0
176
     1
 90
       13
176
     1
 40
0.0
176
     1
 90
        0
176
     1
290
     0
176
     1
290
     1
176
     1
290
     1
176
     1
290
     0
176
     1
290
     0
176
     1
290
     0
176
     1
290
     0
176
     1
290
     0
176
     1
290
     0
176
     1
 90
       50
176
     1
 40
0.0
176
     1
 40
1.0
176
     1
 90
        0
176
     1
 62
    18
420
        0
176
     1
 90
       50
176
     1
 90
        3
176
     1
 62
     5
420
      255
176
     1
290
     0
176
     1
 90
       50
176
     1
 90
       50
176
     1
 90
       50
176
     1
290
     0
176
     1
 90
       50
176
     1
 62
   256
176
     0
 40
1.0
176
     0
 90
        2
176
     1
  1
strokes_ogs.tif
176
     1
290
     0
176
     1
 40
1.0
176
     1
 40
1.0
176
     1
  0
VISUALSTYLE
  5
6E
102
{ACAD_REACTORS
330
33
102
}
330
33
100
AcDbVisualStyle
  2
Wireframe
 70
     5
177
     3
291
     0
 70
    58
 90
        0
176
     1
 90
        2
176
     1
 90
        0
176
     1
 90
        0
176
     1
 40
0.6
176
     1
 40
30.0
176
     1
 62
     7
420
 16777215
176
     1
 90
        1
176
     1
 90
        4
176
     1
 62
     7
176
     1
 62
   257
176
     1
 90
        1
176
     1
 90
        1
176
     1
 40
1.0
176
     1
 90
        0
176
     1
 62
   257
176
     1
 40
1.0
176
     1
 90
        1
176
     1
 90
        6
176
     1
 90
        2
176
     1
 62
     7
176
     1
 90
        3
176
     1
 90
        0
176
     1
 90
        0
176
     1
290
     0
176
     1
 90
        1
176
     1
 40
0.0
176
     1
 90
        0
176
     1
290
     0
176
     1
290
     1
176
     1
290
     1
176
     1
290
     0
176
     1
290
     0
176
     1
290
     0
176
     1
290
     0
176
     1
290
     0
176
     1
290
     0
176
     1
 90
       50
176
     1
 40
0.0
176
     1
 40
1.0
176
     1
 90
        0
176
     1
 62
    18
420
        0
176
     1
 90
       50
176
     1
 90
        3
176
     1
 62
     5
420
      255
176
     1
290
     0
176
     1
 90
       50
176
     1
 90
       50
176
     1
 90
       50
176
     1
290
     0
176
     1
 90
       50
176
     1
 62
   256
176
     0
 40
1.0
176
     0
 90
        2
176
     1
  1
strokes_ogs.tif
176
     1
290
     0
176
     1
 40
1.0
176
     1
 40
1.0
176
     1
  0
DICTIONARYVAR
  5
51
102
{ACAD_REACTORS
330
50
102
}
330
50
100
DictionaryVariables
280
     0
  1
1:200
  0
DICTIONARYVAR
  5
52
102
{ACAD_REACTORS
330
50
102
}
330
50
100
DictionaryVariables
280
     0
  1
STANDARD
  0
DICTIONARYVAR
  5
53
102
{ACAD_REACTORS
330
50
102
}
330
50
100
DictionaryVariables
280
     0
  1
STANDARD
  0
DICTIONARYVAR
  5
54
102
{ACAD_REACTORS
330
50
102
}
330
50
100
DictionaryVariables
280
     0
  1

  0
DICTIONARYVAR
  5
55
102
{ACAD_REACTORS
330
50
102
}
330
50
100
DictionaryVariables
280
     0
  1

  0
DICTIONARYVAR
  5
56
102
{ACAD_REACTORS
330
50
102
}
330
50
100
DictionaryVariables
280
     0
  1
2
  0
DICTIONARYVAR
  5
57
102
{ACAD_REACTORS
330
50
102
}
330
50
100
DictionaryVariables
280
     0
  1
1
  0
DICTIONARYVAR
  5
58
102
{ACAD_REACTORS
330
50
102
}
330
50
100
DictionaryVariables
280
     0
  1
1
  0
DICTIONARYVAR
  5
59
102
{ACAD_REACTORS
330
50
102
}
330
50
100
DictionaryVariables
280
     0
  1
15
  0
DICTIONARYVAR
  5
5A
102
{ACAD_REACTORS
330
50
102
}
330
50
100
DictionaryVariables
280
     0
  1
0
  0
DICTIONARYVAR
  5
5B
102
{ACAD_REACTORS
330
50
102
}
330
50
100
DictionaryVariables
280
     0
  1
1
  0
DICTIONARY
  5
18
330
16
100
AcDbDictionary
280
     1
281
     1
  0
DICTIONARY
  5
20
330
1F
100
AcDbDictionary
280
     1
281
     1
  0
DICTIONARY
  5
45
330
44
100
AcDbDictionary
280
     1
281
     1
  3
BUMPTILE
360
46
  3
DIFFUSETILE
360
47
  3
OPACITYTILE
360
48
  3
REFLECTIONTILE
360
49
  3
REFRACTIONTILE
360
4A
  3
SPECULARTILE
360
4B
  0
DICTIONARY
  5
3D
330
3C
100
AcDbDictionary
280
     1
281
     1
  3
BUMPTILE
360
3E
  3
DIFFUSETILE
360
3F
  3
OPACITYTILE
360
40
  3
REFLECTIONTILE
360
41
  3
REFRACTIONTILE
360
42
  3
SPECULARTILE
360
43
  0
DICTIONARY
  5
C
330
A
100
AcDbDictionary
280
     1
281
     1
  3
BUMPTILE
360
D
  3
DIFFUSETILE
360
E
  3
OPACITYTILE
360
F
  3
REFLECTIONTILE
360
10
  3
REFRACTIONTILE
360
11
  3
SPECULARTILE
360
12
  0
DICTIONARY
  5
6C
330
6B
100
AcDbDictionary
280
     1
281
     1
  3
ACAD_ROUNDTRIP_2008_TABLESTYLE_CELLSTYLEMAP
360
714
  0
XRECORD
  5
46
102
{ACAD_REACTORS
330
45
102
}
330
45
100
AcDbXrecord
280
     1
270
     1
271
     1
  0
XRECORD
  5
47
102
{ACAD_REACTORS
330
45
102
}
330
45
100
AcDbXrecord
280
     1
270
     1
271
     1
  0
XRECORD
  5
48
102
{ACAD_REACTORS
330
45
102
}
330
45
100
AcDbXrecord
280
     1
270
     1
271
     1
  0
XRECORD
  5
49
102
{ACAD_REACTORS
330
45
102
}
330
45
100
AcDbXrecord
280
     1
270
     1
271
     1
  0
XRECORD
  5
4A
102
{ACAD_REACTORS
330
45
102
}
330
45
100
AcDbXrecord
280
     1
270
     1
271
     1
  0
XRECORD
  5
4B
102
{ACAD_REACTORS
330
45
102
}
330
45
100
AcDbXrecord
280
     1
270
     1
271
     1
  0
XRECORD
  5
3E
102
{ACAD_REACTORS
330
3D
102
}
330
3D
100
AcDbXrecord
280
     1
270
     1
271
     1
  0
XRECORD
  5
3F
102
{ACAD_REACTORS
330
3D
102
}
330
3D
100
AcDbXrecord
280
     1
270
     1
271
     1
  0
XRECORD
  5
40
102
{ACAD_REACTORS
330
3D
102
}
330
3D
100
AcDbXrecord
280
     1
270
     1
271
     1
  0
XRECORD
  5
41
102
{ACAD_REACTORS
330
3D
102
}
330
3D
100
AcDbXrecord
280
     1
270
     1
271
     1
  0
XRECORD
  5
42
102
{ACAD_REACTORS
330
3D
102
}
330
3D
100
AcDbXrecord
280
     1
270
     1
271
     1
  0
XRECORD
  5
43
102
{ACAD_REACTORS
330
3D
102
}
330
3D
100
AcDbXrecord
280
     1
270
     1
271
     1
  0
XRECORD
  5
D
102
{ACAD_REACTORS
330
C
102
}
330
C
100
AcDbXrecord
280
     1
270
     1
271
     1
  0
XRECORD
  5
E
102
{ACAD_REACTORS
330
C
102
}
330
C
100
AcDbXrecord
280
     1
270
     1
271
     1
  0
XRECORD
  5
F
102
{ACAD_REACTORS
330
C
102
}
330
C
100
AcDbXrecord
280
     1
270
     1
271
     1
  0
XRECORD
  5
10
102
{ACAD_REACTORS
330
C
102
}
330
C
100
AcDbXrecord
280
     1
270
     1
271
     1
  0
XRECORD
  5
11
102
{ACAD_REACTORS
330
C
102
}
330
C
100
AcDbXrecord
280
     1
270
     1
271
     1
  0
XRECORD
  5
12
102
{ACAD_REACTORS
330
C
102
}
330
C
100
AcDbXrecord
280
     1
270
     1
271
     1
  0
CELLSTYLEMAP
  5
714
102
{ACAD_REACTORS
330
6C
102
}
330
6C
100
AcDbCellStyleMap
 90
        3
300
CELLSTYLE
  1
TABLEFORMAT_BEGIN
 90
        5
170
     1
 91
        0
 92
    32768
 62
   257
 93
        1
300
CONTENTFORMAT
  1
CONTENTFORMAT_BEGIN
 90
        0
 91
        0
 92
        4
 93
        0
300

 40
0.0
140
1.0
 94
        5
 62
     0
340
29
144
0.25
309
CONTENTFORMAT_END
171
     0
 94
        6
 95
        1
302
GRIDFORMAT
  1
GRIDFORMAT_BEGIN
 90
        0
 91
        1
 62
     0
 92
       -2
340
0
 93
        0
 40
0.045
309
GRIDFORMAT_END
 95
        2
302
GRIDFORMAT
  1
GRIDFORMAT_BEGIN
 90
        0
 91
        1
 62
     0
 92
       -2
340
0
 93
        0
 40
0.045
309
GRIDFORMAT_END
 95
        4
302
GRIDFORMAT
  1
GRIDFORMAT_BEGIN
 90
        0
 91
        1
 62
     0
 92
       -2
340
0
 93
        0
 40
0.045
309
GRIDFORMAT_END
 95
        8
302
GRIDFORMAT
  1
GRIDFORMAT_BEGIN
 90
        0
 91
        1
 62
     0
 92
       -2
340
0
 93
        0
 40
0.045
309
GRIDFORMAT_END
 95
       16
302
GRIDFORMAT
  1
GRIDFORMAT_BEGIN
 90
        0
 91
        1
 62
     0
 92
       -2
340
0
 93
        0
 40
0.045
309
GRIDFORMAT_END
 95
       32
302
GRIDFORMAT
  1
GRIDFORMAT_BEGIN
 90
        0
 91
        1
 62
     0
 92
       -2
340
0
 93
        0
 40
0.045
309
GRIDFORMAT_END
309
TABLEFORMAT_END
  1
CELLSTYLE_BEGIN
 90
        1
 91
        1
300
_TITLE
309
CELLSTYLE_END
300
CELLSTYLE
  1
TABLEFORMAT_BEGIN
 90
        5
170
     1
 91
        0
 92
        0
 62
   257
 93
        1
300
CONTENTFORMAT
  1
CONTENTFORMAT_BEGIN
 90
        0
 91
        0
 92
        4
 93
        0
300

 40
0.0
140
1.0
 94
        5
 62
     0
340
29
144
0.18
309
CONTENTFORMAT_END
171
     0
 94
        6
 95
        1
302
GRIDFORMAT
  1
GRIDFORMAT_BEGIN
 90
        0
 91
        1
 62
     0
 92
       -2
340
0
 93
        0
 40
0.045
309
GRIDFORMAT_END
 95
        2
302
GRIDFORMAT
  1
GRIDFORMAT_BEGIN
 90
        0
 91
        1
 62
     0
 92
       -2
340
0
 93
        0
 40
0.045
309
GRIDFORMAT_END
 95
        4
302
GRIDFORMAT
  1
GRIDFORMAT_BEGIN
 90
        0
 91
        1
 62
     0
 92
       -2
340
0
 93
        0
 40
0.045
309
GRIDFORMAT_END
 95
        8
302
GRIDFORMAT
  1
GRIDFORMAT_BEGIN
 90
        0
 91
        1
 62
     0
 92
       -2
340
0
 93
        0
 40
0.045
309
GRIDFORMAT_END
 95
       16
302
GRIDFORMAT
  1
GRIDFORMAT_BEGIN
 90
        0
 91
        1
 62
     0
 92
       -2
340
0
 93
        0
 40
0.045
309
GRIDFORMAT_END
 95
       32
302
GRIDFORMAT
  1
GRIDFORMAT_BEGIN
 90
        0
 91
        1
 62
     0
 92
       -2
340
0
 93
        0
 40
0.045
309
GRIDFORMAT_END
309
TABLEFORMAT_END
  1
CELLSTYLE_BEGIN
 90
        2
 91
        1
300
_HEADER
309
CELLSTYLE_END
300
CELLSTYLE
  1
TABLEFORMAT_BEGIN
 90
        5
170
     1
 91
        0
 92
        0
 62
   257
 93
        1
300
CONTENTFORMAT
  1
CONTENTFORMAT_BEGIN
 90
        0
 91
        0
 92
        4
 93
        0
300

 40
0.0
140
1.0
 94
        2
 62
     0
340
29
144
0.18
309
CONTENTFORMAT_END
171
     0
 94
        6
 95
        1
302
GRIDFORMAT
  1
GRIDFORMAT_BEGIN
 90
        0
 91
        1
 62
     0
 92
       -2
340
0
 93
        0
 40
0.045
309
GRIDFORMAT_END
 95
        2
302
GRIDFORMAT
  1
GRIDFORMAT_BEGIN
 90
        0
 91
        1
 62
     0
 92
       -2
340
0
 93
        0
 40
0.045
309
GRIDFORMAT_END
 95
        4
302
GRIDFORMAT
  1
GRIDFORMAT_BEGIN
 90
        0
 91
        1
 62
     0
 92
       -2
340
0
 93
        0
 40
0.045
309
GRIDFORMAT_END
 95
        8
302
GRIDFORMAT
  1
GRIDFORMAT_BEGIN
 90
        0
 91
        1
 62
     0
 92
       -2
340
0
 93
        0
 40
0.045
309
GRIDFORMAT_END
 95
       16
302
GRIDFORMAT
  1
GRIDFORMAT_BEGIN
 90
        0
 91
        1
 62
     0
 92
       -2
340
0
 93
        0
 40
0.045
309
GRIDFORMAT_END
 95
       32
302
GRIDFORMAT
  1
GRIDFORMAT_BEGIN
 90
        0
 91
        1
 62
     0
 92
       -2
340
0
 93
        0
 40
0.045
309
GRIDFORMAT_END
309
TABLEFORMAT_END
  1
CELLSTYLE_BEGIN
 90
        3
 91
        2
300
_DATA
309
CELLSTYLE_END
  0
ENDSEC
  0
SECTION
  2
ACDSDATA
 70
     2
 71
     8
  0
ACDSSCHEMA
 90
        0
  1
AcDb_Thumbnail_Schema
  2
AcDbDs::ID
280
    10
 91
        8
  2
Thumbnail_Data
280
    15
 91
        0
101
ACDSRECORD
 95
        0
 90
        1
  2
AcDbDs::TreatedAsObjectData
280
     1
291
     1
101
ACDSRECORD
 95
        0
 90
        2
  2
AcDbDs::Legacy
280
     1
291
     1
101
ACDSRECORD
  1
AcDbDs::ID
 90
        3
  2
AcDs:Indexable
280
     1
291
     1
101
ACDSRECORD
  1
AcDbDs::ID
 90
        4
  2
AcDbDs::HandleAttribute
280
     7
282
     1
  0
ACDSSCHEMA
 90
        1
  1
AcDbDs::TreatedAsObjectDataSchema
  2
AcDbDs::TreatedAsObjectData
280
     1
 91
        0
  0
ACDSSCHEMA
 90
        2
  1
AcDbDs::LegacySchema
  2
AcDbDs::Legacy
280
     1
 91
        0
  0
ACDSSCHEMA
 90
        3
  1
AcDbDs::IndexedPropertySchema
  2
AcDs:Indexable
280
     1
 91
        0
  0
ACDSSCHEMA
 90
        4
  1
AcDbDs::HandleAttributeSchema
  2
AcDbDs::HandleAttribute
280
     7
 91
        1
284
     1
  0
ACDSRECORD
 90
        0
  2
AcDbDs::ID
280
    10
320
1F
  2
Thumbnail_Data
280
    15
 94
     1183
310
89504E470D0A1A0A0000000D4948445200000100000000C508030000008CFEDCE700000300504C5445FFFFFF000000FFFFFF0000000000000000000000000000000000000000000000000000330000660000990000CC0000FF0033000033330033660033990033CC0033FF0066000066330066660066990066CC0066FF0099
310
000099330099660099990099CC0099FF00CC0000CC3300CC6600CC9900CCCC00CCFF00FF0000FF3300FF6600FF9900FFCC00FFFF3300003300333300663300993300CC3300FF3333003333333333663333993333CC3333FF3366003366333366663366993366CC3366FF3399003399333399663399993399CC3399FF33CC00
310
33CC3333CC6633CC9933CCCC33CCFF33FF0033FF3333FF6633FF9933FFCC33FFFF6600006600336600666600996600CC6600FF6633006633336633666633996633CC6633FF6666006666336666666666996666CC6666FF6699006699336699666699996699CC6699FF66CC0066CC3366CC6666CC9966CCCC66CCFF66FF0066
310
FF3366FF6666FF9966FFCC66FFFF9900009900339900669900999900CC9900FF9933009933339933669933999933CC9933FF9966009966339966669966999966CC9966FF9999009999339999669999999999CC9999FF99CC0099CC3399CC6699CC9999CCCC99CCFF99FF0099FF3399FF6699FF9999FFCC99FFFFCC0000CC00
310
33CC0066CC0099CC00CCCC00FFCC3300CC3333CC3366CC3399CC33CCCC33FFCC6600CC6633CC6666CC6699CC66CCCC66FFCC9900CC9933CC9966CC9999CC99CCCC99FFCCCC00CCCC33CCCC66CCCC99CCCCCCCCCCFFCCFF00CCFF33CCFF66CCFF99CCFFCCCCFFFFFF0000FF0033FF0066FF0099FF00CCFF00FFFF3300FF3333
310
FF3366FF3399FF33CCFF33FFFF6600FF6633FF6666FF6699FF66CCFF66FFFF9900FF9933FF9966FF9999FF99CCFF99FFFFCC00FFCC33FFCC66FFCC99FFCCCCFFCCFFFFFF00FFFF33FFFF66FFFF99FFFFCCFFFFFF0000000D0D0D1A1A1A2828283535354343435050505D5D5D6B6B6B787878868686939393A1A1A1AEAEAEBB
310
BBBBC9C9C9D6D6D6E4E4E4F1F1F1FFFFFF000000000000000000000000000000000000000000000000000000000000790CAC0F0000015A4944415478DAEDD8410A8340100440FFFFCCF9C09EE61E104224896014844D579F64F420A587DE592A3A632CD5C101100F500500C0F36ACDF6D636BFCEEBAEF9E9177D0788FBF600
310
000000000000004D1000000000000000100F50FB4F4C9E8B5578FAFF0300000000000000000000000000000000B00BD069000D0000000000000000A009020000000000000000000000000000000052013A0DA001000000000000000000A8C2000000000000000000000000000000402A40FC420400000000000000002016C0
310
5900000000000000000000000000000000C803885F88000000000000000000C402380B0000000000000000000000000000000000E2003A0DA0010000000000000000344100000000000000000000000000000000C0E7C660F21C04080D0000000000000000C01F54DE73151900000000000000D0AFCDCFB6227CDDAB1C9CD7
310
5DF3D32FAA0902000000C00A109E658C110DF0000E6CC6FBCCF8EC2E0000000049454E44AE426082
  0
ACDSRECORD
 90
        0
  2
AcDbDs::ID
280
    10
320
16
  2
Thumbnail_Data
280
    15
 94
     1017
310
89504E470D0A1A0A0000000D4948445200000100000000890803000000F46416F000000300504C5445FEFCF0000000FFFFFF0000000000000000000000000000000000000000000000000000330000660000990000CC0000FF0033000033330033660033990033CC0033FF0066000066330066660066990066CC0066FF0099
310
000099330099660099990099CC0099FF00CC0000CC3300CC6600CC9900CCCC00CCFF00FF0000FF3300FF6600FF9900FFCC00FFFF3300003300333300663300993300CC3300FF3333003333333333663333993333CC3333FF3366003366333366663366993366CC3366FF3399003399333399663399993399CC3399FF33CC00
310
33CC3333CC6633CC9933CCCC33CCFF33FF0033FF3333FF6633FF9933FFCC33FFFF6600006600336600666600996600CC6600FF6633006633336633666633996633CC6633FF6666006666336666666666996666CC6666FF6699006699336699666699996699CC6699FF66CC0066CC3366CC6666CC9966CCCC66CCFF66FF0066
310
FF3366FF6666FF9966FFCC66FFFF9900009900339900669900999900CC9900FF9933009933339933669933999933CC9933FF9966009966339966669966999966CC9966FF9999009999339999669999999999CC9999FF99CC0099CC3399CC6699CC9999CCCC99CCFF99FF0099FF3399FF6699FF9999FFCC99FFFFCC0000CC00
310
33CC0066CC0099CC00CCCC00FFCC3300CC3333CC3366CC3399CC33CCCC33FFCC6600CC6633CC6666CC6699CC66CCCC66FFCC9900CC9933CC9966CC9999CC99CCCC99FFCCCC00CCCC33CCCC66CCCC99CCCCCCCCCCFFCCFF00CCFF33CCFF66CCFF99CCFFCCCCFFFFFF0000FF0033FF0066FF0099FF00CCFF00FFFF3300FF3333
310
FF3366FF3399FF33CCFF33FFFF6600FF6633FF6666FF6699FF66CCFF66FFFF9900FF9933FF9966FF9999FF99CCFF99FFFFCC00FFCC33FFCC66FFCC99FFCCCCFFCCFFFFFF00FFFF33FFFF66FFFF99FFFFCCFFFFFF0000000D0D0D1A1A1A2828283535354343435050505D5D5D6B6B6B787878868686939393A1A1A1AEAEAEBB
310
BBBBC9C9C9D6D6D6E4E4E4F1F1F1FFFFFF0000000000000000000000000000000000000000000000000000000000007C77BAA7000000B44944415478DAEDD0310100000C0220FBB7B48931760C22903E1701020408102040800001020408102040800001020408102040800001020408102040800001020408102040800001
310
020408102040800001020408102040800001020408102040800001020408102040800001020408102040800001020408102040800001020408102040800001020408102040800001020408102040800001020408102040800001020408102040800001020408102040C099016B33700943E05F3C0000000049454E44AE4260
310
82
  0
ENDSEC
  0
EOF
